Tab,Row in V3,Review group,Section,Page,Web address,Pick needed,Initial decision,Reason
Main site,2,1 Core pages,Top-level pages,Homepage,https://uncommonschools.org/,yes,Keep,"In the site menu; 753,254 views in 12 months."
Main site,3,1 Core pages,Top-level pages,Careers,https://uncommonschools.org/careers/,yes,Keep,"In the site menu; 64,567 views in 12 months."
Main site,4,1 Core pages,Top-level pages,About us,https://uncommonschools.org/about-us/,yes,Keep,"In the site menu; 13,605 views in 12 months."
Main site,5,1 Core pages,Top-level pages,Our people,https://uncommonschools.org/our-people/,yes,Keep,"In the site menu; 9,365 views in 12 months."
Main site,6,1 Core pages,Top-level pages,Enroll,https://uncommonschools.org/enroll/,yes,Keep,"In the site menu; 8,947 views in 12 months."
Main site,7,1 Core pages,Top-level pages,Our schools,https://uncommonschools.org/our-schools/,yes,Keep,"In the site menu; 8,928 views in 12 months."
Main site,8,1 Core pages,Top-level pages,Our approach,https://uncommonschools.org/our-approach/,yes,Keep,"In the site menu; 8,137 views in 12 months."
Main site,9,1 Core pages,Top-level pages,Referrals,https://uncommonschools.org/referrals/,yes,Keep,"In the site menu; 8,021 views in 12 months."
Main site,10,1 Core pages,Top-level pages,Contact us,https://uncommonschools.org/contact-us/,yes,Keep,"In the site menu; 7,224 views in 12 months."
Main site,11,1 Core pages,Top-level pages,Find a school,https://uncommonschools.org/find-a-school/,yes,Keep,"In the site menu; 6,197 views in 12 months."
Main site,12,1 Core pages,Top-level pages,Sharing our practices,https://uncommonschools.org/sharing-our-practices/,yes,Keep,"In the site menu; 4,234 views in 12 months."
Main site,13,1 Core pages,Top-level pages,Our roles,https://uncommonschools.org/our-roles/,yes,Keep,"In the site menu; 3,610 views in 12 months."
Main site,14,1 Core pages,Top-level pages,Professional development,https://uncommonschools.org/professional-development/,yes,Keep,"In the site menu; 3,584 views in 12 months."
Main site,15,1 Core pages,Top-level pages,Results,https://uncommonschools.org/results/,yes,Keep,"In the site menu; 3,416 views in 12 months."
Main site,16,1 Core pages,Top-level pages,The student experience,https://uncommonschools.org/the-student-experience/,yes,Keep,"In the site menu; 2,666 views in 12 months."
Main site,17,1 Core pages,Top-level pages,Donate,https://uncommonschools.org/donate/,yes,Keep,"In the site menu; 2,388 views in 12 months."
Main site,18,1 Core pages,Top-level pages,FAQ,https://uncommonschools.org/faq/,yes,Keep,"In the site menu; 2,094 views in 12 months."
Main site,19,1 Core pages,Top-level pages,Uncommon sense,https://uncommonschools.org/uncommon-sense/,yes,Keep,"In the site menu; 1,856 views in 12 months."
Main site,20,1 Core pages,Top-level pages,News,https://uncommonschools.org/news/,yes,Keep,"In the site menu; 1,621 views in 12 months."
Main site,21,1 Core pages,Top-level pages,Why uncommon,https://uncommonschools.org/why-uncommon/,yes,Keep,"In the site menu; 1,445 views in 12 months."
Main site,22,1 Core pages,Top-level pages,Press,https://uncommonschools.org/press/,yes,Keep,In the site menu; 755 views in 12 months.
Main site,23,1 Core pages,Top-level pages,Match your donation,https://uncommonschools.org/match-your-donation/,yes,Keep,"On the enroll, donate, or careers path; 71 views in 12 months."
Main site,24,1 Core pages,Top-level pages,Nyc enrollment,https://uncommonschools.org/nyc-enrollment/,yes,Keep,"On the enroll, donate, or careers path; 53 views in 12 months."
Main site,25,1 Core pages,Top-level pages,Nyc enrollment confirm,https://uncommonschools.org/nyc-enrollment-confirm/,yes,Keep,"On the enroll, donate, or careers path; 9 views in 12 months."
Main site,26,1 Core pages,Top-level pages,Donor dashboard,https://uncommonschools.org/donor-dashboard/,yes,Keep,"On the enroll, donate, or careers path; 7 views in 12 months."
Main site,27,1 Core pages,Top-level pages,Donation confirmation,https://uncommonschools.org/donation-confirmation/,yes,Keep,"On the enroll, donate, or careers path; 4 views in 12 months."
Main site,28,1 Core pages,Top-level pages,Donation failed,https://uncommonschools.org/donation-failed/,yes,Keep,"On the enroll, donate, or careers path; 4 views in 12 months."
Main site,29,1 Core pages,Careers,Jobs,https://uncommonschools.org/careers/jobs/,yes,Keep,"In the site menu; 609,140 views in 12 months."
Main site,30,1 Core pages,Careers,Thank you,https://uncommonschools.org/careers/thank-you/,yes,Keep,"On the enroll, donate, or careers path; 9 views in 12 months."
Main site,31,2 Legal and compliance,Top-level pages,Uncommon schools student data privacy notice,https://uncommonschools.org/uncommon-schools-student-data-privacy-notice/,yes,Keep,"Legal or compliance page; Miriam vets any change. 1,178 views in 12 months."
Main site,32,2 Legal and compliance,Top-level pages,Data privacy notice,https://uncommonschools.org/data-privacy-notice/,yes,Keep,"Legal or compliance page; Miriam vets any change. 1,038 views in 12 months."
Main site,33,2 Legal and compliance,Top-level pages,Current legal notices,https://uncommonschools.org/current-legal-notices/,yes,Keep,Legal or compliance page; Miriam vets any change. 828 views in 12 months.
Main site,34,2 Legal and compliance,Top-level pages,ADA notice,https://uncommonschools.org/ada-notice/,yes,Keep,Legal or compliance page; Miriam vets any change. 491 views in 12 months.
Main site,35,2 Legal and compliance,Top-level pages,Health and safety policies,https://uncommonschools.org/health-and-safety-policies/,yes,Keep,Legal or compliance page; Miriam vets any change. 33 views in 12 months.
Main site,36,2 Legal and compliance,News posts,Week march 29 tiered focus monitoring review roxbury prep,https://uncommonschools.org/boston/week-march-29-tiered-focus-monitoring-review-roxbury-prep/,yes,Keep,Legal or compliance page; Miriam vets any change. 11 views in 12 months.
Main site,37,3 Content pages,Top-level pages,Teachers,https://uncommonschools.org/teachers/,yes,Keep,"5,181 views in 12 months."
Main site,38,3 Content pages,Top-level pages,School operations,https://uncommonschools.org/school-operations/,yes,Keep,"4,534 views in 12 months."
Main site,39,3 Content pages,Top-level pages,Student support,https://uncommonschools.org/student-support/,yes,Keep,"4,238 views in 12 months."
Main site,40,3 Content pages,Top-level pages,School leaders,https://uncommonschools.org/school-leaders/,yes,Keep,"3,820 views in 12 months."
Main site,41,3 Content pages,Top-level pages,Home office,https://uncommonschools.org/home-office/,yes,Keep,"3,161 views in 12 months."
Main site,42,3 Content pages,Top-level pages,Alumni college grads,https://uncommonschools.org/alumni-college-grads/,yes,Keep,523 views in 12 months.
Main site,43,3 Content pages,Top-level pages,Alumni,https://uncommonschools.org/alumni/,yes,Keep,492 views in 12 months.
Main site,44,3 Content pages,Top-level pages,Uncommon leadership charter high school,https://uncommonschools.org/uncommon-leadership-charter-high-school/,yes,Keep,467 views in 12 months.
Main site,45,3 Content pages,Top-level pages,Kellyclarksonshow,https://uncommonschools.org/kellyclarksonshow/,yes,Keep,386 views in 12 months.
Main site,46,3 Content pages,Top-level pages,Alumni success coaches,https://uncommonschools.org/alumni-success-coaches/,yes,Keep,385 views in 12 months.
Main site,47,3 Content pages,Top-level pages,Apprentice teachers,https://uncommonschools.org/apprentice-teachers/,yes,Keep,360 views in 12 months.
Main site,48,3 Content pages,Top-level pages,Alumni deans list,https://uncommonschools.org/alumni-deans-list/,yes,Keep,302 views in 12 months.
Main site,49,3 Content pages,Top-level pages,Alumni spotlights,https://uncommonschools.org/alumni-spotlights/,yes,Keep,184 views in 12 months.
Main site,50,3 Content pages,Top-level pages,Teach at uncommon schools,https://uncommonschools.org/teach-at-uncommon-schools/,yes,Keep,183 views in 12 months.
Main site,51,3 Content pages,Top-level pages,What matters in math,https://uncommonschools.org/what-matters-in-math/,yes,Keep,120 views in 12 months.
Main site,52,3 Content pages,Top-level pages,Gma,https://uncommonschools.org/gma/,yes,Keep,95 views in 12 months.
Main site,53,3 Content pages,Top-level pages,Subscribe to uncommon alumni newsletters,https://uncommonschools.org/subscribe-to-uncommon-alumni-newsletters/,yes,Keep,68 views in 12 months.
Main site,54,3 Content pages,Top-level pages,Alumni events,https://uncommonschools.org/alumni-events/,yes,Keep,67 views in 12 months.
Main site,55,3 Content pages,Top-level pages,Ready4k,https://uncommonschools.org/ready4k/,yes,Keep,64 views in 12 months.
Main site,56,3 Content pages,Top-level pages,Alumni newsletter resources,https://uncommonschools.org/alumni-newsletter-resources/,yes,Keep,63 views in 12 months.
Main site,57,3 Content pages,Top-level pages,I3 evaluation,https://uncommonschools.org/i3-evaluation/,yes,Keep,61 views in 12 months.
Main site,58,3 Content pages,Top-level pages,College career resources,https://uncommonschools.org/college-career-resources/,yes,Keep,60 views in 12 months.
Main site,59,3 Content pages,Top-level pages,Alumni spotlights 2026 highlights,https://uncommonschools.org/alumni-spotlights-2026-highlights/,yes,Keep,57 views in 12 months.
Main site,60,3 Content pages,Top-level pages,Results 2 2,https://uncommonschools.org/results-2-2/,yes,Consolidate,Decided by hand: A second Results page; fold into Results.
Main site,61,3 Content pages,Top-level pages,Alumni impact contact us,https://uncommonschools.org/alumni-impact-contact-us/,yes,Consolidate,"Decided by hand: Fold into the Alumni page; 40 views, a contact form for one program."
Main site,62,3 Content pages,Top-level pages,Nyc school tours,https://uncommonschools.org/nyc-school-tours/,yes,Consolidate,"Decided by hand: Fold into nyc.uncommonschools.org/school-tours/, which has the same job and 407 views."
Main site,63,3 Content pages,Top-level pages,Subscribe to uncommon sense,https://uncommonschools.org/subscribe-to-uncommon-sense/,yes,Keep,Decided by hand: Sign-up page linked from 22 other pages.
Main site,64,3 Content pages,Top-level pages,Vote,https://uncommonschools.org/vote/,yes,Kill,Decided by hand: Dated 2023 page; 18 views.
Main site,65,3 Content pages,Top-level pages,World autism day,https://uncommonschools.org/world-autism-day/,yes,Kill,Decided by hand: Dated 2023 event page; 16 views.
Main site,66,3 Content pages,Top-level pages,2425survey guidelines,https://uncommonschools.org/2425survey-guidelines/,yes,Kill,Decided by hand: Guidelines for a 2024-25 survey; 15 views.
Main site,67,3 Content pages,Top-level pages,Sms,https://uncommonschools.org/sms/,yes,Keep,Decided by hand: Text-message sign-up page; pairs with Mobile terms and conditions.
Main site,68,3 Content pages,Top-level pages,Uncommon sense faq,https://uncommonschools.org/uncommon-sense-faq/,yes,Consolidate,Copy of Uncommon Sense FAQ (the blog's own FAQ page); fold into it.
Main site,69,3 Content pages,Top-level pages,Mobile terms and conditions,https://uncommonschools.org/mobile-terms-and-conditions/,yes,Keep,Decided by hand: Terms for the text-message program; Miriam vets any change.
Main site,70,3 Content pages,Top-level pages,Standard page,https://uncommonschools.org/standard-page/,yes,Kill,Decided by hand: Template leftover; 4 views.
Main site,71,3 Content pages,Top-level pages,Homepage 2,https://uncommonschools.org/homepage-2/,yes,Consolidate,Copy of the Homepage; fold into it.
Main site,72,3 Content pages,Books,Get better faster a 90 day plan for coaching new teachers,https://uncommonschools.org/books/get-better-faster-a-90-day-plan-for-coaching-new-teachers/,yes,Keep,"4,099 views in 12 months."
Main site,73,3 Content pages,Books,Leverage leadership a practical guide to building exceptional schools,https://uncommonschools.org/books/leverage-leadership-a-practical-guide-to-building-exceptional-schools/,yes,Keep,"2,514 views in 12 months."
Main site,74,3 Content pages,Books,Driven by data a practical guide to improve instruction,https://uncommonschools.org/books/driven-by-data-a-practical-guide-to-improve-instruction/,yes,Keep,"1,734 views in 12 months."
Main site,75,3 Content pages,Books,A principal managers guide to leverage leadership 2 0,https://uncommonschools.org/books/a-principal-managers-guide-to-leverage-leadership-2-0/,yes,Keep,403 views in 12 months.
Main site,76,3 Content pages,Books,Make history a practical guide for middle and high school history instruction grades 5 12,https://uncommonschools.org/books/make-history-a-practical-guide-for-middle-and-high-school-history-instruction-grades-5-12/,yes,Keep,365 views in 12 months.
Main site,77,3 Content pages,Books,Great habits great readers a practical guide for k 4 reading in the light of common core,https://uncommonschools.org/books/great-habits-great-readers-a-practical-guide-for-k-4-reading-in-the-light-of-common-core/,yes,Keep,267 views in 12 months.
Main site,78,3 Content pages,Books,Love and literacy,https://uncommonschools.org/books/love-and-literacy/,yes,Keep,203 views in 12 months.
Main site,79,3 Content pages,Books,Practice perfect 42 rules for getting better at getting better,https://uncommonschools.org/books/practice-perfect-42-rules-for-getting-better-at-getting-better/,yes,Keep,134 views in 12 months.
Main site,80,3 Content pages,Books,Reading reconsidered,https://uncommonschools.org/books/reading-reconsidered/,yes,Keep,95 views in 12 months.
Main site,81,3 Content pages,Impact blog,Evolving our illustrative math implementation lessons from year one,https://uncommonschools.org/uncommon-sense/evolving-our-illustrative-math-implementation-lessons-from-year-one/,yes,Keep,"Uncommon Sense post; the blog moves as one unit. 1,267 views in 12 months."
Main site,82,3 Content pages,Impact blog,New phonics program helps uncommon students become better readers,https://uncommonschools.org/uncommon-sense/new-phonics-program-helps-uncommon-students-become-better-readers/,yes,Keep,Uncommon Sense post; the blog moves as one unit. 976 views in 12 months.
Main site,83,3 Content pages,Impact blog,Uncommon schools adopts illustrative math to help dramatically accelerate student achievement,https://uncommonschools.org/uncommon-sense/uncommon-schools-adopts-illustrative-math-to-help-dramatically-accelerate-student-achievement/,yes,Keep,Uncommon Sense post; the blog moves as one unit. 850 views in 12 months.
Main site,84,3 Content pages,Impact blog,Viola davis teach us about preparing discourse,https://uncommonschools.org/uncommon-sense/viola-davis-teach-us-about-preparing-discourse/,yes,Keep,Uncommon Sense post; the blog moves as one unit. 613 views in 12 months.
Main site,85,3 Content pages,Impact blog,Daily note taking is key to success,https://uncommonschools.org/uncommon-sense/daily-note-taking-is-key-to-success/,yes,Keep,Uncommon Sense post; the blog moves as one unit. 367 views in 12 months.
Main site,86,3 Content pages,Impact blog,Look whos talking building a brave space in class,https://uncommonschools.org/uncommon-sense/look-whos-talking-building-a-brave-space-in-class/,yes,Keep,Uncommon Sense post; the blog moves as one unit. 328 views in 12 months.
Main site,87,3 Content pages,Impact blog,Make history real activate student engagement by giving access,https://uncommonschools.org/uncommon-sense/make-history-real-activate-student-engagement-by-giving-access/,yes,Keep,Uncommon Sense post; the blog moves as one unit. 327 views in 12 months.
Main site,88,3 Content pages,Impact blog,From good to great uncommon cultivates effective highly experienced teachers with the master teacher institute,https://uncommonschools.org/uncommon-sense/from-good-to-great-uncommon-cultivates-effective-highly-experienced-teachers-with-the-master-teacher-institute/,yes,Keep,Uncommon Sense post; the blog moves as one unit. 270 views in 12 months.
Main site,89,3 Content pages,Impact blog,Five ways to partner with families on the science of reading,https://uncommonschools.org/uncommon-sense/five-ways-to-partner-with-families-on-the-science-of-reading/,yes,Keep,Uncommon Sense post; the blog moves as one unit. 249 views in 12 months.
Main site,90,3 Content pages,Impact blog,Understanding complex history texts,https://uncommonschools.org/uncommon-sense/understanding-complex-history-texts/,yes,Keep,Uncommon Sense post; the blog moves as one unit. 202 views in 12 months.
Main site,91,3 Content pages,Impact blog,Introducing open source ap curriculum hub,https://uncommonschools.org/uncommon-sense/introducing-open-source-ap-curriculum-hub/,yes,Keep,Uncommon Sense post; the blog moves as one unit. 199 views in 12 months.
Main site,92,3 Content pages,Impact blog,Desmos drive mathematical dscourse,https://uncommonschools.org/uncommon-sense/desmos-drive-mathematical-dscourse/,yes,Keep,Uncommon Sense post; the blog moves as one unit. 151 views in 12 months.
Main site,93,3 Content pages,Impact blog,Let them embrace the challenge veteran math teacher shares her story of success,https://uncommonschools.org/uncommon-sense/let-them-embrace-the-challenge-veteran-math-teacher-shares-her-story-of-success/,yes,Keep,Uncommon Sense post; the blog moves as one unit. 150 views in 12 months.
Main site,94,3 Content pages,Impact blog,Studying our nations complicated history leveraging productive struggle for student growth,https://uncommonschools.org/uncommon-sense/studying-our-nations-complicated-history-leveraging-productive-struggle-for-student-growth/,yes,Keep,Uncommon Sense post; the blog moves as one unit. 144 views in 12 months.
Main site,95,3 Content pages,Impact blog,Using just in time instruction address covid learning loss,https://uncommonschools.org/uncommon-sense/using-just-in-time-instruction-address-covid-learning-loss/,yes,Keep,Uncommon Sense post; the blog moves as one unit. 133 views in 12 months.
Main site,96,3 Content pages,Impact blog,22 23 school year plans,https://uncommonschools.org/uncommon-sense/22-23-school-year-plans/,yes,Keep,Uncommon Sense post; the blog moves as one unit. 132 views in 12 months.
Main site,97,3 Content pages,Impact blog,Why your students should apply early decision,https://uncommonschools.org/uncommon-sense/why-your-students-should-apply-early-decision/,yes,Keep,Uncommon Sense post; the blog moves as one unit. 126 views in 12 months.
Main site,98,3 Content pages,Impact blog,Build better writers,https://uncommonschools.org/uncommon-sense/build-better-writers/,yes,Keep,Uncommon Sense post; the blog moves as one unit. 120 views in 12 months.
Main site,99,3 Content pages,Impact blog,Teaching what really matters in math,https://uncommonschools.org/uncommon-sense/teaching-what-really-matters-in-math/,yes,Keep,Uncommon Sense post; the blog moves as one unit. 119 views in 12 months.
Main site,100,3 Content pages,Impact blog,Yes you can teach sight words efficiently heres how,https://uncommonschools.org/uncommon-sense/yes-you-can-teach-sight-words-efficiently-heres-how/,yes,Keep,Uncommon Sense post; the blog moves as one unit. 114 views in 12 months.
Main site,101,3 Content pages,Impact blog,Beyond the chatbot why critical thinking and ethics are the real ai literacy,https://uncommonschools.org/uncommon-sense/beyond-the-chatbot-why-critical-thinking-and-ethics-are-the-real-ai-literacy/,yes,Keep,Uncommon Sense post; the blog moves as one unit. 110 views in 12 months.
Main site,102,3 Content pages,Impact blog,Uncommon schools social workers turn to ai to support work,https://uncommonschools.org/uncommon-sense/uncommon-schools-social-workers-turn-to-ai-to-support-work/,yes,Keep,Uncommon Sense post; the blog moves as one unit. 109 views in 12 months.
Main site,103,3 Content pages,Impact blog,Transforming principal diversity uncommon schools lead from within fellowship program empowers leaders of color,https://uncommonschools.org/uncommon-sense/transforming-principal-diversity-uncommon-schools-lead-from-within-fellowship-program-empowers-leaders-of-color/,yes,Keep,Uncommon Sense post; the blog moves as one unit. 90 views in 12 months.
Main site,104,3 Content pages,Impact blog,The missing ingredient in science of reading teacher and leader training,https://uncommonschools.org/uncommon-sense/the-missing-ingredient-in-science-of-reading-teacher-and-leader-training/,yes,Keep,Uncommon Sense post; the blog moves as one unit. 88 views in 12 months.
Main site,105,3 Content pages,Impact blog,Why trust and rapport matter to school leadership and how to foster it,https://uncommonschools.org/uncommon-sense/why-trust-and-rapport-matter-to-school-leadership-and-how-to-foster-it/,yes,Keep,Uncommon Sense post; the blog moves as one unit. 85 views in 12 months.
Main site,106,3 Content pages,Impact blog,Developing inspirational leaders connections purpose,https://uncommonschools.org/uncommon-sense/developing-inspirational-leaders-connections-purpose/,yes,Keep,Uncommon Sense post; the blog moves as one unit. 75 views in 12 months.
Main site,107,3 Content pages,Impact blog,Are students learning growing thriving,https://uncommonschools.org/uncommon-sense/are-students-learning-growing-thriving/,yes,Keep,Uncommon Sense post; the blog moves as one unit. 67 views in 12 months.
Main site,108,3 Content pages,Impact blog,Maximize summer school double down reading,https://uncommonschools.org/uncommon-sense/maximize-summer-school-double-down-reading/,yes,Keep,Uncommon Sense post; the blog moves as one unit. 64 views in 12 months.
Main site,109,3 Content pages,Impact blog,Surprising secrets to academic success,https://uncommonschools.org/uncommon-sense/surprising-secrets-to-academic-success/,yes,Keep,Uncommon Sense post; the blog moves as one unit. 63 views in 12 months.
Main site,110,3 Content pages,Impact blog,The power of peer mentorship,https://uncommonschools.org/uncommon-sense/the-power-of-peer-mentorship/,yes,Keep,Uncommon Sense post; the blog moves as one unit. 62 views in 12 months.
Main site,111,3 Content pages,Impact blog,One year anniversary,https://uncommonschools.org/uncommon-sense/one-year-anniversary/,yes,Keep,Uncommon Sense post; the blog moves as one unit. 53 views in 12 months.
Main site,112,3 Content pages,Impact blog,Breaking barriers to computer science,https://uncommonschools.org/uncommon-sense/breaking-barriers-to-computer-science/,yes,Keep,Uncommon Sense post; the blog moves as one unit. 44 views in 12 months.
Main site,113,3 Content pages,Impact blog,Sold a story is a renewed call to action,https://uncommonschools.org/uncommon-sense/sold-a-story-is-a-renewed-call-to-action/,yes,Keep,Uncommon Sense post; the blog moves as one unit. 42 views in 12 months.
Main site,114,3 Content pages,Impact blog,Plan reverse covid learning loss,https://uncommonschools.org/uncommon-sense/plan-reverse-covid-learning-loss/,yes,Keep,Uncommon Sense post; the blog moves as one unit. 35 views in 12 months.
Main site,115,3 Content pages,Impact blog,Why we held a coding camp for teachers this summer,https://uncommonschools.org/uncommon-sense/why-we-held-a-coding-camp-for-teachers-this-summer/,yes,Keep,Uncommon Sense post; the blog moves as one unit. 31 views in 12 months.
Main site,116,3 Content pages,Impact blog,Foster self love celebrate identity elementary classroom,https://uncommonschools.org/uncommon-sense/foster-self-love-celebrate-identity-elementary-classroom/,yes,Keep,Uncommon Sense post; the blog moves as one unit. 29 views in 12 months.
Main site,117,3 Content pages,News posts,18 seniors receive scholarships,https://uncommonschools.org/news/18-seniors-receive-scholarships/,yes,Keep,"1,043 views in 12 months."
Main site,118,3 Content pages,News posts,Uncommon schools visionaries documentary pbs,https://uncommonschools.org/news/uncommon-schools-visionaries-documentary-pbs/,yes,Keep,633 views in 12 months.
Main site,119,3 Content pages,News posts,Ai literacy newark,https://uncommonschools.org/news/ai-literacy-newark/,yes,Keep,589 views in 12 months.
Main site,120,3 Content pages,News posts,Summer teaching fellowship nbc new york story,https://uncommonschools.org/news/summer-teaching-fellowship-nbc-new-york-story/,yes,Keep,246 views in 12 months.
Main site,121,3 Content pages,News posts,Early decision admissions,https://uncommonschools.org/news/early-decision-admissions/,yes,Keep,212 views in 12 months.
Main site,122,3 Content pages,News posts,Teach like a champion new guide online teaching learning,https://uncommonschools.org/news/teach-like-a-champion-new-guide-online-teaching-learning/,yes,Keep,138 views in 12 months.
Main site,123,3 Content pages,News posts,Uncommon opens new elementary school in williamsburg,https://uncommonschools.org/new-york-city/uncommon-opens-new-elementary-school-in-williamsburg/,yes,Keep,105 views in 12 months.
Main site,124,3 Content pages,News posts,A call to teach,https://uncommonschools.org/news/a-call-to-teach/,yes,Keep,95 views in 12 months.
Main site,125,3 Content pages,News posts,Six roxbury prep seniors secure full ride scholarships to prestigious colleges,https://uncommonschools.org/news/six-roxbury-prep-seniors-secure-full-ride-scholarships-to-prestigious-colleges/,yes,Keep,77 views in 12 months.
Main site,126,3 Content pages,News posts,It starts with phonics chief schools officer k 8 juliana worrell appears on bnc to discuss reading education,https://uncommonschools.org/news/it-starts-with-phonics-chief-schools-officer-k-8-juliana-worrell-appears-on-bnc-to-discuss-reading-education/,yes,Keep,76 views in 12 months.
Main site,127,3 Content pages,News posts,Paul powell three factors that have an impact on students lives,https://uncommonschools.org/news/paul-powell-three-factors-that-have-an-impact-on-students-lives/,yes,Keep,76 views in 12 months.
Main site,128,3 Content pages,News posts,Teacher perspective uncommon demands,https://uncommonschools.org/news/teacher-perspective-uncommon-demands/,yes,Keep,68 views in 12 months.
Main site,129,3 Content pages,News posts,Nyt op ed college application sell my pain,https://uncommonschools.org/news/nyt-op-ed-college-application-sell-my-pain/,yes,Keep,66 views in 12 months.
Main site,130,3 Content pages,News posts,Bnc art worrell on the importance of access to advanced placement courses,https://uncommonschools.org/news/bnc-art-worrell-on-the-importance-of-access-to-advanced-placement-courses/,yes,Keep,63 views in 12 months.
Main site,131,3 Content pages,News posts,Leadership prep canarsie wins sports grant,https://uncommonschools.org/news/leadership-prep-canarsie-wins-sports-grant/,yes,Keep,60 views in 12 months.
Main site,132,3 Content pages,News posts,Camden prep student new high school nbc10,https://uncommonschools.org/camden/camden-prep-student-new-high-school-nbc10/,yes,Keep,53 views in 12 months.
Main site,133,3 Content pages,News posts,North stars mike taubman what a moral philosophy course offers high school students,https://uncommonschools.org/news/north-stars-mike-taubman-what-a-moral-philosophy-course-offers-high-school-students/,yes,Keep,53 views in 12 months.
Main site,134,3 Content pages,News posts,Class of 2024 success rphs,https://uncommonschools.org/news/class-of-2024-success-rphs/,yes,Keep,51 views in 12 months.
Main site,135,3 Content pages,News posts,Julie jackson the black wall street times,https://uncommonschools.org/news/julie-jackson-the-black-wall-street-times/,yes,Keep,50 views in 12 months.
Main site,136,3 Content pages,News posts,Rochester prep students earn full scholarships to prestigious colleges,https://uncommonschools.org/rochester/rochester-prep-students-earn-full-scholarships-to-prestigious-colleges/,yes,Kill,Old news (2023); 48 views in 12 months.
Main site,137,3 Content pages,News posts,Williamsburg elementary celebrates student reading achievements,https://uncommonschools.org/news/williamsburg-elementary-celebrates-student-reading-achievements/,yes,Keep,News from 2024; 46 views in 12 months.
Main site,138,3 Content pages,News posts,Eir grant,https://uncommonschools.org/news/eir-grant/,yes,Kill,Old news (2022); 45 views in 12 months.
Main site,139,3 Content pages,News posts,North star principal joins panel discussion on school reopening,https://uncommonschools.org/newark/north-star-principal-joins-panel-discussion-on-school-reopening/,yes,Kill,Old news (2020); 44 views in 12 months.
Main site,140,3 Content pages,News posts,Neurodiverse camden prep high schoolers mentor younger students with disabilities,https://uncommonschools.org/news/neurodiverse-camden-prep-high-schoolers-mentor-younger-students-with-disabilities/,yes,Keep,News from 2024; 42 views in 12 months.
Main site,141,3 Content pages,News posts,Rit rochester prep,https://uncommonschools.org/rochester/rit-rochester-prep/,yes,Kill,Old news (2022); 42 views in 12 months.
Main site,142,3 Content pages,News posts,Cbs news uncommon camden prep celebrates success of turnaround efforts,https://uncommonschools.org/news/cbs-news-uncommon-camden-prep-celebrates-success-of-turnaround-efforts/,yes,Kill,Old news (2023); 42 views in 12 months.
Main site,143,3 Content pages,News posts,Roxbury prep teacher shortage,https://uncommonschools.org/news/roxbury-prep-teacher-shortage/,yes,Kill,Old news (2023); 40 views in 12 months.
Main site,144,3 Content pages,News posts,Brooklyn students move on to next phase of their journey,https://uncommonschools.org/new-york-city/brooklyn-students-move-on-to-next-phase-of-their-journey/,yes,Kill,Old news (2022); 40 views in 12 months.
Main site,145,3 Content pages,News posts,Rochester prep celebrates senior signing day,https://uncommonschools.org/news/rochester-prep-celebrates-senior-signing-day/,yes,Kill,Old news (2023); 39 views in 12 months.
Main site,146,3 Content pages,News posts,Camden prep ribbon cutting,https://uncommonschools.org/news/camden-prep-ribbon-cutting/,yes,Keep,News from 2024; 38 views in 12 months.
Main site,147,3 Content pages,News posts,Uncommon sense blog,https://uncommonschools.org/news/uncommon-sense-blog/,yes,Kill,Old news (2021); 37 views in 12 months.
Main site,148,3 Content pages,News posts,Morehouse men visit excellence boys brooklyn,https://uncommonschools.org/new-york-city/morehouse-men-visit-excellence-boys-brooklyn/,yes,Kill,Old news (2023); 36 views in 12 months.
Main site,149,3 Content pages,News posts,New principal new high school in camden,https://uncommonschools.org/news/new-principal-new-high-school-in-camden/,yes,Kill,Old news (2021); 36 views in 12 months.
Main site,150,3 Content pages,News posts,What students told us they love about 5 stellar teachers,https://uncommonschools.org/news/what-students-told-us-they-love-about-5-stellar-teachers/,yes,Kill,Old news (2022); 34 views in 12 months.
Main site,151,3 Content pages,News posts,Camden prep teacher competes on survivor season 43,https://uncommonschools.org/news/camden-prep-teacher-competes-on-survivor-season-43/,yes,Kill,Old news (2022); 33 views in 12 months.
Main site,152,3 Content pages,News posts,Brooklyn patch ulchs grads college,https://uncommonschools.org/news/brooklyn-patch-ulchs-grads-college/,yes,Kill,Old news (2021); 32 views in 12 months.
Main site,153,3 Content pages,News posts,Roxbury parents fight hunger,https://uncommonschools.org/news/roxbury-parents-fight-hunger/,yes,Kill,Old news (2023); 31 views in 12 months.
Main site,154,3 Content pages,News posts,Governor murphy is right to focus on literacy,https://uncommonschools.org/news/governor-murphy-is-right-to-focus-on-literacy/,yes,Keep,News from 2024; 28 views in 12 months.
Main site,155,3 Content pages,News posts,A principal discovers his passion at morehouse,https://uncommonschools.org/news/a-principal-discovers-his-passion-at-morehouse/,yes,Kill,Old news (2019); 27 views in 12 months.
Main site,156,3 Content pages,News posts,North star academy students earn pretigous questbridge scholarships,https://uncommonschools.org/news/north-star-academy-students-earn-pretigous-questbridge-scholarships/,yes,Keep,News from 2024; 26 views in 12 months.
Main site,157,3 Content pages,News posts,Julie jackson named uncommon schools president,https://uncommonschools.org/news/julie-jackson-named-uncommon-schools-president/,yes,Keep,News from 2025; 26 views in 12 months.
Main site,158,3 Content pages,News posts,Morehouse students visit uncommon,https://uncommonschools.org/news/morehouse-students-visit-uncommon/,yes,Kill,Old news (2020); 26 views in 12 months.
Main site,159,3 Content pages,News posts,Newark high school students fight for menstrual equity,https://uncommonschools.org/news/newark-high-school-students-fight-for-menstrual-equity/,yes,Kill,Old news (2023); 26 views in 12 months.
Main site,160,3 Content pages,News posts,Stanford ai curriculum debuts in newarks uncommon schools network,https://uncommonschools.org/news/stanford-ai-curriculum-debuts-in-newarks-uncommon-schools-network/,yes,Keep,News from 2025; 25 views in 12 months.
Main site,161,3 Content pages,News posts,Newmarket building,https://uncommonschools.org/boston/newmarket-building/,yes,Kill,Old news (2022); 25 views in 12 months.
Main site,162,3 Content pages,News posts,Roxbury prep football makes history,https://uncommonschools.org/news/roxbury-prep-football-makes-history/,yes,Kill,Old news (2019); 25 views in 12 months.
Main site,163,3 Content pages,News posts,Roc teacher shortages,https://uncommonschools.org/rochester/roc-teacher-shortages/,yes,Kill,Old news (2022); 25 views in 12 months.
Main site,164,3 Content pages,News posts,Roxbury prep is focused on solving bostons teacher shortage,https://uncommonschools.org/news/roxbury-prep-is-focused-on-solving-bostons-teacher-shortage/,yes,Kill,Old news (2023); 25 views in 12 months.
Main site,165,3 Content pages,News posts,Learning ai newark students look to the future,https://uncommonschools.org/news/learning-ai-newark-students-look-to-the-future/,yes,Keep,News from 2025; 23 views in 12 months.
Main site,166,3 Content pages,News posts,Roxbury prep hs silent protest city hall,https://uncommonschools.org/news/roxbury-prep-hs-silent-protest-city-hall/,yes,Kill,Old news (2020); 23 views in 12 months.
Main site,167,3 Content pages,News posts,Uncommon leaders tfa school leaders of color conference,https://uncommonschools.org/news/uncommon-leaders-tfa-school-leaders-of-color-conference/,yes,Kill,Old news (2020); 21 views in 12 months.
Main site,168,3 Content pages,News posts,13 uncommon seniors receive questbridge scholarships to top schools,https://uncommonschools.org/news/13-uncommon-seniors-receive-questbridge-scholarships-to-top-schools/,yes,Kill,Old news (2021); 21 views in 12 months.
Main site,169,3 Content pages,News posts,Roxbury prep rally vote high school building,https://uncommonschools.org/news/roxbury-prep-rally-vote-high-school-building/,yes,Kill,Old news (2020); 20 views in 12 months.
Main site,170,3 Content pages,News posts,Roxbury prep students share their stories at parade,https://uncommonschools.org/news/roxbury-prep-students-share-their-stories-at-parade/,yes,Kill,Old news (2019); 20 views in 12 months.
Main site,171,3 Content pages,News posts,Camden prep mt ephraim campus reopens after renovations,https://uncommonschools.org/news/camden-prep-mt-ephraim-campus-reopens-after-renovations/,yes,Kill,Old news (2019); 20 views in 12 months.
Main site,172,3 Content pages,News posts,Uncommon schools awarded special education grant,https://uncommonschools.org/news/uncommon-schools-awarded-special-education-grant/,yes,Kill,Old news (2020); 20 views in 12 months.
Main site,173,3 Content pages,News posts,Together we are here,https://uncommonschools.org/news/together-we-are-here/,yes,Kill,Old news (2020); 19 views in 12 months.
Main site,174,3 Content pages,News posts,Schools namesake celebrated by dorchester historical society,https://uncommonschools.org/news/schools-namesake-celebrated-by-dorchester-historical-society/,yes,Kill,Old news (2019); 19 views in 12 months.
Main site,175,3 Content pages,News posts,Julie jackson speaks to educators in london,https://uncommonschools.org/news/julie-jackson-speaks-to-educators-in-london/,yes,Kill,Old news (2019); 19 views in 12 months.
Main site,176,3 Content pages,News posts,Today hosts go back to school with uncommon,https://uncommonschools.org/news/today-hosts-go-back-to-school-with-uncommon/,yes,Kill,Old news (2019); 19 views in 12 months.
Main site,177,3 Content pages,News posts,Alumni persist in college with continued support,https://uncommonschools.org/news/alumni-persist-in-college-with-continued-support/,yes,Kill,Old news (2020); 18 views in 12 months.
Main site,178,3 Content pages,News posts,Making together here video,https://uncommonschools.org/news/making-together-here-video/,yes,Kill,Old news (2020); 18 views in 12 months.
Main site,179,3 Content pages,News posts,North star academy graduates celebrate the coming journey,https://uncommonschools.org/newark/north-star-academy-graduates-celebrate-the-coming-journey/,yes,Kill,Old news (2022); 18 views in 12 months.
Main site,180,3 Content pages,News posts,Nj students receive prestigious questbridge scholarships,https://uncommonschools.org/news/nj-students-receive-prestigious-questbridge-scholarships/,yes,Keep,News from 2024; 17 views in 12 months.
Main site,181,3 Content pages,News posts,Youth in newark empowered to vote school board for the first time,https://uncommonschools.org/news/youth-in-newark-empowered-to-vote-school-board-for-the-first-time/,yes,Keep,News from 2025; 17 views in 12 months.
Main site,182,3 Content pages,News posts,76ers recognize camden prep student and staff,https://uncommonschools.org/news/76ers-recognize-camden-prep-student-and-staff/,yes,Kill,Old news (2020); 17 views in 12 months.
Main site,183,3 Content pages,News posts,Mission hill graduating senior looks towards a career in health science will attend bu in the fall,https://uncommonschools.org/news/mission-hill-graduating-senior-looks-towards-a-career-in-health-science-will-attend-bu-in-the-fall/,yes,Kill,Old news (2022); 17 views in 12 months.
Main site,184,3 Content pages,News posts,Rochester prep teacher shares first year teaching experience,https://uncommonschools.org/news/rochester-prep-teacher-shares-first-year-teaching-experience/,yes,Kill,Old news (2019); 17 views in 12 months.
Main site,185,3 Content pages,News posts,Roxbury prep alumna summer teaching fellow,https://uncommonschools.org/news/roxbury-prep-alumna-summer-teaching-fellow/,yes,Kill,Old news (2020); 17 views in 12 months.
Main site,186,3 Content pages,News posts,Roxbury prep graduates its first high school class,https://uncommonschools.org/news/roxbury-prep-graduates-its-first-high-school-class/,yes,Kill,Old news (2019); 17 views in 12 months.
Main site,187,3 Content pages,News posts,Nj students receive scholarships for college education,https://uncommonschools.org/news/nj-students-receive-scholarships-for-college-education/,yes,Keep,News from 2024; 16 views in 12 months.
Main site,188,3 Content pages,News posts,From classroom to campus how this newark school sends 90 of students to college,https://uncommonschools.org/news/from-classroom-to-campus-how-this-newark-school-sends-90-of-students-to-college/,yes,Keep,News from 2025; 15 views in 12 months.
Main site,189,3 Content pages,News posts,Nfi unique program,https://uncommonschools.org/news/nfi-unique-program/,yes,Keep,News from 2024; 15 views in 12 months.
Main site,190,3 Content pages,News posts,North star welcomes next year s kindergarteners,https://uncommonschools.org/news/north-star-welcomes-next-year-s-kindergarteners/,yes,Keep,News from 2024; 15 views in 12 months.
Main site,191,3 Content pages,News posts,Camden prep hs students dive into stem with robotics,https://uncommonschools.org/news/camden-prep-hs-students-dive-into-stem-with-robotics/,yes,Kill,Old news (2021); 15 views in 12 months.
Main site,192,3 Content pages,News posts,Uncommon schools summer program is helping college students become teachers,https://uncommonschools.org/news/uncommon-schools-summer-program-is-helping-college-students-become-teachers/,yes,Kill,Old news (2022); 15 views in 12 months.
Main site,193,3 Content pages,News posts,Camden prep students head back to class at brand new school building i want to be successful,https://uncommonschools.org/camden/camden-prep-students-head-back-to-class-at-brand-new-school-building-i-want-to-be-successful/,yes,Kill,Old news (2023); 14 views in 12 months.
Main site,194,3 Content pages,News posts,Jody jones discusses leadership with the accelerate institute,https://uncommonschools.org/news/jody-jones-discusses-leadership-with-the-accelerate-institute/,yes,Kill,Old news (2023); 14 views in 12 months.
Main site,195,3 Content pages,News posts,School leaders view nycs new chancellor admitted were teaching reading all wrong now is the time to get it right,https://uncommonschools.org/news/school-leaders-view-nycs-new-chancellor-admitted-were-teaching-reading-all-wrong-now-is-the-time-to-get-it-right/,yes,Kill,Old news (2023); 14 views in 12 months.
Main site,196,3 Content pages,News posts,Uncommon leaders share 5 recommendations with nyc mayor elect adams,https://uncommonschools.org/news/uncommon-leaders-share-5-recommendations-with-nyc-mayor-elect-adams/,yes,Kill,Old news (2021); 14 views in 12 months.
Main site,197,3 Content pages,News posts,Whitemire high school 2 0,https://uncommonschools.org/news/whitemire-high-school-2-0/,yes,Kill,Old news (2020); 14 views in 12 months.
Main site,198,3 Content pages,News posts,Report newark students enrolled in charter schools see improvements in math and reading scores,https://uncommonschools.org/news/report-newark-students-enrolled-in-charter-schools-see-improvements-in-math-and-reading-scores/,yes,Kill,Old news (2020); 14 views in 12 months.
Main site,199,3 Content pages,News posts,3 guiding principles transition remote learning,https://uncommonschools.org/news/3-guiding-principles-transition-remote-learning/,yes,Kill,Old news (2020); 13 views in 12 months.
Main site,200,3 Content pages,News posts,The karen hunter show featuring juliana worrell how can schools close learning gaps caused by the pandemic,https://uncommonschools.org/news/the-karen-hunter-show-featuring-juliana-worrell-how-can-schools-close-learning-gaps-caused-by-the-pandemic/,yes,Kill,Old news (2023); 13 views in 12 months.
Main site,201,3 Content pages,News posts,Colleges must extend enrollment deadlines after fafsa delays,https://uncommonschools.org/news/colleges-must-extend-enrollment-deadlines-after-fafsa-delays/,yes,Keep,News from 2024; 13 views in 12 months.
Main site,202,3 Content pages,News posts,Recognize the beauty powerful video of boys saying affirmations in mirror puts ny students in spotlight,https://uncommonschools.org/news/recognize-the-beauty-powerful-video-of-boys-saying-affirmations-in-mirror-puts-ny-students-in-spotlight/,yes,Kill,Old news (2023); 13 views in 12 months.
Main site,203,3 Content pages,News posts,Roxbury prep hs principal a hero among us,https://uncommonschools.org/news/roxbury-prep-hs-principal-a-hero-among-us/,yes,Kill,Old news (2020); 13 views in 12 months.
Main site,204,3 Content pages,News posts,Uncommon builds online hs,https://uncommonschools.org/news/uncommon-builds-online-hs/,yes,Kill,Old news (2020); 13 views in 12 months.
Main site,205,3 Content pages,News posts,Https www inquirer com education camden prep high school renaissance founding class 20240614 html,https://uncommonschools.org/news/https-www-inquirer-com-education-camden-prep-high-school-renaissance-founding-class-20240614-html/,yes,Keep,News from 2024; 12 views in 12 months.
Main site,206,3 Content pages,News posts,North star academy seniors celebrate drive thru graduation,https://uncommonschools.org/news/north-star-academy-seniors-celebrate-drive-thru-graduation/,yes,Kill,Old news (2020); 12 views in 12 months.
Main site,207,3 Content pages,News posts,Boston globe editorial roxbury prep high school equitable city,https://uncommonschools.org/news/boston-globe-editorial-roxbury-prep-high-school-equitable-city/,yes,Kill,Old news (2020); 12 views in 12 months.
Main site,208,3 Content pages,News posts,Camden prep ms graduates first class,https://uncommonschools.org/news/camden-prep-ms-graduates-first-class/,yes,Kill,Old news (2020); 12 views in 12 months.
Main site,209,3 Content pages,News posts,Reinventing education amid pandemic,https://uncommonschools.org/news/reinventing-education-amid-pandemic/,yes,Kill,Old news (2020); 12 views in 12 months.
Main site,210,3 Content pages,News posts,Roxbury prep plans for remote learning,https://uncommonschools.org/news/roxbury-prep-plans-for-remote-learning/,yes,Kill,Old news (2020); 12 views in 12 months.
Main site,211,3 Content pages,News posts,Uncommon mental health day,https://uncommonschools.org/news/uncommon-mental-health-day/,yes,Kill,Old news (2020); 11 views in 12 months.
Main site,212,3 Content pages,News posts,We are one uncommon,https://uncommonschools.org/news/we-are-one-uncommon/,yes,Kill,Old news (2022); 11 views in 12 months.
Main site,213,3 Content pages,News posts,Charter school leaders invite democratic presidential candidates to visit,https://uncommonschools.org/news/charter-school-leaders-invite-democratic-presidential-candidates-to-visit/,yes,Kill,Old news (2019); 11 views in 12 months.
Main site,214,3 Content pages,News posts,Nasa engineer visits rochester prep,https://uncommonschools.org/news/nasa-engineer-visits-rochester-prep/,yes,Keep,News from 2024; 11 views in 12 months.
Main site,215,3 Content pages,News posts,This third grade newark teacher is turning real world news into dei lessons,https://uncommonschools.org/news/this-third-grade-newark-teacher-is-turning-real-world-news-into-dei-lessons/,yes,Keep,News from 2025; 11 views in 12 months.
Main site,216,3 Content pages,News posts,Bow ties with a cause,https://uncommonschools.org/news/bow-ties-with-a-cause/,yes,Kill,Old news (2019); 11 views in 12 months.
Main site,217,3 Content pages,News posts,College data ranks charter alumni growth,https://uncommonschools.org/news/college-data-ranks-charter-alumni-growth/,yes,Kill,Old news (2019); 11 views in 12 months.
Main site,218,3 Content pages,News posts,Rochester prep west campus identified as recognition school,https://uncommonschools.org/news/rochester-prep-west-campus-identified-as-recognition-school/,yes,Kill,Old news (2019); 11 views in 12 months.
Main site,219,3 Content pages,News posts,Roxbury prep git lit slam,https://uncommonschools.org/news/roxbury-prep-git-lit-slam/,yes,Kill,Old news (2020); 11 views in 12 months.
Main site,220,3 Content pages,News posts,Roxbury prep principal and alumna featured by wbz tv,https://uncommonschools.org/news/roxbury-prep-principal-and-alumna-featured-by-wbz-tv/,yes,Kill,Old news (2019); 11 views in 12 months.
Main site,221,3 Content pages,News posts,Uncommon hs students research microplastics,https://uncommonschools.org/news/uncommon-hs-students-research-microplastics/,yes,Kill,Old news (2020); 11 views in 12 months.
Main site,222,3 Content pages,News posts,Spotlighting efforts to boost reading proficiency,https://uncommonschools.org/news/spotlighting-efforts-to-boost-reading-proficiency/,yes,Kill,Old news (2023); 10 views in 12 months.
Main site,223,3 Content pages,News posts,Uncommon excellence girls on gma3,https://uncommonschools.org/news/uncommon-excellence-girls-on-gma3/,yes,Keep,News from 2024; 10 views in 12 months.
Main site,224,3 Content pages,News posts,Camden prep student launches own business,https://uncommonschools.org/camden/camden-prep-student-launches-own-business/,yes,Kill,Old news (2023); 10 views in 12 months.
Main site,225,3 Content pages,News posts,Excellence boys protest march,https://uncommonschools.org/news/excellence-boys-protest-march/,yes,Kill,Old news (2020); 10 views in 12 months.
Main site,226,3 Content pages,News posts,North star plans remote start school year,https://uncommonschools.org/news/north-star-plans-remote-start-school-year/,yes,Kill,Old news (2020); 10 views in 12 months.
Main site,227,3 Content pages,News posts,Senior signing day at roxbury prep,https://uncommonschools.org/news/senior-signing-day-at-roxbury-prep/,yes,Kill,Old news (2022); 10 views in 12 months.
Main site,228,3 Content pages,News posts,Tapinto camden camcare vaccines,https://uncommonschools.org/news/tapinto-camden-camcare-vaccines/,yes,Kill,Old news (2021); 10 views in 12 months.
Main site,229,3 Content pages,News posts,Uncommon seniors featured on good morning america,https://uncommonschools.org/newark/uncommon-seniors-featured-on-good-morning-america/,yes,Keep,News from 2024; 10 views in 12 months.
Main site,230,3 Content pages,News posts,Reflections on el paso and dayton,https://uncommonschools.org/news/reflections-on-el-paso-and-dayton/,yes,Kill,Old news (2019); 10 views in 12 months.
Main site,231,3 Content pages,News posts,Literacy nonprofit donates books pandemic,https://uncommonschools.org/news/literacy-nonprofit-donates-books-pandemic/,yes,Kill,Old news (2020); 9 views in 12 months.
Main site,232,3 Content pages,News posts,Uncommon virtual k8,https://uncommonschools.org/news/uncommon-virtual-k8/,yes,Kill,Old news (2020); 9 views in 12 months.
Main site,233,3 Content pages,News posts,North star academy 2025 seniors announce college decisions,https://uncommonschools.org/news/north-star-academy-2025-seniors-announce-college-decisions/,yes,Keep,News from 2025; 9 views in 12 months.
Main site,234,3 Content pages,News posts,Pi day at roxbury prep charter school,https://uncommonschools.org/boston/pi-day-at-roxbury-prep-charter-school/,yes,Kill,Old news (2022); 9 views in 12 months.
Main site,235,3 Content pages,News posts,Rochester prep students discover rare bacterium,https://uncommonschools.org/news/rochester-prep-students-discover-rare-bacterium/,yes,Kill,Old news (2019); 9 views in 12 months.
Main site,236,3 Content pages,News posts,Roxbury parent to boston mayor,https://uncommonschools.org/news/roxbury-parent-to-boston-mayor/,yes,Kill,Old news (2020); 9 views in 12 months.
Main site,237,3 Content pages,News posts,Tapinto newark students celebrate college acceptances after year uncertainty,https://uncommonschools.org/news/tapinto-newark-students-celebrate-college-acceptances-after-year-uncertainty/,yes,Kill,Old news (2021); 9 views in 12 months.
Main site,238,3 Content pages,News posts,Uncommon district second workshop,https://uncommonschools.org/news/uncommon-district-second-workshop/,yes,Kill,Old news (2020); 9 views in 12 months.
Main site,239,3 Content pages,News posts,Roxbury prep newmarket revitalization,https://uncommonschools.org/news/roxbury-prep-newmarket-revitalization/,yes,Keep,News from 2024; 8 views in 12 months.
Main site,240,3 Content pages,News posts,Hofstra uchs teaching placements,https://uncommonschools.org/news/hofstra-uchs-teaching-placements/,yes,Kill,Old news (2020); 8 views in 12 months.
Main site,241,3 Content pages,News posts,Uncommon new york city elementary school scholars featured on the kelly clarkson show,https://uncommonschools.org/new-york-city/uncommon-new-york-city-elementary-school-scholars-featured-on-the-kelly-clarkson-show/,yes,Keep,News from 2024; 8 views in 12 months.
Main site,242,3 Content pages,News posts,New test scores confirm what north stars been doing right all along,https://uncommonschools.org/news/new-test-scores-confirm-what-north-stars-been-doing-right-all-along/,yes,Keep,News from 2025; 7 views in 12 months.
Main site,243,3 Content pages,News posts,Roxbury prep principal and alumna honored,https://uncommonschools.org/news/roxbury-prep-principal-and-alumna-honored/,yes,Kill,Old news (2019); 7 views in 12 months.
Main site,244,3 Content pages,News posts,Recovering from remote learnings shortfalls,https://uncommonschools.org/news/recovering-from-remote-learnings-shortfalls/,yes,Kill,Old news (2023); 7 views in 12 months.
Main site,245,3 Content pages,News posts,Rochester prep virtual college signing,https://uncommonschools.org/news/rochester-prep-virtual-college-signing/,yes,Kill,Old news (2020); 7 views in 12 months.
Main site,246,3 Content pages,News posts,North star academy wins college success award,https://uncommonschools.org/news/north-star-academy-wins-college-success-award/,yes,Kill,Old news (2019); 7 views in 12 months.
Main site,247,3 Content pages,News posts,Breaking barriers record number of north star students earn full rides to elite colleges,https://uncommonschools.org/news/breaking-barriers-record-number-of-north-star-students-earn-full-rides-to-elite-colleges/,yes,Keep,News from 2025; 6 views in 12 months.
Main site,248,3 Content pages,News posts,Roxbury prep alumna period kits pandemic,https://uncommonschools.org/news/roxbury-prep-alumna-period-kits-pandemic/,yes,Kill,Old news (2020); 6 views in 12 months.
Main site,249,3 Content pages,News posts,Honoring the legacy of jaimie magee lesnick at rochester prep,https://uncommonschools.org/rochester/honoring-the-legacy-of-jaimie-magee-lesnick-at-rochester-prep/,yes,Keep,News from 2025; 5 views in 12 months.
Main site,250,3 Content pages,News posts,Uncommon schools north star academy 4th graders get empowered,https://uncommonschools.org/newark/uncommon-schools-north-star-academy-4th-graders-get-empowered/,yes,Keep,News from 2024; 5 views in 12 months.
Main site,251,3 Content pages,News posts,Corey madison testifies newark,https://uncommonschools.org/news/corey-madison-testifies-newark/,yes,Kill,Old news (2023); 5 views in 12 months.
Main site,252,3 Content pages,News posts,Roxbury prep athlete signs georgetown,https://uncommonschools.org/news/roxbury-prep-athlete-signs-georgetown/,yes,Kill,Old news (2020); 5 views in 12 months.
Main site,253,3 Content pages,News posts,Roxbury prep virtual college signing day,https://uncommonschools.org/news/roxbury-prep-virtual-college-signing-day/,yes,Kill,Old news (2020); 5 views in 12 months.
Main site,254,3 Content pages,News posts,Camden prep students celebrate black history month,https://uncommonschools.org/news/camden-prep-students-celebrate-black-history-month/,yes,Kill,Old news (2020); 4 views in 12 months.
Main site,255,3 Content pages,News posts,Making remote learning easier and engaging,https://uncommonschools.org/news/making-remote-learning-easier-and-engaging/,yes,Kill,Old news (2020); 3 views in 12 months.
Main site,256,3 Content pages,News posts,Digital parenting raising the a i generation,https://uncommonschools.org/news/digital-parenting-raising-the-a-i-generation/,yes,Keep,News from 2024; 3 views in 12 months.
Main site,257,3 Content pages,News posts,Teachers gather for first charter district collab of school year,https://uncommonschools.org/news/teachers-gather-for-first-charter-district-collab-of-school-year/,yes,Kill,Old news (2020); 3 views in 12 months.
Main site,258,3 Content pages,News posts,Arroyo to bpda do the right thing,https://uncommonschools.org/news/arroyo-to-bpda-do-the-right-thing/,yes,Kill,Old news (2020); 2 views in 12 months.
Main site,259,3 Content pages,News posts,Camden prep transitions online learning,https://uncommonschools.org/news/camden-prep-transitions-online-learning/,yes,Kill,Old news (2020); 2 views in 12 months.
Main site,260,3 Content pages,Sharing our practices,New principal residency program,https://uncommonschools.org/sharing-our-practices/new-principal-residency-program/,yes,Keep,947 views in 12 months.
Main site,261,4 Content not readable from outside,Staff profiles,All 106 live staff profiles (one pick covers the set),,set,Undecided,Bios can't be read from outside; Our People owner decides. 33 of the 106 are not linked from the Our People page: confirm they are still on staff.
Main site,262,4 Content not readable from outside,Staff profiles,Paul bambrick santoyo,https://uncommonschools.org/people/paul-bambrick-santoyo/,in a set,Undecided,Bio can't be read from outside; Our People owner decides. Not linked from the Our People page: confirm still on staff.
Main site,263,4 Content not readable from outside,Staff profiles,Julie jackson 2,https://uncommonschools.org/people/julie-jackson-2/,in a set,Undecided,Bio can't be read from outside; Our People owner decides.
Main site,264,4 Content not readable from outside,Staff profiles,Brett peiser,https://uncommonschools.org/people/brett-peiser/,in a set,Undecided,Bio can't be read from outside; Our People owner decides.
Main site,265,4 Content not readable from outside,Staff profiles,Juliana worrell,https://uncommonschools.org/people/juliana-worrell/,in a set,Undecided,Bio can't be read from outside; Our People owner decides.
Main site,266,4 Content not readable from outside,Staff profiles,Michael blake,https://uncommonschools.org/people/michael-blake/,in a set,Undecided,Bio can't be read from outside; Our People owner decides.
Main site,267,4 Content not readable from outside,Staff profiles,Alison washabaugh,https://uncommonschools.org/people/alison-washabaugh/,in a set,Undecided,Bio can't be read from outside; Our People owner decides.
Main site,268,4 Content not readable from outside,Staff profiles,John powell,https://uncommonschools.org/people/john-powell/,in a set,Undecided,Bio can't be read from outside; Our People owner decides.
Main site,269,4 Content not readable from outside,Staff profiles,Chief operating officer,https://uncommonschools.org/people/chief-operating-officer/,in a set,Undecided,Bio can't be read from outside; Our People owner decides.
Main site,270,4 Content not readable from outside,Staff profiles,Mary ann villanueva,https://uncommonschools.org/people/mary-ann-villanueva/,in a set,Undecided,Bio can't be read from outside; Our People owner decides.
Main site,271,4 Content not readable from outside,Staff profiles,Najee carter,https://uncommonschools.org/people/najee-carter/,in a set,Undecided,Bio can't be read from outside; Our People owner decides. Not linked from the Our People page: confirm still on staff.
Main site,272,4 Content not readable from outside,Staff profiles,Robert marcus,https://uncommonschools.org/people/robert-marcus/,in a set,Undecided,Bio can't be read from outside; Our People owner decides.
Main site,273,4 Content not readable from outside,Staff profiles,Jody jones,https://uncommonschools.org/people/jody-jones/,in a set,Undecided,Bio can't be read from outside; Our People owner decides. Not linked from the Our People page: confirm still on staff.
Main site,274,4 Content not readable from outside,Staff profiles,Shadell purefoy,https://uncommonschools.org/people/shadell-purefoy/,in a set,Undecided,Bio can't be read from outside; Our People owner decides.
Main site,275,4 Content not readable from outside,Staff profiles,Art worrell,https://uncommonschools.org/people/art-worrell/,in a set,Undecided,Bio can't be read from outside; Our People owner decides. Not linked from the Our People page: confirm still on staff.
Main site,276,4 Content not readable from outside,Staff profiles,Neal moszkowski,https://uncommonschools.org/people/neal-moszkowski/,in a set,Undecided,Bio can't be read from outside; Our People owner decides.
Main site,277,4 Content not readable from outside,Staff profiles,Cynthia leger,https://uncommonschools.org/people/cynthia-leger/,in a set,Undecided,Bio can't be read from outside; Our People owner decides. Not linked from the Our People page: confirm still on staff.
Main site,278,4 Content not readable from outside,Staff profiles,Barbara douglas lindo,https://uncommonschools.org/people/barbara-douglas-lindo/,in a set,Undecided,Bio can't be read from outside; Our People owner decides.
Main site,279,4 Content not readable from outside,Staff profiles,Equel easterling,https://uncommonschools.org/people/equel-easterling/,in a set,Undecided,Bio can't be read from outside; Our People owner decides. Not linked from the Our People page: confirm still on staff.
Main site,280,4 Content not readable from outside,Staff profiles,Amy parsons,https://uncommonschools.org/people/amy-parsons/,in a set,Undecided,Bio can't be read from outside; Our People owner decides. Not linked from the Our People page: confirm still on staff.
Main site,281,4 Content not readable from outside,Staff profiles,Stephen chiger,https://uncommonschools.org/people/stephen-chiger/,in a set,Undecided,Bio can't be read from outside; Our People owner decides. Not linked from the Our People page: confirm still on staff.
Main site,282,4 Content not readable from outside,Staff profiles,Anthony morocho and johnatan cuenca,https://uncommonschools.org/people/anthony-morocho-and-johnatan-cuenca/,in a set,Undecided,Bio can't be read from outside; Our People owner decides.
Main site,283,4 Content not readable from outside,Staff profiles,Marvin jaquez,https://uncommonschools.org/people/marvin-jaquez/,in a set,Undecided,Bio can't be read from outside; Our People owner decides.
Main site,284,4 Content not readable from outside,Staff profiles,Patrick rametti,https://uncommonschools.org/people/patrick-rametti/,in a set,Undecided,Bio can't be read from outside; Our People owner decides. Not linked from the Our People page: confirm still on staff.
Main site,285,4 Content not readable from outside,Staff profiles,Brendan campbell,https://uncommonschools.org/people/brendan-campbell/,in a set,Undecided,Bio can't be read from outside; Our People owner decides. Not linked from the Our People page: confirm still on staff.
Main site,286,4 Content not readable from outside,Staff profiles,Mackenzie morrison,https://uncommonschools.org/people/mackenzie-morrison/,in a set,Undecided,Bio can't be read from outside; Our People owner decides.
Main site,287,4 Content not readable from outside,Staff profiles,Dariela morrobel villar,https://uncommonschools.org/people/dariela-morrobel-villar/,in a set,Undecided,Bio can't be read from outside; Our People owner decides.
Main site,288,4 Content not readable from outside,Staff profiles,Chantaya king,https://uncommonschools.org/people/chantaya-king/,in a set,Undecided,Bio can't be read from outside; Our People owner decides.
Main site,289,4 Content not readable from outside,Staff profiles,Christine algozo,https://uncommonschools.org/people/christine-algozo/,in a set,Undecided,Bio can't be read from outside; Our People owner decides. Not linked from the Our People page: confirm still on staff.
Main site,290,4 Content not readable from outside,Staff profiles,Jovan tyler graham,https://uncommonschools.org/people/jovan-tyler-graham/,in a set,Undecided,Bio can't be read from outside; Our People owner decides.
Main site,291,4 Content not readable from outside,Staff profiles,Christina anglin,https://uncommonschools.org/people/christina-anglin/,in a set,Undecided,Bio can't be read from outside; Our People owner decides.
Main site,292,4 Content not readable from outside,Staff profiles,Laura fern,https://uncommonschools.org/people/laura-fern/,in a set,Undecided,Bio can't be read from outside; Our People owner decides. Not linked from the Our People page: confirm still on staff.
Main site,293,4 Content not readable from outside,Staff profiles,Danfernee cush,https://uncommonschools.org/people/danfernee-cush/,in a set,Undecided,Bio can't be read from outside; Our People owner decides.
Main site,294,4 Content not readable from outside,Staff profiles,Amari glover,https://uncommonschools.org/people/amari-glover/,in a set,Undecided,Bio can't be read from outside; Our People owner decides.
Main site,295,4 Content not readable from outside,Staff profiles,Julissa coplin,https://uncommonschools.org/people/julissa-coplin/,in a set,Undecided,Bio can't be read from outside; Our People owner decides.
Main site,296,4 Content not readable from outside,Staff profiles,Erin michels,https://uncommonschools.org/people/erin-michels/,in a set,Undecided,Bio can't be read from outside; Our People owner decides. Not linked from the Our People page: confirm still on staff.
Main site,297,4 Content not readable from outside,Staff profiles,Ward dillon,https://uncommonschools.org/people/ward-dillon/,in a set,Undecided,Bio can't be read from outside; Our People owner decides. Not linked from the Our People page: confirm still on staff.
Main site,298,4 Content not readable from outside,Staff profiles,Katherine santana,https://uncommonschools.org/people/katherine-santana/,in a set,Undecided,Bio can't be read from outside; Our People owner decides.
Main site,299,4 Content not readable from outside,Staff profiles,Folusho olawole,https://uncommonschools.org/people/folusho-olawole/,in a set,Undecided,Bio can't be read from outside; Our People owner decides.
Main site,300,4 Content not readable from outside,Staff profiles,Kayla miller,https://uncommonschools.org/people/kayla-miller/,in a set,Undecided,Bio can't be read from outside; Our People owner decides.
Main site,301,4 Content not readable from outside,Staff profiles,Selene bourne,https://uncommonschools.org/people/selene-bourne/,in a set,Undecided,Bio can't be read from outside; Our People owner decides.
Main site,302,4 Content not readable from outside,Staff profiles,Kelith appolon,https://uncommonschools.org/people/kelith-appolon/,in a set,Undecided,Bio can't be read from outside; Our People owner decides.
Main site,303,4 Content not readable from outside,Staff profiles,Yarleny andeliz,https://uncommonschools.org/people/yarleny-andeliz/,in a set,Undecided,Bio can't be read from outside; Our People owner decides.
Main site,304,4 Content not readable from outside,Staff profiles,Serena savarirayan,https://uncommonschools.org/people/serena-savarirayan/,in a set,Undecided,Bio can't be read from outside; Our People owner decides. Not linked from the Our People page: confirm still on staff.
Main site,305,4 Content not readable from outside,Staff profiles,Ashley williams,https://uncommonschools.org/people/ashley-williams/,in a set,Undecided,Bio can't be read from outside; Our People owner decides.
Main site,306,4 Content not readable from outside,Staff profiles,Allison johnson,https://uncommonschools.org/people/allison-johnson/,in a set,Undecided,Bio can't be read from outside; Our People owner decides. Not linked from the Our People page: confirm still on staff.
Main site,307,4 Content not readable from outside,Staff profiles,Natasha lewis,https://uncommonschools.org/people/natasha-lewis/,in a set,Undecided,Bio can't be read from outside; Our People owner decides.
Main site,308,4 Content not readable from outside,Staff profiles,Chynah tyler,https://uncommonschools.org/people/chynah-tyler/,in a set,Undecided,Bio can't be read from outside; Our People owner decides.
Main site,309,4 Content not readable from outside,Staff profiles,Shana pyatt,https://uncommonschools.org/people/shana-pyatt/,in a set,Undecided,Bio can't be read from outside; Our People owner decides. Not linked from the Our People page: confirm still on staff.
Main site,310,4 Content not readable from outside,Staff profiles,Samantha haynes,https://uncommonschools.org/people/samantha-haynes/,in a set,Undecided,Bio can't be read from outside; Our People owner decides.
Main site,311,4 Content not readable from outside,Staff profiles,Zaire mcmican,https://uncommonschools.org/people/zaire-mcmican/,in a set,Undecided,Bio can't be read from outside; Our People owner decides.
Main site,312,4 Content not readable from outside,Staff profiles,Katie mcnickle,https://uncommonschools.org/people/katie-mcnickle/,in a set,Undecided,Bio can't be read from outside; Our People owner decides. Not linked from the Our People page: confirm still on staff.
Main site,313,4 Content not readable from outside,Staff profiles,David deatherage,https://uncommonschools.org/people/david-deatherage/,in a set,Undecided,Bio can't be read from outside; Our People owner decides. Not linked from the Our People page: confirm still on staff.
Main site,314,4 Content not readable from outside,Staff profiles,Yanassia whetstone,https://uncommonschools.org/people/yanassia-whetstone/,in a set,Undecided,Bio can't be read from outside; Our People owner decides.
Main site,315,4 Content not readable from outside,Staff profiles,Aisha butcher,https://uncommonschools.org/people/aisha-butcher/,in a set,Undecided,Bio can't be read from outside; Our People owner decides. Not linked from the Our People page: confirm still on staff.
Main site,316,4 Content not readable from outside,Staff profiles,Jennifer consilvio,https://uncommonschools.org/people/jennifer-consilvio/,in a set,Undecided,Bio can't be read from outside; Our People owner decides. Not linked from the Our People page: confirm still on staff.
Main site,317,4 Content not readable from outside,Staff profiles,Flor reyes silvestre and angel saldivar,https://uncommonschools.org/people/flor-reyes-silvestre-and-angel-saldivar/,in a set,Undecided,Bio can't be read from outside; Our People owner decides.
Main site,318,4 Content not readable from outside,Staff profiles,Katie abrams mcnickle,https://uncommonschools.org/people/katie-abrams-mcnickle/,in a set,Undecided,Bio can't be read from outside; Our People owner decides. Not linked from the Our People page: confirm still on staff.
Main site,319,4 Content not readable from outside,Staff profiles,Nardelle thelus,https://uncommonschools.org/people/nardelle-thelus/,in a set,Undecided,Bio can't be read from outside; Our People owner decides.
Main site,320,4 Content not readable from outside,Staff profiles,Emmett jones,https://uncommonschools.org/people/emmett-jones/,in a set,Undecided,Bio can't be read from outside; Our People owner decides.
Main site,321,4 Content not readable from outside,Staff profiles,Zaccheus greene,https://uncommonschools.org/people/zaccheus-greene/,in a set,Undecided,Bio can't be read from outside; Our People owner decides.
Main site,322,4 Content not readable from outside,Staff profiles,Zhane flowers,https://uncommonschools.org/people/zhane-flowers/,in a set,Undecided,Bio can't be read from outside; Our People owner decides.
Main site,323,4 Content not readable from outside,Staff profiles,Stanaelle celestin,https://uncommonschools.org/people/stanaelle-celestin/,in a set,Undecided,Bio can't be read from outside; Our People owner decides.
Main site,324,4 Content not readable from outside,Staff profiles,Abena tetteh,https://uncommonschools.org/people/abena-tetteh/,in a set,Undecided,Bio can't be read from outside; Our People owner decides.
Main site,325,4 Content not readable from outside,Staff profiles,Ahshar brown,https://uncommonschools.org/people/ahshar-brown/,in a set,Undecided,Bio can't be read from outside; Our People owner decides.
Main site,326,4 Content not readable from outside,Staff profiles,Tianna elliott,https://uncommonschools.org/people/tianna-elliott/,in a set,Undecided,Bio can't be read from outside; Our People owner decides.
Main site,327,4 Content not readable from outside,Staff profiles,Joselyn quinsa,https://uncommonschools.org/people/joselyn-quinsa/,in a set,Undecided,Bio can't be read from outside; Our People owner decides.
Main site,328,4 Content not readable from outside,Staff profiles,Omotola akinsiku,https://uncommonschools.org/people/omotola-akinsiku/,in a set,Undecided,Bio can't be read from outside; Our People owner decides.
Main site,329,4 Content not readable from outside,Staff profiles,Tara marlovits,https://uncommonschools.org/people/tara-marlovits/,in a set,Undecided,Bio can't be read from outside; Our People owner decides. Not linked from the Our People page: confirm still on staff.
Main site,330,4 Content not readable from outside,Staff profiles,Annabella adragna,https://uncommonschools.org/people/annabella-adragna/,in a set,Undecided,Bio can't be read from outside; Our People owner decides.
Main site,331,4 Content not readable from outside,Staff profiles,Ally jimenez,https://uncommonschools.org/people/ally-jimenez/,in a set,Undecided,Bio can't be read from outside; Our People owner decides.
Main site,332,4 Content not readable from outside,Staff profiles,Tariah badwah,https://uncommonschools.org/people/tariah-badwah/,in a set,Undecided,Bio can't be read from outside; Our People owner decides.
Main site,333,4 Content not readable from outside,Staff profiles,Adiatu jalloh,https://uncommonschools.org/people/adiatu-jalloh/,in a set,Undecided,Bio can't be read from outside; Our People owner decides.
Main site,334,4 Content not readable from outside,Staff profiles,Oshaun berridge,https://uncommonschools.org/people/oshaun-berridge/,in a set,Undecided,Bio can't be read from outside; Our People owner decides.
Main site,335,4 Content not readable from outside,Staff profiles,Ebony lawhorn,https://uncommonschools.org/people/ebony-lawhorn/,in a set,Undecided,Bio can't be read from outside; Our People owner decides. Not linked from the Our People page: confirm still on staff.
Main site,336,4 Content not readable from outside,Staff profiles,April kirkland,https://uncommonschools.org/people/april-kirkland/,in a set,Undecided,Bio can't be read from outside; Our People owner decides.
Main site,337,4 Content not readable from outside,Staff profiles,Brielle velez,https://uncommonschools.org/people/brielle-velez/,in a set,Undecided,Bio can't be read from outside; Our People owner decides.
Main site,338,4 Content not readable from outside,Staff profiles,Jasmine bastien,https://uncommonschools.org/people/jasmine-bastien/,in a set,Undecided,Bio can't be read from outside; Our People owner decides.
Main site,339,4 Content not readable from outside,Staff profiles,Jahneyce washington,https://uncommonschools.org/people/jahneyce-washington/,in a set,Undecided,Bio can't be read from outside; Our People owner decides.
Main site,340,4 Content not readable from outside,Staff profiles,Pearl rock kane,https://uncommonschools.org/people/pearl-rock-kane/,in a set,Undecided,Bio can't be read from outside; Our People owner decides.
Main site,341,4 Content not readable from outside,Staff profiles,Jessica rosado,https://uncommonschools.org/people/jessica-rosado/,in a set,Undecided,Bio can't be read from outside; Our People owner decides.
Main site,342,4 Content not readable from outside,Staff profiles,Gigi gebre giorgis,https://uncommonschools.org/people/gigi-gebre-giorgis/,in a set,Undecided,Bio can't be read from outside; Our People owner decides.
Main site,343,4 Content not readable from outside,Staff profiles,Habibatou koureichi,https://uncommonschools.org/people/habibatou-koureichi/,in a set,Undecided,Bio can't be read from outside; Our People owner decides.
Main site,344,4 Content not readable from outside,Staff profiles,Ashton coppin,https://uncommonschools.org/people/ashton-coppin/,in a set,Undecided,Bio can't be read from outside; Our People owner decides.
Main site,345,4 Content not readable from outside,Staff profiles,Taijuan ferrell,https://uncommonschools.org/people/taijuan-ferrell/,in a set,Undecided,Bio can't be read from outside; Our People owner decides.
Main site,346,4 Content not readable from outside,Staff profiles,Uncommon schools staff,https://uncommonschools.org/people/uncommon-schools-staff/,in a set,Undecided,Bio can't be read from outside; Our People owner decides. Not linked from the Our People page: confirm still on staff.
Main site,347,4 Content not readable from outside,Staff profiles,Julissa palmero,https://uncommonschools.org/people/julissa-palmero/,in a set,Undecided,Bio can't be read from outside; Our People owner decides.
Main site,348,4 Content not readable from outside,Staff profiles,Sharyanna harvey wyatt,https://uncommonschools.org/people/sharyanna-harvey-wyatt/,in a set,Undecided,Bio can't be read from outside; Our People owner decides.
Main site,349,4 Content not readable from outside,Staff profiles,Mekhi addison,https://uncommonschools.org/people/mekhi-addison/,in a set,Undecided,Bio can't be read from outside; Our People owner decides.
Main site,350,4 Content not readable from outside,Staff profiles,Elijah agyemang,https://uncommonschools.org/people/elijah-agyemang/,in a set,Undecided,Bio can't be read from outside; Our People owner decides.
Main site,351,4 Content not readable from outside,Staff profiles,Nastasjia burke,https://uncommonschools.org/people/nastasjia-burke/,in a set,Undecided,Bio can't be read from outside; Our People owner decides.
Main site,352,4 Content not readable from outside,Staff profiles,Rashaud barrow,https://uncommonschools.org/people/rashaud-barrow/,in a set,Undecided,Bio can't be read from outside; Our People owner decides.
Main site,353,4 Content not readable from outside,Staff profiles,Rachel decima,https://uncommonschools.org/people/rachel-decima/,in a set,Undecided,Bio can't be read from outside; Our People owner decides. Not linked from the Our People page: confirm still on staff.
Main site,354,4 Content not readable from outside,Staff profiles,Theodora hoegah,https://uncommonschools.org/people/theodora-hoegah/,in a set,Undecided,Bio can't be read from outside; Our People owner decides.
Main site,355,4 Content not readable from outside,Staff profiles,Taylor martin,https://uncommonschools.org/people/taylor-martin/,in a set,Undecided,Bio can't be read from outside; Our People owner decides. Not linked from the Our People page: confirm still on staff.
Main site,356,4 Content not readable from outside,Staff profiles,Joshua gomes,https://uncommonschools.org/people/joshua-gomes/,in a set,Undecided,Bio can't be read from outside; Our People owner decides.
Main site,357,4 Content not readable from outside,Staff profiles,Malaki cuevas,https://uncommonschools.org/people/malaki-cuevas/,in a set,Undecided,Bio can't be read from outside; Our People owner decides.
Main site,358,4 Content not readable from outside,Staff profiles,Adam feiler,https://uncommonschools.org/people/adam-feiler/,in a set,Undecided,Bio can't be read from outside; Our People owner decides. Not linked from the Our People page: confirm still on staff.
Main site,359,4 Content not readable from outside,Staff profiles,Nosagiegbon igiede,https://uncommonschools.org/people/nosagiegbon-igiede/,in a set,Undecided,Bio can't be read from outside; Our People owner decides.
Main site,360,4 Content not readable from outside,Staff profiles,Zavier perez,https://uncommonschools.org/people/zavier-perez/,in a set,Undecided,Bio can't be read from outside; Our People owner decides.
Main site,361,4 Content not readable from outside,Staff profiles,Lizzie garson,https://uncommonschools.org/people/lizzie-garson/,in a set,Undecided,Bio can't be read from outside; Our People owner decides. Not linked from the Our People page: confirm still on staff.
Main site,362,4 Content not readable from outside,Staff profiles,Morayo faleyimu,https://uncommonschools.org/people/morayo-faleyimu/,in a set,Undecided,Bio can't be read from outside; Our People owner decides. Not linked from the Our People page: confirm still on staff.
Main site,363,4 Content not readable from outside,Staff profiles,Daniel danquah,https://uncommonschools.org/people/daniel-danquah/,in a set,Undecided,Bio can't be read from outside; Our People owner decides.
Main site,364,4 Content not readable from outside,Staff profiles,Deena brown,https://uncommonschools.org/people/deena-brown/,in a set,Undecided,Bio can't be read from outside; Our People owner decides.
Main site,365,4 Content not readable from outside,Staff profiles,Naliaka wakhisi,https://uncommonschools.org/people/naliaka-wakhisi/,in a set,Undecided,Bio can't be read from outside; Our People owner decides. Not linked from the Our People page: confirm still on staff.
Main site,366,4 Content not readable from outside,Staff profiles,Uncommon schools,https://uncommonschools.org/people/uncommon-schools/,in a set,Undecided,Bio can't be read from outside; Our People owner decides. Not linked from the Our People page: confirm still on staff.
Main site,367,4 Content not readable from outside,Staff profiles,Alex bronson,https://uncommonschools.org/people/alex-bronson/,in a set,Undecided,Bio can't be read from outside; Our People owner decides. Not linked from the Our People page: confirm still on staff.
Main site,368,5 Thin pages nothing links to,Top-level pages,Uncommon congratulates questbridge recipients,https://uncommonschools.org/uncommon-congratulates-questbridge-recipients/,yes,Keep,497 views in 12 months.
Main site,369,5 Thin pages nothing links to,Top-level pages,Marketingrequests,https://uncommonschools.org/marketingrequests/,yes,Keep,113 views in 12 months.
Main site,370,5 Thin pages nothing links to,Top-level pages,Uncommon excellence girls featured on good morning america,https://uncommonschools.org/uncommon-excellence-girls-featured-on-good-morning-america/,yes,Kill,"Under 250 words, nothing links here; 36 views in 12 months."
Main site,371,5 Thin pages nothing links to,Top-level pages,Refer a family,https://uncommonschools.org/refer-a-family/,yes,Kill,"Under 250 words, nothing links here; 25 views in 12 months."
Main site,372,5 Thin pages nothing links to,Top-level pages,Teach at uncommon schools ps,https://uncommonschools.org/teach-at-uncommon-schools-ps/,yes,Kill,"Under 250 words, nothing links here; 21 views in 12 months."
Main site,373,5 Thin pages nothing links to,Top-level pages,Teaching at uncommon,https://uncommonschools.org/teaching-at-uncommon/,yes,Kill,"Under 250 words, nothing links here; 20 views in 12 months."
Main site,374,5 Thin pages nothing links to,Top-level pages,North star on gma,https://uncommonschools.org/north-star-on-gma/,yes,Kill,"Under 250 words, nothing links here; 13 views in 12 months."
Main site,375,5 Thin pages nothing links to,Top-level pages,Northstar gma,https://uncommonschools.org/northstar-gma/,yes,Consolidate,Copy of North star on gma; fold into it.
Main site,376,5 Thin pages nothing links to,Top-level pages,Ea newsletter,https://uncommonschools.org/ea-newsletter/,yes,Kill,"Under 250 words, nothing links here; 11 views in 12 months."
Main site,377,5 Thin pages nothing links to,Top-level pages,3002 2,https://uncommonschools.org/3002-2/,yes,Kill,"Under 250 words, nothing links here; 6 views in 12 months."
Main site,378,5 Thin pages nothing links to,Top-level pages,Mobile keyword cta,https://uncommonschools.org/mobile-keyword-cta/,yes,Kill,"Under 250 words, nothing links here; 2 views in 12 months."
Main site,379,5 Thin pages nothing links to,News posts,17 nyc uncommon schools students receive a full ride to college through the questbridge match scholarship,https://uncommonschools.org/news/17-nyc-uncommon-schools-students-receive-a-full-ride-to-college-through-the-questbridge-match-scholarship/,yes,Keep,230 views in 12 months.
Main site,380,5 Thin pages nothing links to,News posts,Paul bambrick santoyo coaching culture,https://uncommonschools.org/news/paul-bambrick-santoyo-coaching-culture/,yes,Keep,185 views in 12 months.
Main site,381,5 Thin pages nothing links to,News posts,Co ceo brett peiser and julie jackson named to 2022 power players in education,https://uncommonschools.org/news/co-ceo-brett-peiser-and-julie-jackson-named-to-2022-power-players-in-education/,yes,Keep,59 views in 12 months.
Main site,382,5 Thin pages nothing links to,News posts,Rochester preps newest principal is a familiar face,https://uncommonschools.org/rochester/rochester-preps-newest-principal-is-a-familiar-face/,yes,Keep,News from 2025; 44 views in 12 months.
Main site,383,5 Thin pages nothing links to,News posts,Minority reporter op ed rochester prep meeting my childrens needs,https://uncommonschools.org/news/minority-reporter-op-ed-rochester-prep-meeting-my-childrens-needs/,yes,Kill,Old news (2021); 35 views in 12 months.
Main site,384,5 Thin pages nothing links to,News posts,Uncommon schools educator receives outstanding educator of the year award,https://uncommonschools.org/news/uncommon-schools-educator-receives-outstanding-educator-of-the-year-award/,yes,Kill,Old news (2019); 35 views in 12 months.
Main site,385,5 Thin pages nothing links to,News posts,North star debate team talk about presidential debate,https://uncommonschools.org/news/north-star-debate-team-talk-about-presidential-debate/,yes,Keep,News from 2024; 33 views in 12 months.
Main site,386,5 Thin pages nothing links to,News posts,Forbes uncommon uturn no excuses history,https://uncommonschools.org/news/forbes-uncommon-uturn-no-excuses-history/,yes,Kill,Old news (2020); 31 views in 12 months.
Main site,387,5 Thin pages nothing links to,News posts,North star academy sending over 150 graduates to college,https://uncommonschools.org/news/north-star-academy-sending-over-150-graduates-to-college/,yes,Kill,Old news (2019); 21 views in 12 months.
Main site,388,5 Thin pages nothing links to,News posts,Excerpt former teacher recalls very first day of north star academy,https://uncommonschools.org/news/excerpt-former-teacher-recalls-very-first-day-of-north-star-academy/,yes,Kill,Old news (2019); 18 views in 12 months.
Main site,389,5 Thin pages nothing links to,News posts,Wphs speech team take home big wins at tournament,https://uncommonschools.org/news/wphs-speech-team-take-home-big-wins-at-tournament/,yes,Kill,Old news (2020); 18 views in 12 months.
Main site,390,5 Thin pages nothing links to,News posts,Students celebrate senior signing days,https://uncommonschools.org/news/students-celebrate-senior-signing-days/,yes,Kill,Old news (2019); 17 views in 12 months.
Main site,391,5 Thin pages nothing links to,News posts,Uncommon schools partners with citi for e for education campaign,https://uncommonschools.org/news/uncommon-schools-partners-with-citi-for-e-for-education-campaign/,yes,Kill,Old news (2019); 17 views in 12 months.
Main site,392,5 Thin pages nothing links to,News posts,Navigating learning disabilities together,https://uncommonschools.org/news/navigating-learning-disabilities-together/,yes,Keep,News from 2024; 16 views in 12 months.
Main site,393,5 Thin pages nothing links to,News posts,North star online learning,https://uncommonschools.org/news/north-star-online-learning/,yes,Kill,Old news (2020); 16 views in 12 months.
Main site,394,5 Thin pages nothing links to,News posts,Rochester beacon alumna returns to alma mater to teach,https://uncommonschools.org/news/rochester-beacon-alumna-returns-to-alma-mater-to-teach/,yes,Kill,Old news (2020); 16 views in 12 months.
Main site,395,5 Thin pages nothing links to,News posts,Schools must focus on reading in 2023 to close the covid learning gap,https://uncommonschools.org/newark/schools-must-focus-on-reading-in-2023-to-close-the-covid-learning-gap/,yes,Kill,Old news (2023); 16 views in 12 months.
Main site,396,5 Thin pages nothing links to,News posts,I want to work for a firm helping clients like uncommon schools,https://uncommonschools.org/news/i-want-to-work-for-a-firm-helping-clients-like-uncommon-schools/,yes,Kill,Old news (2019); 15 views in 12 months.
Main site,397,5 Thin pages nothing links to,News posts,Winning basketball games is common at uncommon charter high school,https://uncommonschools.org/news/winning-basketball-games-is-common-at-uncommon-charter-high-school/,yes,Keep,News from 2025; 15 views in 12 months.
Main site,398,5 Thin pages nothing links to,News posts,Newark teacher lina zapata became the educator she needed as a young immigrant,https://uncommonschools.org/news/newark-teacher-lina-zapata-became-the-educator-she-needed-as-a-young-immigrant/,yes,Keep,News from 2024; 13 views in 12 months.
Main site,399,5 Thin pages nothing links to,News posts,Rochester prep seniors celebrate college choices on senior signing day,https://uncommonschools.org/news/rochester-prep-seniors-celebrate-college-choices-on-senior-signing-day/,yes,Keep,News from 2024; 13 views in 12 months.
Main site,400,5 Thin pages nothing links to,News posts,Bbva podcast doug lemov discusses the effects of reading on students,https://uncommonschools.org/news/bbva-podcast-doug-lemov-discusses-the-effects-of-reading-on-students/,yes,Kill,Old news (2021); 12 views in 12 months.
Main site,401,5 Thin pages nothing links to,News posts,Boston business journal long wait to build new school leaves questions,https://uncommonschools.org/news/boston-business-journal-long-wait-to-build-new-school-leaves-questions/,yes,Kill,Old news (2020); 12 views in 12 months.
Main site,402,5 Thin pages nothing links to,News posts,Data driven counseling for college success,https://uncommonschools.org/news/data-driven-counseling-for-college-success/,yes,Kill,Old news (2019); 12 views in 12 months.
Main site,403,5 Thin pages nothing links to,News posts,Girls rising,https://uncommonschools.org/news/girls-rising/,yes,Kill,Old news (2019); 12 views in 12 months.
Main site,404,5 Thin pages nothing links to,News posts,High school gpa key to predicting bachelors degree attainment,https://uncommonschools.org/news/high-school-gpa-key-to-predicting-bachelors-degree-attainment/,yes,Kill,Old news (2019); 12 views in 12 months.
Main site,405,5 Thin pages nothing links to,News posts,Https www yahoo com news articles newark teacher says ai tools 113000540 htmlguccounter1,https://uncommonschools.org/news/https-www-yahoo-com-news-articles-newark-teacher-says-ai-tools-113000540-htmlguccounter1/,yes,Keep,News from 2026; 12 views in 12 months.
Main site,406,5 Thin pages nothing links to,News posts,North star varsity basketball state title,https://uncommonschools.org/news/north-star-varsity-basketball-state-title/,yes,Kill,Old news (2020); 12 views in 12 months.
Main site,407,5 Thin pages nothing links to,News posts,Stf alumnus pays it forward,https://uncommonschools.org/news/stf-alumnus-pays-it-forward/,yes,Kill,Old news (2019); 12 views in 12 months.
Main site,408,5 Thin pages nothing links to,News posts,Uncommon schools integrate coding lessons,https://uncommonschools.org/news/uncommon-schools-integrate-coding-lessons/,yes,Kill,Old news (2023); 12 views in 12 months.
Main site,409,5 Thin pages nothing links to,News posts,A story of struggle and perseverance,https://uncommonschools.org/news/a-story-of-struggle-and-perseverance/,yes,Kill,Old news (2019); 11 views in 12 months.
Main site,410,5 Thin pages nothing links to,News posts,Boston globe at roxbury prep the rallying cry is were all weve got were all we need,https://uncommonschools.org/news/boston-globe-at-roxbury-prep-the-rallying-cry-is-were-all-weve-got-were-all-we-need/,yes,Kill,Old news (2019); 11 views in 12 months.
Main site,411,5 Thin pages nothing links to,News posts,Kings county politics summer teaching fellowship trains future brooklyn teachers,https://uncommonschools.org/news/kings-county-politics-summer-teaching-fellowship-trains-future-brooklyn-teachers/,yes,Kill,Old news (2020); 11 views in 12 months.
Main site,412,5 Thin pages nothing links to,News posts,Newsweek oped focus making schools better,https://uncommonschools.org/news/newsweek-oped-focus-making-schools-better/,yes,Kill,Old news (2021); 11 views in 12 months.
Main site,413,5 Thin pages nothing links to,News posts,North star students learn about the census,https://uncommonschools.org/news/north-star-students-learn-about-the-census/,yes,Kill,Old news (2019); 11 views in 12 months.
Main site,414,5 Thin pages nothing links to,News posts,Shradha patel named to boston business journals power 50 for 2020,https://uncommonschools.org/news/shradha-patel-named-to-boston-business-journals-power-50-for-2020/,yes,Kill,Old news (2023); 11 views in 12 months.
Main site,415,5 Thin pages nothing links to,News posts,5 seniors at roxbury prep high school earn full ride scholarship to college,https://uncommonschools.org/news/5-seniors-at-roxbury-prep-high-school-earn-full-ride-scholarship-to-college/,yes,Keep,News from 2024; 10 views in 12 months.
Main site,416,5 Thin pages nothing links to,News posts,Tapinto new high school building for camden prep approved,https://uncommonschools.org/news/tapinto-new-high-school-building-for-camden-prep-approved/,yes,Kill,Old news (2021); 10 views in 12 months.
Main site,417,5 Thin pages nothing links to,News posts,Bloomberg uncommon students priority beyond hs graduation,https://uncommonschools.org/news/bloomberg-uncommon-students-priority-beyond-hs-graduation/,yes,Kill,Old news (2021); 9 views in 12 months.
Main site,418,5 Thin pages nothing links to,News posts,Jay matthews teachers use countdown clocks as classroom tool,https://uncommonschools.org/news/jay-matthews-teachers-use-countdown-clocks-as-classroom-tool/,yes,Kill,Old news (2019); 9 views in 12 months.
Main site,419,5 Thin pages nothing links to,News posts,Newark parent activist changes the conversation on charters,https://uncommonschools.org/news/newark-parent-activist-changes-the-conversation-on-charters/,yes,Kill,Old news (2019); 9 views in 12 months.
Main site,420,5 Thin pages nothing links to,News posts,Providing the best possible summer for all kids,https://uncommonschools.org/news/providing-the-best-possible-summer-for-all-kids/,yes,Kill,Old news (2020); 9 views in 12 months.
Main site,421,5 Thin pages nothing links to,News posts,The three pronged approach to prepare students for college,https://uncommonschools.org/news/the-three-pronged-approach-to-prepare-students-for-college/,yes,Kill,Old news (2019); 9 views in 12 months.
Main site,422,5 Thin pages nothing links to,News posts,All students deserve to grapple with the hard truth,https://uncommonschools.org/newark/all-students-deserve-to-grapple-with-the-hard-truth/,yes,Kill,Old news (2023); 8 views in 12 months.
Main site,423,5 Thin pages nothing links to,News posts,Charter school growth fund how teachers quickly respond to student work,https://uncommonschools.org/news/charter-school-growth-fund-how-teachers-quickly-respond-to-student-work/,yes,Kill,Old news (2020); 8 views in 12 months.
Main site,424,5 Thin pages nothing links to,News posts,Education next roxbury prep withdraws proposal for new high school location,https://uncommonschools.org/news/education-next-roxbury-prep-withdraws-proposal-for-new-high-school-location/,yes,Kill,Old news (2022); 8 views in 12 months.
Main site,425,5 Thin pages nothing links to,News posts,News12 brooklyn students start day with meditation yoga,https://uncommonschools.org/news/news12-brooklyn-students-start-day-with-meditation-yoga/,yes,Kill,Old news (2021); 8 views in 12 months.
Main site,426,5 Thin pages nothing links to,News posts,Students at brooklyn school learn music through immersion,https://uncommonschools.org/news/students-at-brooklyn-school-learn-music-through-immersion/,yes,Kill,Old news (2019); 8 views in 12 months.
Main site,427,5 Thin pages nothing links to,News posts,Three charter school leaders for ending single test high school admissions black and latino kids can perform at the highest levels,https://uncommonschools.org/news/three-charter-school-leaders-for-ending-single-test-high-school-admissions-black-and-latino-kids-can-perform-at-the-highest-levels/,yes,Kill,Old news (2019); 8 views in 12 months.
Main site,428,5 Thin pages nothing links to,News posts,Boston globe editorial roxbury preps future offers chance for healing,https://uncommonschools.org/news/boston-globe-editorial-roxbury-preps-future-offers-chance-for-healing/,yes,Kill,Old news (2020); 7 views in 12 months.
Main site,429,5 Thin pages nothing links to,News posts,Bringing stem into dance,https://uncommonschools.org/news/bringing-stem-into-dance/,yes,Kill,Old news (2019); 7 views in 12 months.
Main site,430,5 Thin pages nothing links to,News posts,Charter district school collaboration,https://uncommonschools.org/news/charter-district-school-collaboration/,yes,Kill,Old news (2019); 7 views in 12 months.
Main site,431,5 Thin pages nothing links to,News posts,Inspired by black male teachers newark native returns to pay it forward,https://uncommonschools.org/news/inspired-by-black-male-teachers-newark-native-returns-to-pay-it-forward/,yes,Kill,Old news (2020); 7 views in 12 months.
Main site,432,5 Thin pages nothing links to,News posts,Opinion if black lives matter city would hold hearing for roxbury prep,https://uncommonschools.org/news/opinion-if-black-lives-matter-city-would-hold-hearing-for-roxbury-prep/,yes,Kill,Old news (2020); 7 views in 12 months.
Main site,433,5 Thin pages nothing links to,News posts,Teaching today podcast excellence boys principal joins discussion on single sex schools,https://uncommonschools.org/news/teaching-today-podcast-excellence-boys-principal-joins-discussion-on-single-sex-schools/,yes,Kill,Old news (2021); 7 views in 12 months.
Main site,434,5 Thin pages nothing links to,News posts,Uncommon new york city elementary school featured on,https://uncommonschools.org/news/uncommon-new-york-city-elementary-school-featured-on/,yes,Keep,News from 2024; 7 views in 12 months.
Main site,435,5 Thin pages nothing links to,News posts,Chalkbeat ny parents educators emphasize need for mental health supports,https://uncommonschools.org/news/chalkbeat-ny-parents-educators-emphasize-need-for-mental-health-supports/,yes,Kill,Old news (2021); 6 views in 12 months.
Main site,436,5 Thin pages nothing links to,News posts,Nsa student suprises people with career choice,https://uncommonschools.org/news/nsa-student-suprises-people-with-career-choice/,yes,Kill,Old news (2023); 6 views in 12 months.
Main site,437,5 Thin pages nothing links to,News posts,Spectrum news1 rochester prep works to close covid related learning loss,https://uncommonschools.org/news/spectrum-news1-rochester-prep-works-to-close-covid-related-learning-loss/,yes,Kill,Old news (2021); 6 views in 12 months.
Main site,438,5 Thin pages nothing links to,News posts,Uncommon teacher nominated for penn mutual award,https://uncommonschools.org/news/uncommon-teacher-nominated-for-penn-mutual-award/,yes,Kill,Old news (2019); 6 views in 12 months.
Main site,439,5 Thin pages nothing links to,News posts,Usa today op ed teacher training overhaul,https://uncommonschools.org/news/usa-today-op-ed-teacher-training-overhaul/,yes,Kill,Old news (2021); 6 views in 12 months.
Main site,440,5 Thin pages nothing links to,News posts,Brooklyn patch educators march in solidarity with asian americans,https://uncommonschools.org/news/brooklyn-patch-educators-march-in-solidarity-with-asian-americans/,yes,Kill,Old news (2021); 5 views in 12 months.
Main site,441,5 Thin pages nothing links to,News posts,Chalkbeat north star students launch wellness council,https://uncommonschools.org/news/chalkbeat-north-star-students-launch-wellness-council/,yes,Kill,Old news (2021); 5 views in 12 months.
Main site,442,5 Thin pages nothing links to,News posts,Kpvi uncommon director of college completion recognized for expanding education opportunities,https://uncommonschools.org/news/kpvi-uncommon-director-of-college-completion-recognized-for-expanding-education-opportunities/,yes,Kill,Old news (2021); 5 views in 12 months.
Main site,443,5 Thin pages nothing links to,News posts,Nj latino news high school seniors awarded 75000 in scholarships,https://uncommonschools.org/news/nj-latino-news-high-school-seniors-awarded-75000-in-scholarships/,yes,Kill,Old news (2020); 5 views in 12 months.
Main site,444,5 Thin pages nothing links to,News posts,Op ed hbcus are a beacon of promise and pride,https://uncommonschools.org/news/op-ed-hbcus-are-a-beacon-of-promise-and-pride/,yes,Kill,Old news (2021); 5 views in 12 months.
Main site,445,5 Thin pages nothing links to,News posts,Researchers find top results for newark boston pittsburgh,https://uncommonschools.org/news/researchers-find-top-results-for-newark-boston-pittsburgh/,yes,Kill,Old news (2020); 5 views in 12 months.
Main site,446,5 Thin pages nothing links to,News posts,Rochester beacon rochester prep educators kept students dreams alive,https://uncommonschools.org/news/rochester-beacon-rochester-prep-educators-kept-students-dreams-alive/,yes,Kill,Old news (2021); 5 views in 12 months.
Main site,447,5 Thin pages nothing links to,News posts,Tapinto newark newark charters release standards for reopening schools,https://uncommonschools.org/news/tapinto-newark-newark-charters-release-standards-for-reopening-schools/,yes,Kill,Old news (2020); 5 views in 12 months.
Main site,448,5 Thin pages nothing links to,News posts,11 rochester prep alumni join rit city scholars program,https://uncommonschools.org/news/11-rochester-prep-alumni-join-rit-city-scholars-program/,yes,Kill,Old news (2021); 4 views in 12 months.
Main site,449,5 Thin pages nothing links to,News posts,Bellwether education report uncommons responses to covid 19,https://uncommonschools.org/news/bellwether-education-report-uncommons-responses-to-covid-19/,yes,Kill,Old news (2020); 4 views in 12 months.
Main site,450,5 Thin pages nothing links to,News posts,Camden prep students beat the odds,https://uncommonschools.org/news/camden-prep-students-beat-the-odds/,yes,Keep,News from 2024; 4 views in 12 months.
Main site,451,5 Thin pages nothing links to,News posts,Cannon design students wellness virtual exercise,https://uncommonschools.org/news/cannon-design-students-wellness-virtual-exercise/,yes,Kill,Old news (2020); 4 views in 12 months.
Main site,452,5 Thin pages nothing links to,News posts,Chalkbeat newark classrooms reopen,https://uncommonschools.org/news/chalkbeat-newark-classrooms-reopen/,yes,Kill,Old news (2021); 4 views in 12 months.
Main site,453,5 Thin pages nothing links to,News posts,Fordham institute report lessons from leading charter networks transitioning to remote learning,https://uncommonschools.org/news/fordham-institute-report-lessons-from-leading-charter-networks-transitioning-to-remote-learning/,yes,Kill,Old news (2020); 4 views in 12 months.
Main site,454,5 Thin pages nothing links to,News posts,How a camden school changed my sons life,https://uncommonschools.org/news/how-a-camden-school-changed-my-sons-life/,yes,Kill,Old news (2019); 4 views in 12 months.
Main site,455,5 Thin pages nothing links to,News posts,How one charter network recruits diverse teachers,https://uncommonschools.org/news/how-one-charter-network-recruits-diverse-teachers/,yes,Kill,Old news (2019); 4 views in 12 months.
Main site,456,5 Thin pages nothing links to,News posts,Juliana worrell selected for broad centers inaugural cohort of public education leadership fellows,https://uncommonschools.org/news/juliana-worrell-selected-for-broad-centers-inaugural-cohort-of-public-education-leadership-fellows/,yes,Kill,Old news (2020); 4 views in 12 months.
Main site,457,5 Thin pages nothing links to,News posts,Kings county politics 10000 uncommon schools students throughout brooklyn blaze path for blended learning,https://uncommonschools.org/news/kings-county-politics-10000-uncommon-schools-students-throughout-brooklyn-blaze-path-for-blended-learning/,yes,Kill,Old news (2020); 4 views in 12 months.
Main site,458,5 Thin pages nothing links to,News posts,Newark principal honored by city council,https://uncommonschools.org/news/newark-principal-honored-by-city-council/,yes,Kill,Old news (2019); 4 views in 12 months.
Main site,459,5 Thin pages nothing links to,News posts,Njtv charter and district teachers learn side by side in newark,https://uncommonschools.org/news/njtv-charter-and-district-teachers-learn-side-by-side-in-newark/,yes,Kill,Old news (2019); 4 views in 12 months.
Main site,460,5 Thin pages nothing links to,News posts,Ny1 uncommon schools collaborates with nyc doe in harlem,https://uncommonschools.org/news/ny1-uncommon-schools-collaborates-with-nyc-doe-in-harlem/,yes,Kill,Old news (2019); 4 views in 12 months.
Main site,461,5 Thin pages nothing links to,News posts,Patch com roxbury principal honored by boston red sox,https://uncommonschools.org/news/patch-com-roxbury-principal-honored-by-boston-red-sox/,yes,Kill,Old news (2021); 4 views in 12 months.
Main site,462,5 Thin pages nothing links to,News posts,Patch ucc receives grant for hbcu empowerment tour,https://uncommonschools.org/news/patch-ucc-receives-grant-for-hbcu-empowerment-tour/,yes,Kill,Old news (2021); 4 views in 12 months.
Main site,463,5 Thin pages nothing links to,News posts,Rochester prep alumna joins rits 10th class of destler johnson rochester city scholars,https://uncommonschools.org/news/rochester-prep-alumna-joins-rits-10th-class-of-destler-johnson-rochester-city-scholars/,yes,Kill,Old news (2019); 4 views in 12 months.
Main site,464,5 Thin pages nothing links to,News posts,Roxbury prep alumni highlighted by national alliance for public charter schools,https://uncommonschools.org/news/roxbury-prep-alumni-highlighted-by-national-alliance-for-public-charter-schools/,yes,Kill,Old news (2019); 4 views in 12 months.
Main site,465,5 Thin pages nothing links to,News posts,Student work featured bklyn fashion academy,https://uncommonschools.org/news/student-work-featured-bklyn-fashion-academy/,yes,Kill,Old news (2019); 4 views in 12 months.
Main site,466,5 Thin pages nothing links to,News posts,Tapinto camden camden schools receive grants to help with covid 19,https://uncommonschools.org/news/tapinto-camden-camden-schools-receive-grants-to-help-with-covid-19/,yes,Kill,Old news (2020); 4 views in 12 months.
Main site,467,5 Thin pages nothing links to,News posts,Tapinto north star academy class of 2021 celebrates graduation,https://uncommonschools.org/news/tapinto-north-star-academy-class-of-2021-celebrates-graduation/,yes,Kill,Old news (2021); 4 views in 12 months.
Main site,468,5 Thin pages nothing links to,News posts,The 74 summer rocket program connects girls to stem,https://uncommonschools.org/news/the-74-summer-rocket-program-connects-girls-to-stem/,yes,Kill,Old news (2021); 4 views in 12 months.
Main site,469,5 Thin pages nothing links to,News posts,Uncommon charter hs recognized 2021 pltw distinguished hs,https://uncommonschools.org/news/uncommon-charter-hs-recognized-2021-pltw-distinguished-hs/,yes,Kill,Old news (2021); 4 views in 12 months.
Main site,470,5 Thin pages nothing links to,News posts,Uncommon reflection mourning,https://uncommonschools.org/news/uncommon-reflection-mourning/,yes,Kill,Old news (2020); 4 views in 12 months.
Main site,471,5 Thin pages nothing links to,News posts,Washington post students learn from people who love them,https://uncommonschools.org/news/washington-post-students-learn-from-people-who-love-them/,yes,Kill,Old news (2020); 4 views in 12 months.
Main site,472,5 Thin pages nothing links to,News posts,When educators act like gateways rather than gatekeepers students are more likely to get through college,https://uncommonschools.org/news/when-educators-act-like-gateways-rather-than-gatekeepers-students-are-more-likely-to-get-through-college/,yes,Kill,Old news (2019); 4 views in 12 months.
Main site,473,5 Thin pages nothing links to,News posts,Aspiring investment banker switches paths to teach full time,https://uncommonschools.org/news/aspiring-investment-banker-switches-paths-to-teach-full-time/,yes,Kill,Old news (2019); 3 views in 12 months.
Main site,474,5 Thin pages nothing links to,News posts,Brooklyn paper summer school aims to reclaim what covid stole,https://uncommonschools.org/news/brooklyn-paper-summer-school-aims-to-reclaim-what-covid-stole/,yes,Kill,Old news (2021); 3 views in 12 months.
Main site,475,5 Thin pages nothing links to,News posts,Education next alumni receive support to navigate transition to college,https://uncommonschools.org/news/education-next-alumni-receive-support-to-navigate-transition-to-college/,yes,Kill,Old news (2021); 3 views in 12 months.
Main site,476,5 Thin pages nothing links to,News posts,Forbes feature roxbury students find passion,https://uncommonschools.org/news/forbes-feature-roxbury-students-find-passion/,yes,Kill,Old news (2021); 3 views in 12 months.
Main site,477,5 Thin pages nothing links to,News posts,Https www tapinto net towns newark sections education articles karim ahmad of newark s north star school wins mlk oratorical competition,https://uncommonschools.org/news/https-www-tapinto-net-towns-newark-sections-education-articles-karim-ahmad-of-newark-s-north-star-school-wins-mlk-oratorical-competition/,yes,Keep,News from 2026; 3 views in 12 months.
Main site,478,5 Thin pages nothing links to,News posts,News10 camden prep close covid learning loss,https://uncommonschools.org/news/news10-camden-prep-close-covid-learning-loss/,yes,Kill,Old news (2021); 3 views in 12 months.
Main site,479,5 Thin pages nothing links to,News posts,North star academy stanford 2021 credo,https://uncommonschools.org/news/north-star-academy-stanford-2021-credo/,yes,Kill,Old news (2021); 3 views in 12 months.
Main site,480,5 Thin pages nothing links to,News posts,North star student awarded njs top youth volunteer,https://uncommonschools.org/news/north-star-student-awarded-njs-top-youth-volunteer/,yes,Kill,Old news (2020); 3 views in 12 months.
Main site,481,5 Thin pages nothing links to,News posts,Rochester prep celebrates graduation and 100 college acceptance,https://uncommonschools.org/news/rochester-prep-celebrates-graduation-and-100-college-acceptance/,yes,Kill,Old news (2019); 3 views in 12 months.
Main site,482,5 Thin pages nothing links to,News posts,The final round brett peiser uncommon adapting hybrid learning,https://uncommonschools.org/news/the-final-round-brett-peiser-uncommon-adapting-hybrid-learning/,yes,Kill,Old news (2020); 3 views in 12 months.
Main site,483,5 Thin pages nothing links to,News posts,The oprah magazine michelle obamas high school surprise,https://uncommonschools.org/news/the-oprah-magazine-michelle-obamas-high-school-surprise/,yes,Kill,Old news (2019); 3 views in 12 months.
Main site,484,5 Thin pages nothing links to,News posts,Uncommon partners citis e for education campaign 6th year,https://uncommonschools.org/news/uncommon-partners-citis-e-for-education-campaign-6th-year/,yes,Kill,Old news (2020); 3 views in 12 months.
Main site,485,5 Thin pages nothing links to,News posts,At uncommon schools helping girls rise,https://uncommonschools.org/news/at-uncommon-schools-helping-girls-rise/,yes,Kill,Old news (2019); 2 views in 12 months.
Main site,486,5 Thin pages nothing links to,News posts,Https www tapinto net towns newark sections education articles parents learning english graduate from north star academy s adult education program,https://uncommonschools.org/news/https-www-tapinto-net-towns-newark-sections-education-articles-parents-learning-english-graduate-from-north-star-academy-s-adult-education-program/,yes,Keep,News from 2026; 2 views in 12 months.
Main site,487,5 Thin pages nothing links to,News posts,Kings county politics uncommon halloween voter event,https://uncommonschools.org/news/kings-county-politics-uncommon-halloween-voter-event/,yes,Kill,Old news (2020); 2 views in 12 months.
Main site,488,5 Thin pages nothing links to,News posts,Nj ed report parent special needs student thankful high school,https://uncommonschools.org/news/nj-ed-report-parent-special-needs-student-thankful-high-school/,yes,Kill,Old news (2021); 2 views in 12 months.
Main site,489,5 Thin pages nothing links to,News posts,Popsugar more black teachers can benefit all students,https://uncommonschools.org/news/popsugar-more-black-teachers-can-benefit-all-students/,yes,Kill,Old news (2020); 2 views in 12 months.
Main site,490,5 Thin pages nothing links to,News posts,Seck barry on camden preps remote learning during the pandemic,https://uncommonschools.org/news/seck-barry-on-camden-preps-remote-learning-during-the-pandemic/,yes,Kill,Old news (2020); 2 views in 12 months.
Main site,491,5 Thin pages nothing links to,News posts,Setting students up for success college and beyond,https://uncommonschools.org/news/setting-students-up-for-success-college-and-beyond/,yes,Kill,Old news (2023); 2 views in 12 months.
Main site,492,5 Thin pages nothing links to,News posts,Tapinto camden opinion how i found a school i love,https://uncommonschools.org/news/tapinto-camden-opinion-how-i-found-a-school-i-love/,yes,Kill,Old news (2021); 2 views in 12 months.
Main site,493,5 Thin pages nothing links to,News posts,Tapinto newark schools get students excited for back to school,https://uncommonschools.org/news/tapinto-newark-schools-get-students-excited-for-back-to-school/,yes,Kill,Old news (2021); 2 views in 12 months.
Main site,494,5 Thin pages nothing links to,News posts,Patch com bbq for a cause celebrates newark,https://uncommonschools.org/news/patch-com-bbq-for-a-cause-celebrates-newark/,yes,Kill,Old news (2021); 1 views in 12 months.
Main site,495,5 Thin pages nothing links to,News posts,Student makes masks health care workers,https://uncommonschools.org/news/student-makes-masks-health-care-workers/,yes,Kill,Old news (2020); 1 views in 12 months.
Main site,496,5 Thin pages nothing links to,News posts,Tapinto newark alumnus returns to alma mater teach,https://uncommonschools.org/news/tapinto-newark-alumnus-returns-to-alma-mater-teach/,yes,Kill,Old news (2020); 1 views in 12 months.
Main site,497,5 Thin pages nothing links to,News posts,Whyy educators try to solve problem that keeps changing during pandemic,https://uncommonschools.org/news/whyy-educators-try-to-solve-problem-that-keeps-changing-during-pandemic/,yes,Kill,Old news (2020); 1 views in 12 months.
Main site,498,5 Thin pages nothing links to,News posts,Essex county chapter of the links north star academy distribute thousands of winter gloves in newark,https://uncommonschools.org/news/essex-county-chapter-of-the-links-north-star-academy-distribute-thousands-of-winter-gloves-in-newark/,yes,Keep,News from 2026; 0 views in 12 months.
Main site,499,5 Thin pages nothing links to,Social media posts,All 141 social media posts (one pick covers the set),,set,Kill,"Social posts captured as pages; 1,402 views across 141 pages in 12 months."
Main site,500,5 Thin pages nothing links to,Social media posts,Dream like martin%e2%a0%80lead like harriet %e2%a0%80fight like malcolm%e2%a0%80think like garvey %e2%a0%80write like maya%e2%a0%80build like madam cj%e2%a0%80speak like frederick%e2%a0%80educa,https://uncommonschools.org/socials/dream-like-martin%e2%a0%80lead-like-harriet-%e2%a0%80fight-like-malcolm%e2%a0%80think-like-garvey-%e2%a0%80write-like-maya%e2%a0%80build-like-madam-cj%e2%a0%80speak-like-frederick%e2%a0%80educa/,in a set,Kill,Social post captured as a page; 271 views in 12 months.
Main site,501,5 Thin pages nothing links to,Social media posts,Hold fast to dreams for if dreams die life is a broken winged bird that cannot fly %e2%a0%80 langston hughes,https://uncommonschools.org/socials/hold-fast-to-dreams-for-if-dreams-die-life-is-a-broken-winged-bird-that-cannot-fly-%e2%a0%80-langston-hughes/,in a set,Kill,Social post captured as a page; 69 views in 12 months.
Main site,502,5 Thin pages nothing links to,Social media posts,North star academy alexander street elementary students celebrated historical figures like martin luther king jr at the schools morning circle,https://uncommonschools.org/socials/north-star-academy-alexander-street-elementary-students-celebrated-historical-figures-like-martin-luther-king-jr-at-the-schools-morning-circle/,in a set,Kill,Social post captured as a page; 39 views in 12 months.
Main site,503,5 Thin pages nothing links to,Social media posts,Leaving behind nights of terror and fear%e2%a0%80i rise%e2%a0%80into a daybreak thats wondrously clear%e2%a0%80i rise%e2%a0%80bringing the gifts that my ancestors gave%e2%a0%80i am the,https://uncommonschools.org/socials/leaving-behind-nights-of-terror-and-fear%e2%a0%80i-rise%e2%a0%80into-a-daybreak-thats-wondrously-clear%e2%a0%80i-rise%e2%a0%80bringing-the-gifts-that-my-ancestors-gave%e2%a0%80i-am-the/,in a set,Kill,Social post captured as a page; 33 views in 12 months.
Main site,504,5 Thin pages nothing links to,Social media posts,We were thrilled to have two uncommon staff members as panelists at last weeks yale school of management education leadership conference%e2%a0%80%e2%a0%80our senior director of data analyt,https://uncommonschools.org/socials/we-were-thrilled-to-have-two-uncommon-staff-members-as-panelists-at-last-weeks-yale-school-of-management-education-leadership-conference%e2%a0%80%e2%a0%80our-senior-director-of-data-analyt/,in a set,Kill,Social post captured as a page; 33 views in 12 months.
Main site,505,5 Thin pages nothing links to,Social media posts,Congratulations to nikki bowen senior principal at excellence boys and excellence girls for being named a woman of excellence by senator_hamilton,https://uncommonschools.org/socials/congratulations-to-nikki-bowen-senior-principal-at-excellence-boys-and-excellence-girls-for-being-named-a-woman-of-excellence-by-senator_hamilton/,in a set,Kill,Social post captured as a page; 28 views in 12 months.
Main site,506,5 Thin pages nothing links to,Social media posts,When you need to get the whole squad in the picture%e2%a0%80%e2%a0%80great photo troy prep elementary,https://uncommonschools.org/socials/when-you-need-to-get-the-whole-squad-in-the-picture%e2%a0%80%e2%a0%80great-photo-troy-prep-elementary/,in a set,Kill,Social post captured as a page; 24 views in 12 months.
Main site,507,5 Thin pages nothing links to,Social media posts,Today we remember dr martin luther king jr whose life was tragically cut short by an assassins bullet 50 years ago today %e2%a0%80%e2%a0%80his words his actions and his vision for a more jus,https://uncommonschools.org/socials/today-we-remember-dr-martin-luther-king-jr-whose-life-was-tragically-cut-short-by-an-assassins-bullet-50-years-ago-today-%e2%a0%80%e2%a0%80his-words-his-actions-and-his-vision-for-a-more-jus/,in a set,Kill,Social post captured as a page; 23 views in 12 months.
Main site,508,5 Thin pages nothing links to,Social media posts,How can students use their voices for change and call for an end to violence in their communities%e2%a0%80%e2%a0%80leadership prep canarsie partnered with the crown heights community mediation cent,https://uncommonschools.org/socials/how-can-students-use-their-voices-for-change-and-call-for-an-end-to-violence-in-their-communities%e2%a0%80%e2%a0%80leadership-prep-canarsie-partnered-with-the-crown-heights-community-mediation-cent/,in a set,Kill,Social post captured as a page; 20 views in 12 months.
Main site,509,5 Thin pages nothing links to,Social media posts,The most luxurious possession the richest treasure anybody has is his personal dignity %e2%a0%80 jackie robinson,https://uncommonschools.org/socials/the-most-luxurious-possession-the-richest-treasure-anybody-has-is-his-personal-dignity-%e2%a0%80-jackie-robinson/,in a set,Kill,Social post captured as a page; 19 views in 12 months.
Main site,510,5 Thin pages nothing links to,Social media posts,North star academy vailsburg middle school students received a devilishly good surprise as the njdevils mascot and former player ken daneyko visited the school%e2%a0%80%e2%a0%80thanks for stopping,https://uncommonschools.org/socials/north-star-academy-vailsburg-middle-school-students-received-a-devilishly-good-surprise-as-the-njdevils-mascot-and-former-player-ken-daneyko-visited-the-school%e2%a0%80%e2%a0%80thanks-for-stopping/,in a set,Kill,Social post captured as a page; 18 views in 12 months.
Main site,511,5 Thin pages nothing links to,Social media posts,There is no longer a closed door between district and charter schools that door is open go out there and find out where the pockets of excellence exist share what you are learning the bes,https://uncommonschools.org/socials/there-is-no-longer-a-closed-door-between-district-and-charter-schools-that-door-is-open-go-out-there-and-find-out-where-the-pockets-of-excellence-exist-share-what-you-are-learning-the-bes/,in a set,Kill,Social post captured as a page; 18 views in 12 months.
Main site,512,5 Thin pages nothing links to,Social media posts,We were proud to have the opportunity to present about our partnership with the new york city department of education at the aera_edresearch conference%e2%a0%80%e2%a0%80were always excited to sh,https://uncommonschools.org/socials/we-were-proud-to-have-the-opportunity-to-present-about-our-partnership-with-the-new-york-city-department-of-education-at-the-aera_edresearch-conference%e2%a0%80%e2%a0%80were-always-excited-to-sh/,in a set,Kill,Social post captured as a page; 18 views in 12 months.
Main site,513,5 Thin pages nothing links to,Social media posts,Today was a big day at leadership prep ocean hill as students learned the school was named a national blue ribbon school an honor given to only the highest performing schools in the country news 1,https://uncommonschools.org/socials/today-was-a-big-day-at-leadership-prep-ocean-hill-as-students-learned-the-school-was-named-a-national-blue-ribbon-school-an-honor-given-to-only-the-highest-performing-schools-in-the-country-news-1/,in a set,Kill,Social post captured as a page; 17 views in 12 months.
Main site,514,5 Thin pages nothing links to,Social media posts,We are thrilled to announce that leadership prep ocean hill has been awarded the national blue ribbon award by the u s department of education a prize only awarded to the highest achieving schools i,https://uncommonschools.org/socials/we-are-thrilled-to-announce-that-leadership-prep-ocean-hill-has-been-awarded-the-national-blue-ribbon-award-by-the-u-s-department-of-education-a-prize-only-awarded-to-the-highest-achieving-schools-i/,in a set,Kill,Social post captured as a page; 17 views in 12 months.
Main site,515,5 Thin pages nothing links to,Social media posts,North star academy washington park high school students visited the trading floor at citi to get a first hand look at what its like to work in finance %e2%a0%80%e2%a0%80thanks for having us,https://uncommonschools.org/socials/north-star-academy-washington-park-high-school-students-visited-the-trading-floor-at-citi-to-get-a-first-hand-look-at-what-its-like-to-work-in-finance-%e2%a0%80%e2%a0%80thanks-for-having-us/,in a set,Kill,Social post captured as a page; 16 views in 12 months.
Main site,516,5 Thin pages nothing links to,Social media posts,These uncommon collegiate charter high school students are all smiles because theyre uccs first ever posse scholars%e2%a0%80%e2%a0%80as posse scholars deanna and kieara will both,https://uncommonschools.org/socials/these-uncommon-collegiate-charter-high-school-students-are-all-smiles-because-theyre-uccs-first-ever-posse-scholars%e2%a0%80%e2%a0%80as-posse-scholars-deanna-and-kieara-will-both/,in a set,Kill,Social post captured as a page; 16 views in 12 months.
Main site,517,5 Thin pages nothing links to,Social media posts,Good morning from uncommon charter high school where were diving into a great habits great readers session with nyc department of education teachers and leaders,https://uncommonschools.org/socials/good-morning-from-uncommon-charter-high-school-where-were-diving-into-a-great-habits-great-readers-session-with-nyc-department-of-education-teachers-and-leaders/,in a set,Kill,Social post captured as a page; 14 views in 12 months.
Main site,518,5 Thin pages nothing links to,Social media posts,Leadership prep ocean hill school leaders traveled to washington d c to receive the schools national blue ribbon award a prize awarded to only the highest achieving schools in the nation%e2%a0%80,https://uncommonschools.org/socials/leadership-prep-ocean-hill-school-leaders-traveled-to-washington-d-c-to-receive-the-schools-national-blue-ribbon-award-a-prize-awarded-to-only-the-highest-achieving-schools-in-the-nation%e2%a0%80/,in a set,Kill,Social post captured as a page; 14 views in 12 months.
Main site,519,5 Thin pages nothing links to,Social media posts,Thank you to the national association of charter school authorizers for inviting us to present on our district charter partnership with the new york city department of education%e2%a0%80%e2%a0%80we,https://uncommonschools.org/socials/thank-you-to-the-national-association-of-charter-school-authorizers-for-inviting-us-to-present-on-our-district-charter-partnership-with-the-new-york-city-department-of-education%e2%a0%80%e2%a0%80we/,in a set,Kill,Social post captured as a page; 14 views in 12 months.
Main site,520,5 Thin pages nothing links to,Social media posts,This month and every month we celebrate the countless black historical figures who worked tirelessly for equality and social justice %e2%a0%80%e2%a0%80and were inspired by those,https://uncommonschools.org/socials/this-month-and-every-month-we-celebrate-the-countless-black-historical-figures-who-worked-tirelessly-for-equality-and-social-justice-%e2%a0%80%e2%a0%80and-were-inspired-by-those/,in a set,Kill,Social post captured as a page; 14 views in 12 months.
Main site,521,5 Thin pages nothing links to,Social media posts,Roxbury prep high school students wowed their teachers and peers with their ap capstone presentations,https://uncommonschools.org/socials/roxbury-prep-high-school-students-wowed-their-teachers-and-peers-with-their-ap-capstone-presentations/,in a set,Kill,Social post captured as a page; 13 views in 12 months.
Main site,522,5 Thin pages nothing links to,Social media posts,Theyre not throwing away their shot %f0%9f%92%83 north star academy vailsburg middle school students tore up the stage with a night of music by lin manuel miranda including this song from hamilto,https://uncommonschools.org/socials/theyre-not-throwing-away-their-shot-%f0%9f%92%83-north-star-academy-vailsburg-middle-school-students-tore-up-the-stage-with-a-night-of-music-by-lin-manuel-miranda-including-this-song-from-hamilto/,in a set,Kill,Social post captured as a page; 13 views in 12 months.
Main site,523,5 Thin pages nothing links to,Social media posts,Good morning from new haven if youre at the yale som education leadership conference come say hi today were at table 11,https://uncommonschools.org/socials/good-morning-from-new-haven-if-youre-at-the-yale-som-education-leadership-conference-come-say-hi-today-were-at-table-11/,in a set,Kill,Social post captured as a page; 12 views in 12 months.
Main site,524,5 Thin pages nothing links to,Social media posts,North star academy high school students had a chance to meet former vice president joe biden and ask him questions about his life in public service and his new book at audible_com yesterday %e2%a0%80,https://uncommonschools.org/socials/north-star-academy-high-school-students-had-a-chance-to-meet-former-vice-president-joe-biden-and-ask-him-questions-about-his-life-in-public-service-and-his-new-book-at-audible_com-yesterday-%e2%a0%80/,in a set,Kill,Social post captured as a page; 12 views in 12 months.
Main site,525,5 Thin pages nothing links to,Social media posts,The leadership prep canarsie cheer squad has s p i r i t s p i r i t spirit%e2%a0%80%e2%a0%80here they are prepping to cheer along during the schools march madness basketball tournament,https://uncommonschools.org/socials/the-leadership-prep-canarsie-cheer-squad-has-s-p-i-r-i-t-s-p-i-r-i-t-spirit%e2%a0%80%e2%a0%80here-they-are-prepping-to-cheer-along-during-the-schools-march-madness-basketball-tournament/,in a set,Kill,Social post captured as a page; 12 views in 12 months.
Main site,526,5 Thin pages nothing links to,Social media posts,Brownsville collegiate students learned more about kente cloth the most widely known type of african cloth at the schools diaspora day,https://uncommonschools.org/socials/brownsville-collegiate-students-learned-more-about-kente-cloth-the-most-widely-known-type-of-african-cloth-at-the-schools-diaspora-day/,in a set,Kill,Social post captured as a page; 11 views in 12 months.
Main site,527,5 Thin pages nothing links to,Social media posts,You are never too old to set another goal or to dream a new dream %e2%a0%80 c s lewis%e2%a0%80%e2%a0%80happy new year what are your dreams and goals for 2018%e2%a0%80,https://uncommonschools.org/socials/you-are-never-too-old-to-set-another-goal-or-to-dream-a-new-dream-%e2%a0%80-c-s-lewis%e2%a0%80%e2%a0%80happy-new-year-what-are-your-dreams-and-goals-for-2018%e2%a0%80/,in a set,Kill,Social post captured as a page; 11 views in 12 months.
Main site,528,5 Thin pages nothing links to,Social media posts,Every movement needs a leader uncommon schools is hiring principal fellows and operations fellows to lead great schools and help us learn more and apply today bit ly 2r3ozco link in profile,https://uncommonschools.org/socials/every-movement-needs-a-leader-uncommon-schools-is-hiring-principal-fellows-and-operations-fellows-to-lead-great-schools-and-help-us-learn-more-and-apply-today-bit-ly-2r3ozco-link-in-profile/,in a set,Kill,Social post captured as a page; 10 views in 12 months.
Main site,529,5 Thin pages nothing links to,Social media posts,Got talent these roxbury prep lucy stone campus students do,https://uncommonschools.org/socials/got-talent-these-roxbury-prep-lucy-stone-campus-students-do/,in a set,Kill,Social post captured as a page; 10 views in 12 months.
Main site,530,5 Thin pages nothing links to,Social media posts,Hands in the air if youre ready to this week %f0%9f%99%8c,https://uncommonschools.org/socials/hands-in-the-air-if-youre-ready-to-this-week-%f0%9f%99%8c/,in a set,Kill,Social post captured as a page; 10 views in 12 months.
Main site,531,5 Thin pages nothing links to,Social media posts,On this we look back on a visit to north star academy by then presidential candidate george w bush in 2000 %e2%a0%80%e2%a0%80north stars wait list of eager families had grown to 550 students the,https://uncommonschools.org/socials/on-this-we-look-back-on-a-visit-to-north-star-academy-by-then-presidential-candidate-george-w-bush-in-2000-%e2%a0%80%e2%a0%80north-stars-wait-list-of-eager-families-had-grown-to-550-students-the/,in a set,Kill,Social post captured as a page; 10 views in 12 months.
Main site,532,5 Thin pages nothing links to,Social media posts,Today you are you that is truer than true there is no one alive that is you er than you dr seuss%e2%a0%80%e2%a0%80happy storybook character day from excellence girls,https://uncommonschools.org/socials/today-you-are-you-that-is-truer-than-true-there-is-no-one-alive-that-is-you-er-than-you-dr-seuss%e2%a0%80%e2%a0%80happy-storybook-character-day-from-excellence-girls/,in a set,Kill,Social post captured as a page; 10 views in 12 months.
Main site,533,5 Thin pages nothing links to,Social media posts,I feel like im a step ahead of other students going into college %e2%a0%80%e2%a0%80rochester prep high school students recently completed capstone projects partnering wit,https://uncommonschools.org/socials/i-feel-like-im-a-step-ahead-of-other-students-going-into-college-%e2%a0%80%e2%a0%80rochester-prep-high-school-students-recently-completed-capstone-projects-partnering-wit/,in a set,Kill,Social post captured as a page; 9 views in 12 months.
Main site,534,5 Thin pages nothing links to,Social media posts,Leadership brownsville students celebrated receiving a 75 or above on their first math ia with an in the green day,https://uncommonschools.org/socials/leadership-brownsville-students-celebrated-receiving-a-75-or-above-on-their-first-math-ia-with-an-in-the-green-day/,in a set,Kill,Social post captured as a page; 9 views in 12 months.
Main site,535,5 Thin pages nothing links to,Social media posts,North star academy fairmount elementary school students flew their way through pivotal moments in black history for,https://uncommonschools.org/socials/north-star-academy-fairmount-elementary-school-students-flew-their-way-through-pivotal-moments-in-black-history-for/,in a set,Kill,Social post captured as a page; 9 views in 12 months.
Main site,536,5 Thin pages nothing links to,Social media posts,Our crowdfunding campaign to send uncommon high school students to the summer programs of their dreams is open through april 13%e2%a0%80%e2%a0%80support an today at wishbone org uncommon summer,https://uncommonschools.org/socials/our-crowdfunding-campaign-to-send-uncommon-high-school-students-to-the-summer-programs-of-their-dreams-is-open-through-april-13%e2%a0%80%e2%a0%80support-an-today-at-wishbone-org-uncommon-summer/,in a set,Kill,Social post captured as a page; 9 views in 12 months.
Main site,537,5 Thin pages nothing links to,Social media posts,We hope you have a truly super sunday like these roxbury prep high school students %f0%9f%8f%88,https://uncommonschools.org/socials/we-hope-you-have-a-truly-super-sunday-like-these-roxbury-prep-high-school-students-%f0%9f%8f%88/,in a set,Kill,Social post captured as a page; 9 views in 12 months.
Main site,538,5 Thin pages nothing links to,Social media posts,We march for freedom now%e2%a0%80%e2%a0%80north star academy liberty elementary students reenacted pivotal moments from history at the schools performance,https://uncommonschools.org/socials/we-march-for-freedom-now%e2%a0%80%e2%a0%80north-star-academy-liberty-elementary-students-reenacted-pivotal-moments-from-history-at-the-schools-performance/,in a set,Kill,Social post captured as a page; 9 views in 12 months.
Main site,539,5 Thin pages nothing links to,Social media posts,Every movement needs a leader uncommon schools is hiring principal fellows and operations fellows to lead great schools and help us learn more and apply today link in profile %e2%98%9d%ef%b8%8f b,https://uncommonschools.org/socials/every-movement-needs-a-leader-uncommon-schools-is-hiring-principal-fellows-and-operations-fellows-to-lead-great-schools-and-help-us-learn-more-and-apply-today-link-in-profile-%e2%98%9d%ef%b8%8f-b/,in a set,Kill,Social post captured as a page; 8 views in 12 months.
Main site,540,5 Thin pages nothing links to,Social media posts,In celebrating their 25th anniversary teach for america new jersey highlighted our very own julie jackson who was a 1994 corps member congratulations tfa nj on 25 years http bit ly 2fmvr3j,https://uncommonschools.org/socials/in-celebrating-their-25th-anniversary-teach-for-america-new-jersey-highlighted-our-very-own-julie-jackson-who-was-a-1994-corps-member-congratulations-tfa-nj-on-25-years-http-bit-ly-2fmvr3j/,in a set,Kill,Social post captured as a page; 8 views in 12 months.
Main site,541,5 Thin pages nothing links to,Social media posts,Kindergartners at uncommon schools leadership prep brownsville are excited to show off their favorite books on pajama day,https://uncommonschools.org/socials/kindergartners-at-uncommon-schools-leadership-prep-brownsville-are-excited-to-show-off-their-favorite-books-on-pajama-day/,in a set,Kill,Social post captured as a page; 8 views in 12 months.
Main site,542,5 Thin pages nothing links to,Social media posts,Thank you to the hundreds of families and staff members who attended the inaugural north star academy and camden prep fall festival %e2%a0%80%e2%a0%80we had a blast coming together as a community t,https://uncommonschools.org/socials/thank-you-to-the-hundreds-of-families-and-staff-members-who-attended-the-inaugural-north-star-academy-and-camden-prep-fall-festival-%e2%a0%80%e2%a0%80we-had-a-blast-coming-together-as-a-community-t/,in a set,Kill,Social post captured as a page; 8 views in 12 months.
Main site,543,5 Thin pages nothing links to,Social media posts,That friday feeling troy prep middle school students are celebrating completing the first round of interim assessments this year,https://uncommonschools.org/socials/that-friday-feeling-troy-prep-middle-school-students-are-celebrating-completing-the-first-round-of-interim-assessments-this-year/,in a set,Kill,Social post captured as a page; 8 views in 12 months.
Main site,544,5 Thin pages nothing links to,Social media posts,The support that the teachers give you in your dreams and in your classes really helps you towards building a better future watch north star academy students talk about the power of,https://uncommonschools.org/socials/the-support-that-the-teachers-give-you-in-your-dreams-and-in-your-classes-really-helps-you-towards-building-a-better-future-watch-north-star-academy-students-talk-about-the-power-of/,in a set,Kill,Social post captured as a page; 8 views in 12 months.
Main site,545,5 Thin pages nothing links to,Social media posts,Theres nothing wrong in education that cant be fixed by whats right in education %e2%a0%80%e2%a0%80it was great to hear from former uncommon managing director,https://uncommonschools.org/socials/theres-nothing-wrong-in-education-that-cant-be-fixed-by-whats-right-in-education-%e2%a0%80%e2%a0%80it-was-great-to-hear-from-former-uncommon-managing-director/,in a set,Kill,Social post captured as a page; 8 views in 12 months.
Main site,546,5 Thin pages nothing links to,Social media posts,Uncommon students families and staff members take to the streets of dc for,https://uncommonschools.org/socials/uncommon-students-families-and-staff-members-take-to-the-streets-of-dc-for/,in a set,Kill,Social post captured as a page; 8 views in 12 months.
Main site,547,5 Thin pages nothing links to,Social media posts,We believe that they can all achieve at high rates so i wanted to take that chance to be on the right side of history %e2%a0%80 %e2%a0%80in 2014 uncommon undertook its first turna,https://uncommonschools.org/socials/we-believe-that-they-can-all-achieve-at-high-rates-so-i-wanted-to-take-that-chance-to-be-on-the-right-side-of-history-%e2%a0%80-%e2%a0%80in-2014-uncommon-undertook-its-first-turna/,in a set,Kill,Social post captured as a page; 8 views in 12 months.
Main site,548,5 Thin pages nothing links to,Social media posts,Were thrilled to partner with morehouse1867 for a teach like a champion workshop%e2%a0%80%e2%a0%80through this partnership we continue our mission of increasing the number of black men e,https://uncommonschools.org/socials/were-thrilled-to-partner-with-morehouse1867-for-a-teach-like-a-champion-workshop%e2%a0%80%e2%a0%80through-this-partnership-we-continue-our-mission-of-increasing-the-number-of-black-men-e/,in a set,Kill,Social post captured as a page; 8 views in 12 months.
Main site,549,5 Thin pages nothing links to,Social media posts,Enoughisenough,https://uncommonschools.org/socials/enoughisenough/,in a set,Kill,Social post captured as a page; 7 views in 12 months.
Main site,550,5 Thin pages nothing links to,Social media posts,Get a birds eye view of morning dodgeball at roxbury prep lucy stone campus,https://uncommonschools.org/socials/get-a-birds-eye-view-of-morning-dodgeball-at-roxbury-prep-lucy-stone-campus/,in a set,Kill,Social post captured as a page; 7 views in 12 months.
Main site,551,5 Thin pages nothing links to,Social media posts,In 10 days we head to albany to make our voices heard in support of educational equality%e2%a0%80,https://uncommonschools.org/socials/in-10-days-we-head-to-albany-to-make-our-voices-heard-in-support-of-educational-equality%e2%a0%80/,in a set,Kill,Social post captured as a page; 7 views in 12 months.
Main site,552,5 Thin pages nothing links to,Social media posts,Kings elementary school families were bookworms at the schools first family friday of the year,https://uncommonschools.org/socials/kings-elementary-school-families-were-bookworms-at-the-schools-first-family-friday-of-the-year/,in a set,Kill,Social post captured as a page; 7 views in 12 months.
Main site,553,5 Thin pages nothing links to,Social media posts,Leadership prep canarsie elementary students wowed the audience at their annual holiday performance,https://uncommonschools.org/socials/leadership-prep-canarsie-elementary-students-wowed-the-audience-at-their-annual-holiday-performance/,in a set,Kill,Social post captured as a page; 7 views in 12 months.
Main site,554,5 Thin pages nothing links to,Social media posts,Leadership prep canarsie got decked out in pink for a good cause this weekend at the making strides against breast cancer walk at coney island,https://uncommonschools.org/socials/leadership-prep-canarsie-got-decked-out-in-pink-for-a-good-cause-this-weekend-at-the-making-strides-against-breast-cancer-walk-at-coney-island/,in a set,Kill,Social post captured as a page; 7 views in 12 months.
Main site,555,5 Thin pages nothing links to,Social media posts,Our students tremendous achievement on the 2017 new jersey parcc exams continues to prove that zip code is not destiny %e2%a0%80%e2%a0%80for more information on our results visit uncommo,https://uncommonschools.org/socials/our-students-tremendous-achievement-on-the-2017-new-jersey-parcc-exams-continues-to-prove-that-zip-code-is-not-destiny-%e2%a0%80%e2%a0%80for-more-information-on-our-results-visit-uncommo/,in a set,Kill,Social post captured as a page; 7 views in 12 months.
Main site,556,5 Thin pages nothing links to,Social media posts,Roxbury prep dorchester campus has its own superheroes ready to save the day %f0%9f%92%aa,https://uncommonschools.org/socials/roxbury-prep-dorchester-campus-has-its-own-superheroes-ready-to-save-the-day-%f0%9f%92%aa/,in a set,Kill,Social post captured as a page; 7 views in 12 months.
Main site,557,5 Thin pages nothing links to,Social media posts,Roxbury prep lucy stone campus students tested their hypotheses with science experiments at the northeastern chemistry lab thanks for having us,https://uncommonschools.org/socials/roxbury-prep-lucy-stone-campus-students-tested-their-hypotheses-with-science-experiments-at-the-northeastern-chemistry-lab-thanks-for-having-us/,in a set,Kill,Social post captured as a page; 7 views in 12 months.
Main site,558,5 Thin pages nothing links to,Social media posts,Thank you to former u s education secretary arne duncan for moderating a conversation at charter school growth funds retreat with uncommon alumna joemi espinal uchs class of 2013 %e2%a0%80,https://uncommonschools.org/socials/thank-you-to-former-u-s-education-secretary-arne-duncan-for-moderating-a-conversation-at-charter-school-growth-funds-retreat-with-uncommon-alumna-joemi-espinal-uchs-class-of-2013-%e2%a0%80/,in a set,Kill,Social post captured as a page; 7 views in 12 months.
Main site,559,5 Thin pages nothing links to,Social media posts,These rochester prep 4th grade students didnt throw away their shot and killed it with this performance of my shot from hamiltonmusical thanks for being in the room where,https://uncommonschools.org/socials/these-rochester-prep-4th-grade-students-didnt-throw-away-their-shot-and-killed-it-with-this-performance-of-my-shot-from-hamiltonmusical-thanks-for-being-in-the-room-where/,in a set,Kill,Social post captured as a page; 7 views in 12 months.
Main site,560,5 Thin pages nothing links to,Social media posts,Today we remember martin luther king jr and celebrate his dream of a more just world %e2%a0%80%e2%a0%80he remains a daily inspiration in the fight for social justice and equality,https://uncommonschools.org/socials/today-we-remember-martin-luther-king-jr-and-celebrate-his-dream-of-a-more-just-world-%e2%a0%80%e2%a0%80he-remains-a-daily-inspiration-in-the-fight-for-social-justice-and-equality/,in a set,Kill,Social post captured as a page; 7 views in 12 months.
Main site,561,5 Thin pages nothing links to,Social media posts,Uncommon charter high school staff members more than 75 of them showed off their saber pride in their best holiday swag,https://uncommonschools.org/socials/uncommon-charter-high-school-staff-members-more-than-75-of-them-showed-off-their-saber-pride-in-their-best-holiday-swag/,in a set,Kill,Social post captured as a page; 7 views in 12 months.
Main site,562,5 Thin pages nothing links to,Social media posts,We were honored to have paolamendoza artistic director of womensmarch visit our school %e2%a0%80%e2%a0%80thank you for inspiring us many of our teachers and students marched in manhatt,https://uncommonschools.org/socials/we-were-honored-to-have-paolamendoza-artistic-director-of-womensmarch-visit-our-school-%e2%a0%80%e2%a0%80thank-you-for-inspiring-us-many-of-our-teachers-and-students-marched-in-manhatt/,in a set,Kill,Social post captured as a page; 7 views in 12 months.
Main site,563,5 Thin pages nothing links to,Social media posts,Were so proud of our north star academy high school students jahne and lynn for making history they won the highly prestigious harvard high school policy debate tournament by all accounts,https://uncommonschools.org/socials/were-so-proud-of-our-north-star-academy-high-school-students-jahne-and-lynn-for-making-history-they-won-the-highly-prestigious-harvard-high-school-policy-debate-tournament-by-all-accounts/,in a set,Kill,Social post captured as a page; 7 views in 12 months.
Main site,564,5 Thin pages nothing links to,Social media posts,With the first night of hanukkah last night troy prep%e2%80%8b elementary school students got into the holiday spirit with i have a little dreidel at the schools holiday co,https://uncommonschools.org/socials/with-the-first-night-of-hanukkah-last-night-troy-prep%e2%80%8b-elementary-school-students-got-into-the-holiday-spirit-with-i-have-a-little-dreidel-at-the-schools-holiday-co/,in a set,Kill,Social post captured as a page; 7 views in 12 months.
Main site,565,5 Thin pages nothing links to,Social media posts,And because hes thriving hes going to college i believe that and he believes that and no one better think they can take that away from us %e2%a0%80 north star a,https://uncommonschools.org/socials/and-because-hes-thriving-hes-going-to-college-i-believe-that-and-he-believes-that-and-no-one-better-think-they-can-take-that-away-from-us-%e2%a0%80-north-star-a/,in a set,Kill,Social post captured as a page; 6 views in 12 months.
Main site,566,5 Thin pages nothing links to,Social media posts,Every movement needs a leader uncommon schools is hiring principal fellows and operations fellows to lead great schools and help us learn more and apply today bit ly 2r3ozco link in profile 2,https://uncommonschools.org/socials/every-movement-needs-a-leader-uncommon-schools-is-hiring-principal-fellows-and-operations-fellows-to-lead-great-schools-and-help-us-learn-more-and-apply-today-bit-ly-2r3ozco-link-in-profile-2/,in a set,Kill,Social post captured as a page; 6 views in 12 months.
Main site,567,5 Thin pages nothing links to,Social media posts,Excellence girls 5th and 6th grade students got a taste of college life at columbia and ccnycitycollege,https://uncommonschools.org/socials/excellence-girls-5th-and-6th-grade-students-got-a-taste-of-college-life-at-columbia-and-ccnycitycollege/,in a set,Kill,Social post captured as a page; 6 views in 12 months.
Main site,568,5 Thin pages nothing links to,Social media posts,Excellence girls recently celebrated the 100th day of school we are 100 days smarter but we feel 100 years wiser,https://uncommonschools.org/socials/excellence-girls-recently-celebrated-the-100th-day-of-school-we-are-100-days-smarter-but-we-feel-100-years-wiser/,in a set,Kill,Social post captured as a page; 6 views in 12 months.
Main site,569,5 Thin pages nothing links to,Social media posts,How many digits of pi do you know one roxbury prep student memorized 336 digits to top off celebrations students had the chance to pie their teachers,https://uncommonschools.org/socials/how-many-digits-of-pi-do-you-know-one-roxbury-prep-student-memorized-336-digits-to-top-off-celebrations-students-had-the-chance-to-pie-their-teachers/,in a set,Kill,Social post captured as a page; 6 views in 12 months.
Main site,570,5 Thin pages nothing links to,Social media posts,Kindergarten students at troy prep elementary got ready for earth day by teaching their peers about recycling,https://uncommonschools.org/socials/kindergarten-students-at-troy-prep-elementary-got-ready-for-earth-day-by-teaching-their-peers-about-recycling/,in a set,Kill,Social post captured as a page; 6 views in 12 months.
Main site,571,5 Thin pages nothing links to,Social media posts,Ocean hill collegiate students got a taste of college life on a field trip to columbia,https://uncommonschools.org/socials/ocean-hill-collegiate-students-got-a-taste-of-college-life-on-a-field-trip-to-columbia/,in a set,Kill,Social post captured as a page; 6 views in 12 months.
Main site,572,5 Thin pages nothing links to,Social media posts,Rochester west campus middle school students showed off their beautiful voices at the schools holiday concert,https://uncommonschools.org/socials/rochester-west-campus-middle-school-students-showed-off-their-beautiful-voices-at-the-schools-holiday-concert/,in a set,Kill,Social post captured as a page; 6 views in 12 months.
Main site,573,5 Thin pages nothing links to,Social media posts,Roxbury prep high school celebrated its honor roll students and students nominated for the schools sonia sotomayor society for embodying justice and commitment to others congratulations eve,https://uncommonschools.org/socials/roxbury-prep-high-school-celebrated-its-honor-roll-students-and-students-nominated-for-the-schools-sonia-sotomayor-society-for-embodying-justice-and-commitment-to-others-congratulations-eve/,in a set,Kill,Social post captured as a page; 6 views in 12 months.
Main site,574,5 Thin pages nothing links to,Social media posts,Through research projects with rittigers faculty and students rochester prep high school seniors received hands on college level experience in fields theyre passionate about %e2%a0%80%e2%a0%80r,https://uncommonschools.org/socials/through-research-projects-with-rittigers-faculty-and-students-rochester-prep-high-school-seniors-received-hands-on-college-level-experience-in-fields-theyre-passionate-about-%e2%a0%80%e2%a0%80r/,in a set,Kill,Social post captured as a page; 6 views in 12 months.
Main site,575,5 Thin pages nothing links to,Social media posts,Troy prep had a packed house for their family thanksgiving dinner last week it was so great to see so many families we are thankful for you,https://uncommonschools.org/socials/troy-prep-had-a-packed-house-for-their-family-thanksgiving-dinner-last-week-it-was-so-great-to-see-so-many-families-we-are-thankful-for-you/,in a set,Kill,Social post captured as a page; 6 views in 12 months.
Main site,576,5 Thin pages nothing links to,Social media posts,Uncommon high school students made history today raveen and gabi are the first team of black women in history to make it to the elimination rounds top 8 teams in the tournament of champions the mo,https://uncommonschools.org/socials/uncommon-high-school-students-made-history-today-raveen-and-gabi-are-the-first-team-of-black-women-in-history-to-make-it-to-the-elimination-rounds-top-8-teams-in-the-tournament-of-champions-the-mo/,in a set,Kill,Social post captured as a page; 6 views in 12 months.
Main site,577,5 Thin pages nothing links to,Social media posts,We were thrilled to sit down with morehouse1867 president david a thomas this evening to discuss how we can continue to partner together to increase the number of black men entering the teaching pro,https://uncommonschools.org/socials/we-were-thrilled-to-sit-down-with-morehouse1867-president-david-a-thomas-this-evening-to-discuss-how-we-can-continue-to-partner-together-to-increase-the-number-of-black-men-entering-the-teaching-pro/,in a set,Kill,Social post captured as a page; 6 views in 12 months.
Main site,578,5 Thin pages nothing links to,Social media posts,Were happy to have been a part of citis 5th annual campaign and are so grateful our students had the opportunity to learn about the stock market on a visit to citis trading floor t,https://uncommonschools.org/socials/were-happy-to-have-been-a-part-of-citis-5th-annual-campaign-and-are-so-grateful-our-students-had-the-opportunity-to-learn-about-the-stock-market-on-a-visit-to-citis-trading-floor-t/,in a set,Kill,Social post captured as a page; 6 views in 12 months.
Main site,579,5 Thin pages nothing links to,Social media posts,Who run the world girls %e2%a0%80%e2%a0%80this month and every month we celebrate the women past and present who inspire us every day with their fierce pursuit of equality,https://uncommonschools.org/socials/who-run-the-world-girls-%e2%a0%80%e2%a0%80this-month-and-every-month-we-celebrate-the-women-past-and-present-who-inspire-us-every-day-with-their-fierce-pursuit-of-equality/,in a set,Kill,Social post captured as a page; 6 views in 12 months.
Main site,580,5 Thin pages nothing links to,Social media posts,Camden prep students have big dreams no matter what they want to be when they grow up we know that with a great education theyll,https://uncommonschools.org/socials/camden-prep-students-have-big-dreams-no-matter-what-they-want-to-be-when-they-grow-up-we-know-that-with-a-great-education-theyll/,in a set,Kill,Social post captured as a page; 5 views in 12 months.
Main site,581,5 Thin pages nothing links to,Social media posts,Captured on snapchat jason a senior at uncommon preparatory charter high school finds out he got into mitpics congratulations jason,https://uncommonschools.org/socials/captured-on-snapchat-jason-a-senior-at-uncommon-preparatory-charter-high-school-finds-out-he-got-into-mitpics-congratulations-jason/,in a set,Kill,Social post captured as a page; 5 views in 12 months.
Main site,582,5 Thin pages nothing links to,Social media posts,Congratulations to the student athletes of kings collegiate on another successful fall athletics season,https://uncommonschools.org/socials/congratulations-to-the-student-athletes-of-kings-collegiate-on-another-successful-fall-athletics-season/,in a set,Kill,Social post captured as a page; 5 views in 12 months.
Main site,583,5 Thin pages nothing links to,Social media posts,Every movement needs a leader uncommon schools is hiring principal fellows and operations fellows to lead great schools and help us learn more and apply today bit ly 2r3ozco link in profile 3,https://uncommonschools.org/socials/every-movement-needs-a-leader-uncommon-schools-is-hiring-principal-fellows-and-operations-fellows-to-lead-great-schools-and-help-us-learn-more-and-apply-today-bit-ly-2r3ozco-link-in-profile-3/,in a set,Kill,Social post captured as a page; 5 views in 12 months.
Main site,584,5 Thin pages nothing links to,Social media posts,Kings collegiate students reached new heights on their trip to the liberty science center,https://uncommonschools.org/socials/kings-collegiate-students-reached-new-heights-on-their-trip-to-the-liberty-science-center/,in a set,Kill,Social post captured as a page; 5 views in 12 months.
Main site,585,5 Thin pages nothing links to,Social media posts,Next month well head to albany to make our voices heard in support of educational equality%e2%a0%80%e2%a0%80uncommon nyc families can sign up to join us here https goo gl forms np1g73ho,https://uncommonschools.org/socials/next-month-well-head-to-albany-to-make-our-voices-heard-in-support-of-educational-equality%e2%a0%80%e2%a0%80uncommon-nyc-families-can-sign-up-to-join-us-here-https-goo-gl-forms-np1g73ho/,in a set,Kill,Social post captured as a page; 5 views in 12 months.
Main site,586,5 Thin pages nothing links to,Social media posts,North star academy elementary school 6 students celebrated heroes of the civil rights movement at a morning circle,https://uncommonschools.org/socials/north-star-academy-elementary-school-6-students-celebrated-heroes-of-the-civil-rights-movement-at-a-morning-circle/,in a set,Kill,Social post captured as a page; 5 views in 12 months.
Main site,587,5 Thin pages nothing links to,Social media posts,North star academy vailsburg elementary students let their friends know theyve got star power at a pep rally for the upcoming parcc exams,https://uncommonschools.org/socials/north-star-academy-vailsburg-elementary-students-let-their-friends-know-theyve-got-star-power-at-a-pep-rally-for-the-upcoming-parcc-exams/,in a set,Kill,Social post captured as a page; 5 views in 12 months.
Main site,588,5 Thin pages nothing links to,Social media posts,Snowed in no better time to polish up your resume and take the first step on your next career journey learn more about how you can with uncommon schools and apply today at uncommonschools org caree,https://uncommonschools.org/socials/snowed-in-no-better-time-to-polish-up-your-resume-and-take-the-first-step-on-your-next-career-journey-learn-more-about-how-you-can-with-uncommon-schools-and-apply-today-at-uncommonschools-org-caree/,in a set,Kill,Social post captured as a page; 5 views in 12 months.
Main site,589,5 Thin pages nothing links to,Social media posts,That feeling when you find out you got into wellesleycollege%e2%80%8b %f0%9f%8e%89 %f0%9f%99%8c %f0%9f%91%8f congratulations jessica,https://uncommonschools.org/socials/that-feeling-when-you-find-out-you-got-into-wellesleycollege%e2%80%8b-%f0%9f%8e%89-%f0%9f%99%8c-%f0%9f%91%8f-congratulations-jessica/,in a set,Kill,Social post captured as a page; 5 views in 12 months.
Main site,590,5 Thin pages nothing links to,Social media posts,%e2%80%aatoday we welcomed more than 60 colleges and universities to uncommon charter hs for a college fair attended by uncommon and achievement1st juniors%e2%80%ac,https://uncommonschools.org/socials/%e2%80%aatoday-we-welcomed-more-than-60-colleges-and-universities-to-uncommon-charter-hs-for-a-college-fair-attended-by-uncommon-and-achievement1st-juniors%e2%80%ac/,in a set,Kill,Social post captured as a page; 4 views in 12 months.
Main site,591,5 Thin pages nothing links to,Social media posts,Brownsville collegiate students celebrated hispanic heritage month with dances performances and student speeches,https://uncommonschools.org/socials/brownsville-collegiate-students-celebrated-hispanic-heritage-month-with-dances-performances-and-student-speeches/,in a set,Kill,Social post captured as a page; 4 views in 12 months.
Main site,592,5 Thin pages nothing links to,Social media posts,Congratulations to the kings collegiate varsity volleyball team on wrapping up a successful season,https://uncommonschools.org/socials/congratulations-to-the-kings-collegiate-varsity-volleyball-team-on-wrapping-up-a-successful-season/,in a set,Kill,Social post captured as a page; 4 views in 12 months.
Main site,593,5 Thin pages nothing links to,Social media posts,Groovy excellence girls staff and students got decked out in their disco gear for that 70s day,https://uncommonschools.org/socials/groovy-excellence-girls-staff-and-students-got-decked-out-in-their-disco-gear-for-that-70s-day/,in a set,Kill,Social post captured as a page; 4 views in 12 months.
Main site,594,5 Thin pages nothing links to,Social media posts,It was a stylish week at williamsburg collegiate with students looking cool for new student testing day an honor roll breakfast aaliyah was named 5th grade knight of the week and king cristian cele,https://uncommonschools.org/socials/it-was-a-stylish-week-at-williamsburg-collegiate-with-students-looking-cool-for-new-student-testing-day-an-honor-roll-breakfast-aaliyah-was-named-5th-grade-knight-of-the-week-and-king-cristian-cele/,in a set,Kill,Social post captured as a page; 4 views in 12 months.
Main site,595,5 Thin pages nothing links to,Social media posts,Its not every day you get to hang out with an 85 million year old fish amnh,https://uncommonschools.org/socials/its-not-every-day-you-get-to-hang-out-with-an-85-million-year-old-fish-amnh/,in a set,Kill,Social post captured as a page; 4 views in 12 months.
Main site,596,5 Thin pages nothing links to,Social media posts,Leadership prep brownsville students paid tribute to martin luther king jr and recreated his historic i have a dream speech,https://uncommonschools.org/socials/leadership-prep-brownsville-students-paid-tribute-to-martin-luther-king-jr-and-recreated-his-historic-i-have-a-dream-speech/,in a set,Kill,Social post captured as a page; 4 views in 12 months.
Main site,597,5 Thin pages nothing links to,Social media posts,Leadership prep canarsie students are stepping up their chicken dance game,https://uncommonschools.org/socials/leadership-prep-canarsie-students-are-stepping-up-their-chicken-dance-game/,in a set,Kill,Social post captured as a page; 4 views in 12 months.
Main site,598,5 Thin pages nothing links to,Social media posts,Students at uncommon collegiate ran past their exam fears at their ap exam pep rally were thrilled that 100 of sophomores juniors and seniors at ucc are taking at least one ap exam this week,https://uncommonschools.org/socials/students-at-uncommon-collegiate-ran-past-their-exam-fears-at-their-ap-exam-pep-rally-were-thrilled-that-100-of-sophomores-juniors-and-seniors-at-ucc-are-taking-at-least-one-ap-exam-this-week/,in a set,Kill,Social post captured as a page; 4 views in 12 months.
Main site,599,5 Thin pages nothing links to,Social media posts,Thank you to our uncommon staff families and community members who made this weekends fall festival such an amazing day,https://uncommonschools.org/socials/thank-you-to-our-uncommon-staff-families-and-community-members-who-made-this-weekends-fall-festival-such-an-amazing-day/,in a set,Kill,Social post captured as a page; 4 views in 12 months.
Main site,600,5 Thin pages nothing links to,Social media posts,This rehearsal video has us so excited for camden preps kwanzaa celebration next week,https://uncommonschools.org/socials/this-rehearsal-video-has-us-so-excited-for-camden-preps-kwanzaa-celebration-next-week/,in a set,Kill,Social post captured as a page; 4 views in 12 months.
Main site,601,5 Thin pages nothing links to,Social media posts,This uncommon collegiate charter high school student wanted to prank her college counselor by pretending she was admitted to depauwu watch what happens as she finds out the jokes on her and that s,https://uncommonschools.org/socials/this-uncommon-collegiate-charter-high-school-student-wanted-to-prank-her-college-counselor-by-pretending-she-was-admitted-to-depauwu-watch-what-happens-as-she-finds-out-the-jokes-on-her-and-that-s/,in a set,Kill,Social post captured as a page; 4 views in 12 months.
Main site,602,5 Thin pages nothing links to,Social media posts,Uncommon nyc families were out in full force in brooklyn today to rally for education equality,https://uncommonschools.org/socials/uncommon-nyc-families-were-out-in-full-force-in-brooklyn-today-to-rally-for-education-equality/,in a set,Kill,Social post captured as a page; 4 views in 12 months.
Main site,603,5 Thin pages nothing links to,Social media posts,We built the path to college at our annual home office gingerbread contest,https://uncommonschools.org/socials/we-built-the-path-to-college-at-our-annual-home-office-gingerbread-contest/,in a set,Kill,Social post captured as a page; 4 views in 12 months.
Main site,604,5 Thin pages nothing links to,Social media posts,Were at uncommon charter high school today with 115 nyc department of education teachers and leaders for our uncommon impact training,https://uncommonschools.org/socials/were-at-uncommon-charter-high-school-today-with-115-nyc-department-of-education-teachers-and-leaders-for-our-uncommon-impact-training/,in a set,Kill,Social post captured as a page; 4 views in 12 months.
Main site,605,5 Thin pages nothing links to,Social media posts,When you know exactly what you want to buy at the scholar dollar auction,https://uncommonschools.org/socials/when-you-know-exactly-what-you-want-to-buy-at-the-scholar-dollar-auction/,in a set,Kill,Social post captured as a page; 4 views in 12 months.
Main site,606,5 Thin pages nothing links to,Social media posts,Your this week watch as uncommon charter high school senior jeanette finds out she got into columbia,https://uncommonschools.org/socials/your-this-week-watch-as-uncommon-charter-high-school-senior-jeanette-finds-out-she-got-into-columbia/,in a set,Kill,Social post captured as a page; 4 views in 12 months.
Main site,607,5 Thin pages nothing links to,Social media posts,A girl should be two things who and what she wants,https://uncommonschools.org/socials/a-girl-should-be-two-things-who-and-what-she-wants/,in a set,Kill,Social post captured as a page; 3 views in 12 months.
Main site,608,5 Thin pages nothing links to,Social media posts,Amahri a north star academy senior became north stars first student to receive a division i athletics scholarship shell continue running circles around the competition at manhattanedu n,https://uncommonschools.org/socials/amahri-a-north-star-academy-senior-became-north-stars-first-student-to-receive-a-division-i-athletics-scholarship-shell-continue-running-circles-around-the-competition-at-manhattanedu-n/,in a set,Kill,Social post captured as a page; 3 views in 12 months.
Main site,609,5 Thin pages nothing links to,Social media posts,Are you at come say hi were in booth 354,https://uncommonschools.org/socials/are-you-at-come-say-hi-were-in-booth-354/,in a set,Kill,Social post captured as a page; 3 views in 12 months.
Main site,610,5 Thin pages nothing links to,Social media posts,Boo leadership prep canarsie students scared up some fun as mummies at the halloween relay race,https://uncommonschools.org/socials/boo-leadership-prep-canarsie-students-scared-up-some-fun-as-mummies-at-the-halloween-relay-race/,in a set,Kill,Social post captured as a page; 3 views in 12 months.
Main site,611,5 Thin pages nothing links to,Social media posts,Brrr its cold outside heres a to warm and sunny september when it was perfect for an excellence girls elementary chalk party in the schoolyard,https://uncommonschools.org/socials/brrr-its-cold-outside-heres-a-to-warm-and-sunny-september-when-it-was-perfect-for-an-excellence-girls-elementary-chalk-party-in-the-schoolyard/,in a set,Kill,Social post captured as a page; 3 views in 12 months.
Main site,612,5 Thin pages nothing links to,Social media posts,From our uncommon family to yours we hope you have a magical restful and peaceful holiday season thank you for your continued support of our 18000 students who because of you are on the path to,https://uncommonschools.org/socials/from-our-uncommon-family-to-yours-we-hope-you-have-a-magical-restful-and-peaceful-holiday-season-thank-you-for-your-continued-support-of-our-18000-students-who-because-of-you-are-on-the-path-to/,in a set,Kill,Social post captured as a page; 3 views in 12 months.
Main site,613,5 Thin pages nothing links to,Social media posts,Guns arent worth it but education is worth it,https://uncommonschools.org/socials/guns-arent-worth-it-but-education-is-worth-it/,in a set,Kill,Social post captured as a page; 3 views in 12 months.
Main site,614,5 Thin pages nothing links to,Social media posts,Happy thanksgiving from our uncommon family to yours this year like every year were thankful for you,https://uncommonschools.org/socials/happy-thanksgiving-from-our-uncommon-family-to-yours-this-year-like-every-year-were-thankful-for-you/,in a set,Kill,Social post captured as a page; 3 views in 12 months.
Main site,615,5 Thin pages nothing links to,Social media posts,Kings collegiate students welcomed october with the perfect fall activity pumpkin picking,https://uncommonschools.org/socials/kings-collegiate-students-welcomed-october-with-the-perfect-fall-activity-pumpkin-picking/,in a set,Kill,Social post captured as a page; 3 views in 12 months.
Main site,616,5 Thin pages nothing links to,Social media posts,Leadership prep brownsville students participated in a community meeting about college acceptance and how to set themselves up for success,https://uncommonschools.org/socials/leadership-prep-brownsville-students-participated-in-a-community-meeting-about-college-acceptance-and-how-to-set-themselves-up-for-success/,in a set,Kill,Social post captured as a page; 3 views in 12 months.
Main site,617,5 Thin pages nothing links to,Social media posts,Leadership prep canarsie students conquered bear mountain,https://uncommonschools.org/socials/leadership-prep-canarsie-students-conquered-bear-mountain/,in a set,Kill,Social post captured as a page; 3 views in 12 months.
Main site,618,5 Thin pages nothing links to,Social media posts,Martins dream is forever,https://uncommonschools.org/socials/martins-dream-is-forever/,in a set,Kill,Social post captured as a page; 3 views in 12 months.
Main site,619,5 Thin pages nothing links to,Social media posts,On this valentines day were feeling nothing but love for our entire uncommon family,https://uncommonschools.org/socials/on-this-valentines-day-were-feeling-nothing-but-love-for-our-entire-uncommon-family/,in a set,Kill,Social post captured as a page; 3 views in 12 months.
Main site,620,5 Thin pages nothing links to,Social media posts,Students and staff headed into winter break on a fun note at north star academy vailsburg middle schools winter wobble,https://uncommonschools.org/socials/students-and-staff-headed-into-winter-break-on-a-fun-note-at-north-star-academy-vailsburg-middle-schools-winter-wobble/,in a set,Kill,Social post captured as a page; 3 views in 12 months.
Main site,621,5 Thin pages nothing links to,Social media posts,Uncommon is thrilled to participate in teachforamerica 2018 school leaders of color conference in denver swing by table 19 today at the resource and opportunities fair to chat with us we will also,https://uncommonschools.org/socials/uncommon-is-thrilled-to-participate-in-teachforamerica-2018-school-leaders-of-color-conference-in-denver-swing-by-table-19-today-at-the-resource-and-opportunities-fair-to-chat-with-us-we-will-also/,in a set,Kill,Social post captured as a page; 3 views in 12 months.
Main site,622,5 Thin pages nothing links to,Social media posts,Were thrilled to be spending the next two days with teachers and leaders at our workshop,https://uncommonschools.org/socials/were-thrilled-to-be-spending-the-next-two-days-with-teachers-and-leaders-at-our-workshop/,in a set,Kill,Social post captured as a page; 3 views in 12 months.
Main site,623,5 Thin pages nothing links to,Social media posts,When you can just feel yourself getting smarter,https://uncommonschools.org/socials/when-you-can-just-feel-yourself-getting-smarter/,in a set,Kill,Social post captured as a page; 3 views in 12 months.
Main site,624,5 Thin pages nothing links to,Social media posts,Another day another step closer to college for our students,https://uncommonschools.org/socials/another-day-another-step-closer-to-college-for-our-students/,in a set,Kill,Social post captured as a page; 2 views in 12 months.
Main site,625,5 Thin pages nothing links to,Social media posts,Budding student journalists from rochester prep high school had a chance to interview rochester mayor lovely warren for a photojournalism projectthank you rittigers for your partnership and for th,https://uncommonschools.org/socials/budding-student-journalists-from-rochester-prep-high-school-had-a-chance-to-interview-rochester-mayor-lovely-warren-for-a-photojournalism-projectthank-you-rittigers-for-your-partnership-and-for-th/,in a set,Kill,Social post captured as a page; 2 views in 12 months.
Main site,626,5 Thin pages nothing links to,Social media posts,Congratulations to roxbury prep high school student jadara for winning the city of bostons black history month art competition with her original spoken word piece unbothered,https://uncommonschools.org/socials/congratulations-to-roxbury-prep-high-school-student-jadara-for-winning-the-city-of-bostons-black-history-month-art-competition-with-her-original-spoken-word-piece-unbothered/,in a set,Kill,Social post captured as a page; 2 views in 12 months.
Main site,627,5 Thin pages nothing links to,Social media posts,Enough marchforourlives,https://uncommonschools.org/socials/enough-marchforourlives/,in a set,Kill,Social post captured as a page; 2 views in 12 months.
Main site,628,5 Thin pages nothing links to,Social media posts,Fall has arrived and camden prep students are embracing the season,https://uncommonschools.org/socials/fall-has-arrived-and-camden-prep-students-are-embracing-the-season/,in a set,Kill,Social post captured as a page; 2 views in 12 months.
Main site,629,5 Thin pages nothing links to,Social media posts,Leadership prep canarsie students observed creatures big and small on a trip to the bronx zoo,https://uncommonschools.org/socials/leadership-prep-canarsie-students-observed-creatures-big-and-small-on-a-trip-to-the-bronx-zoo/,in a set,Kill,Social post captured as a page; 2 views in 12 months.
Main site,630,5 Thin pages nothing links to,Social media posts,Not just this month but every day of every month of every year,https://uncommonschools.org/socials/not-just-this-month-but-every-day-of-every-month-of-every-year/,in a set,Kill,Social post captured as a page; 2 views in 12 months.
Main site,631,5 Thin pages nothing links to,Social media posts,Roxbury prep high school students who made the honor roll celebrated with a special breakfast great work students,https://uncommonschools.org/socials/roxbury-prep-high-school-students-who-made-the-honor-roll-celebrated-with-a-special-breakfast-great-work-students/,in a set,Kill,Social post captured as a page; 2 views in 12 months.
Main site,632,5 Thin pages nothing links to,Social media posts,This leadership prep canarsie teacher and his students went on a journey to wakanda with a trip to see black panther,https://uncommonschools.org/socials/this-leadership-prep-canarsie-teacher-and-his-students-went-on-a-journey-to-wakanda-with-a-trip-to-see-black-panther/,in a set,Kill,Social post captured as a page; 2 views in 12 months.
Main site,633,5 Thin pages nothing links to,Social media posts,Uncommon nyc 2018 2019 lottery applications for kindergarten and 5th grade are now open learn more and apply today at uncommonschools org enrollnyc,https://uncommonschools.org/socials/uncommon-nyc-2018-2019-lottery-applications-for-kindergarten-and-5th-grade-are-now-open-learn-more-and-apply-today-at-uncommonschools-org-enrollnyc/,in a set,Kill,Social post captured as a page; 2 views in 12 months.
Main site,634,5 Thin pages nothing links to,Social media posts,Uncommon principals came together for professional development at troy prep even our school leaders are never done learning,https://uncommonschools.org/socials/uncommon-principals-came-together-for-professional-development-at-troy-prep-even-our-school-leaders-are-never-done-learning/,in a set,Kill,Social post captured as a page; 2 views in 12 months.
Main site,635,5 Thin pages nothing links to,Social media posts,At uncommon schools we believe in the potential of every teacher thank you to all of our 2000 teachers who work to for our students every day,https://uncommonschools.org/socials/at-uncommon-schools-we-believe-in-the-potential-of-every-teacher-thank-you-to-all-of-our-2000-teachers-who-work-to-for-our-students-every-day/,in a set,Kill,Social post captured as a page; 1 views in 12 months.
Main site,636,5 Thin pages nothing links to,Social media posts,Black history month is more than just a month its learning remembering and celebrating all year long,https://uncommonschools.org/socials/black-history-month-is-more-than-just-a-month-its-learning-remembering-and-celebrating-all-year-long/,in a set,Kill,Social post captured as a page; 1 views in 12 months.
Main site,637,5 Thin pages nothing links to,Social media posts,Excellence girls elementary students ended 2017 on a high note with a celebration of art music and dance were looking forward to expressing ourselves even more this year,https://uncommonschools.org/socials/excellence-girls-elementary-students-ended-2017-on-a-high-note-with-a-celebration-of-art-music-and-dance-were-looking-forward-to-expressing-ourselves-even-more-this-year/,in a set,Kill,Social post captured as a page; 1 views in 12 months.
Main site,638,5 Thin pages nothing links to,Social media posts,Roxbury prep students took class bonding to new heights on a mountain hike,https://uncommonschools.org/socials/roxbury-prep-students-took-class-bonding-to-new-heights-on-a-mountain-hike/,in a set,Kill,Social post captured as a page; 1 views in 12 months.
Main site,639,5 Thin pages nothing links to,Social media posts,Thank you for so many amazing memories in 2017 we cant wait to with you in 2018,https://uncommonschools.org/socials/thank-you-for-so-many-amazing-memories-in-2017-we-cant-wait-to-with-you-in-2018/,in a set,Kill,Social post captured as a page; 1 views in 12 months.
Main site,640,5 Thin pages nothing links to,Social media posts,We were thrilled to team up with senator jesse hamilton senator_hamilton to distribute turkeys to community members in need for thanksgiving this year,https://uncommonschools.org/socials/we-were-thrilled-to-team-up-with-senator-jesse-hamilton-senator_hamilton-to-distribute-turkeys-to-community-members-in-need-for-thanksgiving-this-year/,in a set,Kill,Social post captured as a page; 1 views in 12 months.
Main site,641,5 Thin pages nothing links to,Auto-generated listing pages,All 76 auto-generated listing pages (one pick covers the set),,set,Kill,"Auto-generated lists; the new site builds its own. 1,635 views across 76 pages in 12 months."
Main site,642,5 Thin pages nothing links to,Auto-generated listing pages,Resource for teachers,https://uncommonschools.org/impact-blog-categorys/resource-for-teachers/,in a set,Kill,Auto-generated list; the new site builds its own lists.
Main site,643,5 Thin pages nothing links to,Auto-generated listing pages,Team,https://uncommonschools.org/roles/team/,in a set,Kill,Auto-generated list; the new site builds its own lists.
Main site,644,5 Thin pages nothing links to,Auto-generated listing pages,Alumni,https://uncommonschools.org/roles/alumni/,in a set,Kill,Auto-generated list; the new site builds its own lists.
Main site,645,5 Thin pages nothing links to,Auto-generated listing pages,Board,https://uncommonschools.org/roles/board/,in a set,Kill,Auto-generated list; the new site builds its own lists.
Main site,646,5 Thin pages nothing links to,Auto-generated listing pages,News,https://uncommonschools.org/category/news/,in a set,Kill,Auto-generated list; the new site builds its own lists.
Main site,647,5 Thin pages nothing links to,Auto-generated listing pages,Resource for teachers,https://uncommonschools.org/impact-blog-tags/resource-for-teachers/,in a set,Kill,Auto-generated list; the new site builds its own lists.
Main site,648,5 Thin pages nothing links to,Auto-generated listing pages,Newark,https://uncommonschools.org/category/newark/,in a set,Kill,Auto-generated list; the new site builds its own lists.
Main site,649,5 Thin pages nothing links to,Auto-generated listing pages,Discourse,https://uncommonschools.org/impact-blog-tags/discourse/,in a set,Kill,Auto-generated list; the new site builds its own lists.
Main site,650,5 Thin pages nothing links to,Auto-generated listing pages,Ela,https://uncommonschools.org/impact-blog-categorys/ela/,in a set,Kill,Auto-generated list; the new site builds its own lists.
Main site,651,5 Thin pages nothing links to,Auto-generated listing pages,Camden,https://uncommonschools.org/category/camden/,in a set,Kill,Auto-generated list; the new site builds its own lists.
Main site,652,5 Thin pages nothing links to,Auto-generated listing pages,Rachel,https://uncommonschools.org/author/rachel/,in a set,Kill,Auto-generated list; the new site builds its own lists.
Main site,653,5 Thin pages nothing links to,Auto-generated listing pages,Boston,https://uncommonschools.org/category/boston/,in a set,Kill,Auto-generated list; the new site builds its own lists.
Main site,654,5 Thin pages nothing links to,Auto-generated listing pages,Boston,https://uncommonschools.org/regions/boston/,in a set,Kill,Auto-generated list; the new site builds its own lists.
Main site,655,5 Thin pages nothing links to,Auto-generated listing pages,Rochester,https://uncommonschools.org/category/rochester/,in a set,Kill,Auto-generated list; the new site builds its own lists.
Main site,656,5 Thin pages nothing links to,Auto-generated listing pages,Troy,https://uncommonschools.org/category/troy/,in a set,Kill,Auto-generated list; the new site builds its own lists.
Main site,657,5 Thin pages nothing links to,Auto-generated listing pages,Ela,https://uncommonschools.org/impact-blog-tags/ela/,in a set,Kill,Auto-generated list; the new site builds its own lists.
Main site,658,5 Thin pages nothing links to,Auto-generated listing pages,Remote learning,https://uncommonschools.org/impact-blog-tags/remote-learning/,in a set,Kill,Auto-generated list; the new site builds its own lists.
Main site,659,5 Thin pages nothing links to,Auto-generated listing pages,Resource for leaders,https://uncommonschools.org/impact-blog-categorys/resource-for-leaders/,in a set,Kill,Auto-generated list; the new site builds its own lists.
Main site,660,5 Thin pages nothing links to,Auto-generated listing pages,Ap seminar,https://uncommonschools.org/impact-blog-tags/ap-seminar/,in a set,Kill,Auto-generated list; the new site builds its own lists.
Main site,661,5 Thin pages nothing links to,Auto-generated listing pages,Small group instruction,https://uncommonschools.org/impact-blog-tags/small-group-instruction/,in a set,Kill,Auto-generated list; the new site builds its own lists.
Main site,662,5 Thin pages nothing links to,Auto-generated listing pages,Writing,https://uncommonschools.org/impact-blog-tags/writing/,in a set,Kill,Auto-generated list; the new site builds its own lists.
Main site,663,5 Thin pages nothing links to,Auto-generated listing pages,New york city,https://uncommonschools.org/category/new-york-city/,in a set,Kill,Auto-generated list; the new site builds its own lists.
Main site,664,5 Thin pages nothing links to,Auto-generated listing pages,Brandi,https://uncommonschools.org/author/brandi/,in a set,Kill,Auto-generated list; the new site builds its own lists.
Main site,665,5 Thin pages nothing links to,Auto-generated listing pages,Ap research,https://uncommonschools.org/impact-blog-tags/ap-research/,in a set,Kill,Auto-generated list; the new site builds its own lists.
Main site,666,5 Thin pages nothing links to,Auto-generated listing pages,Newark,https://uncommonschools.org/regions/newark/,in a set,Kill,Auto-generated list; the new site builds its own lists.
Main site,667,5 Thin pages nothing links to,Auto-generated listing pages,High,https://uncommonschools.org/levels/high/,in a set,Kill,Auto-generated list; the new site builds its own lists.
Main site,668,5 Thin pages nothing links to,Auto-generated listing pages,Kellycarrion,https://uncommonschools.org/author/kellycarrion/,in a set,Kill,Auto-generated list; the new site builds its own lists.
Main site,669,5 Thin pages nothing links to,Auto-generated listing pages,Rochester,https://uncommonschools.org/regions/rochester/,in a set,Kill,Auto-generated list; the new site builds its own lists.
Main site,670,5 Thin pages nothing links to,Auto-generated listing pages,Calculus,https://uncommonschools.org/impact-blog-tags/calculus/,in a set,Kill,Auto-generated list; the new site builds its own lists.
Main site,671,5 Thin pages nothing links to,Auto-generated listing pages,Community,https://uncommonschools.org/impact-blog-tags/community/,in a set,Kill,Auto-generated list; the new site builds its own lists.
Main site,672,5 Thin pages nothing links to,Auto-generated listing pages,Math,https://uncommonschools.org/impact-blog-categorys/math/,in a set,Kill,Auto-generated list; the new site builds its own lists.
Main site,673,5 Thin pages nothing links to,Auto-generated listing pages,Resources for teachers,https://uncommonschools.org/impact-blog-tags/resources-for-teachers/,in a set,Kill,Auto-generated list; the new site builds its own lists.
Main site,674,5 Thin pages nothing links to,Auto-generated listing pages,Sel,https://uncommonschools.org/impact-blog-tags/sel/,in a set,Kill,Auto-generated list; the new site builds its own lists.
Main site,675,5 Thin pages nothing links to,Auto-generated listing pages,Sy 21 22,https://uncommonschools.org/impact-blog-tags/sy-21-22/,in a set,Kill,Auto-generated list; the new site builds its own lists.
Main site,676,5 Thin pages nothing links to,Auto-generated listing pages,Advanced placement,https://uncommonschools.org/impact-blog-tags/advanced-placement/,in a set,Kill,Auto-generated list; the new site builds its own lists.
Main site,677,5 Thin pages nothing links to,Auto-generated listing pages,Leadership development,https://uncommonschools.org/impact-blog-tags/leadership-development/,in a set,Kill,Auto-generated list; the new site builds its own lists.
Main site,678,5 Thin pages nothing links to,Auto-generated listing pages,Leadership development,https://uncommonschools.org/impact-blog-categorys/leadership-development/,in a set,Kill,Auto-generated list; the new site builds its own lists.
Main site,679,5 Thin pages nothing links to,Auto-generated listing pages,Pre k,https://uncommonschools.org/levels/pre-k/,in a set,Kill,Auto-generated list; the new site builds its own lists.
Main site,680,5 Thin pages nothing links to,Auto-generated listing pages,Press release,https://uncommonschools.org/category/press-release/,in a set,Kill,Auto-generated list; the new site builds its own lists.
Main site,681,5 Thin pages nothing links to,Auto-generated listing pages,Reading,https://uncommonschools.org/impact-blog-tags/reading/,in a set,Kill,Auto-generated list; the new site builds its own lists.
Main site,682,5 Thin pages nothing links to,Auto-generated listing pages,Student wellness,https://uncommonschools.org/impact-blog-tags/student-wellness/,in a set,Kill,Auto-generated list; the new site builds its own lists.
Main site,683,5 Thin pages nothing links to,Auto-generated listing pages,Math,https://uncommonschools.org/impact-blog-tags/math/,in a set,Kill,Auto-generated list; the new site builds its own lists.
Main site,684,5 Thin pages nothing links to,Auto-generated listing pages,Summer school,https://uncommonschools.org/impact-blog-tags/summer-school/,in a set,Kill,Auto-generated list; the new site builds its own lists.
Main site,685,5 Thin pages nothing links to,Auto-generated listing pages,Writing conferences,https://uncommonschools.org/impact-blog-tags/writing-conferences/,in a set,Kill,Auto-generated list; the new site builds its own lists.
Main site,686,5 Thin pages nothing links to,Auto-generated listing pages,Camden,https://uncommonschools.org/regions/camden/,in a set,Kill,Auto-generated list; the new site builds its own lists.
Main site,687,5 Thin pages nothing links to,Auto-generated listing pages,Elementary,https://uncommonschools.org/impact-blog-tags/elementary/,in a set,Kill,Auto-generated list; the new site builds its own lists.
Main site,688,5 Thin pages nothing links to,Auto-generated listing pages,Principal fellowship,https://uncommonschools.org/impact-blog-tags/principal-fellowship/,in a set,Kill,Auto-generated list; the new site builds its own lists.
Main site,689,5 Thin pages nothing links to,Auto-generated listing pages,Instructional plans,https://uncommonschools.org/impact-blog-tags/instructional-plans/,in a set,Kill,Auto-generated list; the new site builds its own lists.
Main site,690,5 Thin pages nothing links to,Auto-generated listing pages,Middle,https://uncommonschools.org/levels/middle/,in a set,Kill,Auto-generated list; the new site builds its own lists.
Main site,691,5 Thin pages nothing links to,Auto-generated listing pages,Nyc,https://uncommonschools.org/regions/nyc/,in a set,Kill,Auto-generated list; the new site builds its own lists.
Main site,692,5 Thin pages nothing links to,Auto-generated listing pages,Remote teaching,https://uncommonschools.org/impact-blog-tags/remote-teaching/,in a set,Kill,Auto-generated list; the new site builds its own lists.
Main site,693,5 Thin pages nothing links to,Auto-generated listing pages,Summer school,https://uncommonschools.org/impact-blog-categorys/summer-school/,in a set,Kill,Auto-generated list; the new site builds its own lists.
Main site,694,5 Thin pages nothing links to,Auto-generated listing pages,Dei,https://uncommonschools.org/impact-blog-categorys/dei/,in a set,Kill,Auto-generated list; the new site builds its own lists.
Main site,695,5 Thin pages nothing links to,Auto-generated listing pages,Elementary,https://uncommonschools.org/levels/elementary/,in a set,Kill,Auto-generated list; the new site builds its own lists.
Main site,696,5 Thin pages nothing links to,Auto-generated listing pages,Feedback,https://uncommonschools.org/impact-blog-tags/feedback/,in a set,Kill,Auto-generated list; the new site builds its own lists.
Main site,697,5 Thin pages nothing links to,Auto-generated listing pages,Literacy,https://uncommonschools.org/impact-blog-tags/literacy/,in a set,Kill,Auto-generated list; the new site builds its own lists.
Main site,698,5 Thin pages nothing links to,Auto-generated listing pages,Purpose,https://uncommonschools.org/impact-blog-tags/purpose/,in a set,Kill,Auto-generated list; the new site builds its own lists.
Main site,699,5 Thin pages nothing links to,Auto-generated listing pages,School culture,https://uncommonschools.org/impact-blog-tags/school-culture/,in a set,Kill,Auto-generated list; the new site builds its own lists.
Main site,700,5 Thin pages nothing links to,Auto-generated listing pages,Writing cycle,https://uncommonschools.org/impact-blog-tags/writing-cycle/,in a set,Kill,Auto-generated list; the new site builds its own lists.
Main site,701,5 Thin pages nothing links to,Auto-generated listing pages,Algebra,https://uncommonschools.org/impact-blog-tags/algebra/,in a set,Kill,Auto-generated list; the new site builds its own lists.
Main site,702,5 Thin pages nothing links to,Auto-generated listing pages,Assessment,https://uncommonschools.org/impact-blog-tags/assessment/,in a set,Kill,Auto-generated list; the new site builds its own lists.
Main site,703,5 Thin pages nothing links to,Auto-generated listing pages,Culturally responsive teaching,https://uncommonschools.org/impact-blog-tags/culturally-responsive-teaching/,in a set,Kill,Auto-generated list; the new site builds its own lists.
Main site,704,5 Thin pages nothing links to,Auto-generated listing pages,Desmos,https://uncommonschools.org/impact-blog-tags/desmos/,in a set,Kill,Auto-generated list; the new site builds its own lists.
Main site,705,5 Thin pages nothing links to,Auto-generated listing pages,Lead from within,https://uncommonschools.org/category/lead-from-within/,in a set,Kill,Auto-generated list; the new site builds its own lists.
Main site,706,5 Thin pages nothing links to,Auto-generated listing pages,Teacher relationship,https://uncommonschools.org/impact-blog-tags/teacher-relationship/,in a set,Kill,Auto-generated list; the new site builds its own lists.
Main site,707,5 Thin pages nothing links to,Auto-generated listing pages,Biology,https://uncommonschools.org/impact-blog-tags/biology/,in a set,Kill,Auto-generated list; the new site builds its own lists.
Main site,708,5 Thin pages nothing links to,Auto-generated listing pages,Chemistry,https://uncommonschools.org/impact-blog-tags/chemistry/,in a set,Kill,Auto-generated list; the new site builds its own lists.
Main site,709,5 Thin pages nothing links to,Auto-generated listing pages,Computer science,https://uncommonschools.org/impact-blog-tags/computer-science/,in a set,Kill,Auto-generated list; the new site builds its own lists.
Main site,710,5 Thin pages nothing links to,Auto-generated listing pages,Curriculum,https://uncommonschools.org/impact-blog-tags/curriculum/,in a set,Kill,Auto-generated list; the new site builds its own lists.
Main site,711,5 Thin pages nothing links to,Auto-generated listing pages,FAQ,https://uncommonschools.org/impact-blog-categorys/faq/,in a set,Kill,Auto-generated list; the new site builds its own lists.
Main site,712,5 Thin pages nothing links to,Auto-generated listing pages,Just in time instruction,https://uncommonschools.org/impact-blog-tags/just-in-time-instruction/,in a set,Kill,Auto-generated list; the new site builds its own lists.
Main site,713,5 Thin pages nothing links to,Auto-generated listing pages,Learning loss,https://uncommonschools.org/impact-blog-tags/learning-loss/,in a set,Kill,Auto-generated list; the new site builds its own lists.
Main site,714,5 Thin pages nothing links to,Auto-generated listing pages,Middle,https://uncommonschools.org/impact-blog-tags/middle/,in a set,Kill,Auto-generated list; the new site builds its own lists.
Main site,715,5 Thin pages nothing links to,Auto-generated listing pages,Reading,https://uncommonschools.org/impact-blog-categorys/reading/,in a set,Kill,Auto-generated list; the new site builds its own lists.
Main site,716,5 Thin pages nothing links to,Auto-generated listing pages,Resource for leaders,https://uncommonschools.org/impact-blog-tags/resource-for-leaders/,in a set,Kill,Auto-generated list; the new site builds its own lists.
Main site,717,5 Thin pages nothing links to,Auto-generated listing pages,Student feedback,https://uncommonschools.org/impact-blog-tags/student-feedback/,in a set,Kill,Auto-generated list; the new site builds its own lists.
Main site,718,5 Thin pages nothing links to,School pages,All 57 school pages (one pick covers the set),,set,Consolidate,Empty templates; the real pages live on the regional sites. Fold each into its regional page. 544 views across 57 pages in 12 months.
Main site,719,5 Thin pages nothing links to,School pages,Roxbury prep dorchester campus,https://uncommonschools.org/schools/roxbury-prep-dorchester-campus/,in a set,Consolidate,Empty template; the real page lives on the regional site. Fold into that page.
Main site,720,5 Thin pages nothing links to,School pages,Canarsie elementary school,https://uncommonschools.org/schools/canarsie-elementary-school/,in a set,Consolidate,Empty template; the real page lives on the regional site. Fold into that page.
Main site,721,5 Thin pages nothing links to,School pages,Camden prep copewood middle school,https://uncommonschools.org/schools/camden-prep-copewood-middle-school/,in a set,Consolidate,Empty template; the real page lives on the regional site. Fold into that page.
Main site,722,5 Thin pages nothing links to,School pages,Camden prep copewood elementary school,https://uncommonschools.org/schools/camden-prep-copewood-elementary-school/,in a set,Consolidate,Empty template; the real page lives on the regional site. Fold into that page.
Main site,723,5 Thin pages nothing links to,School pages,Ocean hill middle school,https://uncommonschools.org/schools/ocean-hill-middle-school/,in a set,Consolidate,Empty template; the real page lives on the regional site. Fold into that page.
Main site,724,5 Thin pages nothing links to,School pages,Rochester prep middle school west campus,https://uncommonschools.org/schools/rochester-prep-middle-school-west-campus/,in a set,Consolidate,Empty template; the real page lives on the regional site. Fold into that page.
Main site,725,5 Thin pages nothing links to,School pages,North star academy fairmount elementary school,https://uncommonschools.org/schools/north-star-academy-fairmount-elementary-school/,in a set,Consolidate,Empty template; the real page lives on the regional site. Fold into that page.
Main site,726,5 Thin pages nothing links to,School pages,Uncommon williamsburg elementary,https://uncommonschools.org/schools/uncommon-williamsburg-elementary/,in a set,Consolidate,Empty template; the real page lives on the regional site. Fold into that page.
Main site,727,5 Thin pages nothing links to,School pages,Camden prep mt ephraim middle school,https://uncommonschools.org/schools/camden-prep-mt-ephraim-middle-school/,in a set,Consolidate,Empty template; the real page lives on the regional site. Fold into that page.
Main site,728,5 Thin pages nothing links to,School pages,Uncommon excellence girls elementary school,https://uncommonschools.org/schools/uncommon-excellence-girls-elementary-school/,in a set,Consolidate,Empty template; the real page lives on the regional site. Fold into that page.
Main site,729,5 Thin pages nothing links to,School pages,Brownsville south elementary school,https://uncommonschools.org/schools/brownsville-south-elementary-school/,in a set,Consolidate,Empty template; the real page lives on the regional site. Fold into that page.
Main site,730,5 Thin pages nothing links to,School pages,Kings middle school,https://uncommonschools.org/schools/kings-middle-school/,in a set,Consolidate,Empty template; the real page lives on the regional site. Fold into that page.
Main site,731,5 Thin pages nothing links to,School pages,Rochester prep middle school brooks campus,https://uncommonschools.org/schools/rochester-prep-middle-school-brooks-campus/,in a set,Consolidate,Empty template; the real page lives on the regional site. Fold into that page.
Main site,732,5 Thin pages nothing links to,School pages,Camden prep high school,https://uncommonschools.org/schools/camden-prep-high-school/,in a set,Consolidate,Empty template; the real page lives on the regional site. Fold into that page.
Main site,733,5 Thin pages nothing links to,School pages,Camden prep mt ephraim elementary school,https://uncommonschools.org/schools/camden-prep-mt-ephraim-elementary-school/,in a set,Consolidate,Empty template; the real page lives on the regional site. Fold into that page.
Main site,734,5 Thin pages nothing links to,School pages,North star academy clinton hill middle school,https://uncommonschools.org/schools/north-star-academy-clinton-hill-middle-school/,in a set,Consolidate,Empty template; the real page lives on the regional site. Fold into that page.
Main site,735,5 Thin pages nothing links to,School pages,North star academy vailsburg elementary school,https://uncommonschools.org/schools/north-star-academy-vailsburg-elementary-school/,in a set,Consolidate,Empty template; the real page lives on the regional site. Fold into that page.
Main site,736,5 Thin pages nothing links to,School pages,Uncommon collegiate charter high school,https://uncommonschools.org/schools/uncommon-collegiate-charter-high-school/,in a set,Consolidate,Empty template; the real page lives on the regional site. Fold into that page.
Main site,737,5 Thin pages nothing links to,School pages,Brownsville south middle school,https://uncommonschools.org/schools/brownsville-south-middle-school/,in a set,Consolidate,Empty template; the real page lives on the regional site. Fold into that page.
Main site,738,5 Thin pages nothing links to,School pages,North star academy liberty elementary school,https://uncommonschools.org/schools/north-star-academy-liberty-elementary-school/,in a set,Consolidate,Empty template; the real page lives on the regional site. Fold into that page.
Main site,739,5 Thin pages nothing links to,School pages,North star academy washington park high school,https://uncommonschools.org/schools/north-star-academy-washington-park-high-school/,in a set,Consolidate,Empty template; the real page lives on the regional site. Fold into that page.
Main site,740,5 Thin pages nothing links to,School pages,Roxbury prep high school,https://uncommonschools.org/schools/roxbury-prep-high-school/,in a set,Consolidate,Empty template; the real page lives on the regional site. Fold into that page.
Main site,741,5 Thin pages nothing links to,School pages,Roxbury prep mission hill campus,https://uncommonschools.org/schools/roxbury-prep-mission-hill-campus/,in a set,Consolidate,Empty template; the real page lives on the regional site. Fold into that page.
Main site,742,5 Thin pages nothing links to,School pages,Uncommon charter high school,https://uncommonschools.org/schools/uncommon-charter-high-school/,in a set,Consolidate,Empty template; the real page lives on the regional site. Fold into that page.
Main site,743,5 Thin pages nothing links to,School pages,Crown heights elementary school,https://uncommonschools.org/schools/crown-heights-elementary-school/,in a set,Consolidate,Empty template; the real page lives on the regional site. Fold into that page.
Main site,744,5 Thin pages nothing links to,School pages,North star academy alexander street elementary school,https://uncommonschools.org/schools/north-star-academy-alexander-street-elementary-school/,in a set,Consolidate,Empty template; the real page lives on the regional site. Fold into that page.
Main site,745,5 Thin pages nothing links to,School pages,North star academy lincoln park high school,https://uncommonschools.org/schools/north-star-academy-lincoln-park-high-school/,in a set,Consolidate,Empty template; the real page lives on the regional site. Fold into that page.
Main site,746,5 Thin pages nothing links to,School pages,North star academy west side park elementary school,https://uncommonschools.org/schools/north-star-academy-west-side-park-elementary-school/,in a set,Consolidate,Empty template; the real page lives on the regional site. Fold into that page.
Main site,747,5 Thin pages nothing links to,School pages,North star academy west side park middle school,https://uncommonschools.org/schools/north-star-academy-west-side-park-middle-school/,in a set,Consolidate,Empty template; the real page lives on the regional site. Fold into that page.
Main site,748,5 Thin pages nothing links to,School pages,Uncommon excellence boys middle school,https://uncommonschools.org/schools/uncommon-excellence-boys-middle-school/,in a set,Consolidate,Empty template; the real page lives on the regional site. Fold into that page.
Main site,749,5 Thin pages nothing links to,School pages,Uncommon excellence pre k,https://uncommonschools.org/schools/uncommon-excellence-pre-k/,in a set,Consolidate,Empty template; the real page lives on the regional site. Fold into that page.
Main site,750,5 Thin pages nothing links to,School pages,Bedstuy east middle school,https://uncommonschools.org/schools/bedstuy-east-middle-school/,in a set,Consolidate,Empty template; the real page lives on the regional site. Fold into that page.
Main site,751,5 Thin pages nothing links to,School pages,Bedstuy west elementary school,https://uncommonschools.org/schools/bedstuy-west-elementary-school/,in a set,Consolidate,Empty template; the real page lives on the regional site. Fold into that page.
Main site,752,5 Thin pages nothing links to,School pages,Brownsville north middle school,https://uncommonschools.org/schools/brownsville-north-middle-school/,in a set,Consolidate,Empty template; the real page lives on the regional site. Fold into that page.
Main site,753,5 Thin pages nothing links to,School pages,Camden prep pre k,https://uncommonschools.org/schools/camden-prep-pre-k/,in a set,Consolidate,Empty template; the real page lives on the regional site. Fold into that page.
Main site,754,5 Thin pages nothing links to,School pages,Canarsie middle school,https://uncommonschools.org/schools/canarsie-middle-school/,in a set,Consolidate,Empty template; the real page lives on the regional site. Fold into that page.
Main site,755,5 Thin pages nothing links to,School pages,Kings elementary school,https://uncommonschools.org/schools/kings-elementary-school/,in a set,Consolidate,Empty template; the real page lives on the regional site. Fold into that page.
Main site,756,5 Thin pages nothing links to,School pages,North star academy central avenue middle school,https://uncommonschools.org/schools/north-star-academy-central-avenue-middle-school/,in a set,Consolidate,Empty template; the real page lives on the regional site. Fold into that page.
Main site,757,5 Thin pages nothing links to,School pages,North star academy downtown middle school,https://uncommonschools.org/schools/north-star-academy-downtown-middle-school/,in a set,Consolidate,Empty template; the real page lives on the regional site. Fold into that page.
Main site,758,5 Thin pages nothing links to,School pages,North star academy vailsburg middle school,https://uncommonschools.org/schools/north-star-academy-vailsburg-middle-school/,in a set,Consolidate,Empty template; the real page lives on the regional site. Fold into that page.
Main site,759,5 Thin pages nothing links to,School pages,Rochester prep elementary school 3,https://uncommonschools.org/schools/rochester-prep-elementary-school-3/,in a set,Consolidate,Empty template; the real page lives on the regional site. Fold into that page.
Main site,760,5 Thin pages nothing links to,School pages,Rochester prep high school,https://uncommonschools.org/schools/rochester-prep-high-school/,in a set,Consolidate,Empty template; the real page lives on the regional site. Fold into that page.
Main site,761,5 Thin pages nothing links to,School pages,Uncommon excellence girls middle school,https://uncommonschools.org/schools/uncommon-excellence-girls-middle-school/,in a set,Consolidate,Empty template; the real page lives on the regional site. Fold into that page.
Main site,762,5 Thin pages nothing links to,School pages,Uncommon leadership charter high school,https://uncommonschools.org/schools/uncommon-leadership-charter-high-school/,in a set,Consolidate,Empty template; the real page lives on the regional site. Fold into that page.
Main site,763,5 Thin pages nothing links to,School pages,Uncommon preparatory charter high school,https://uncommonschools.org/schools/uncommon-preparatory-charter-high-school/,in a set,Consolidate,Empty template; the real page lives on the regional site. Fold into that page.
Main site,764,5 Thin pages nothing links to,School pages,Crown heights pre k,https://uncommonschools.org/schools/crown-heights-pre-k/,in a set,Consolidate,Empty template; the real page lives on the regional site. Fold into that page.
Main site,765,5 Thin pages nothing links to,School pages,North star academy lincoln park middle school,https://uncommonschools.org/schools/north-star-academy-lincoln-park-middle-school/,in a set,Consolidate,Empty template; the real page lives on the regional site. Fold into that page.
Main site,766,5 Thin pages nothing links to,School pages,North star academy north star academy elementary school 6,https://uncommonschools.org/schools/north-star-academy-north-star-academy-elementary-school-6/,in a set,Consolidate,Empty template; the real page lives on the regional site. Fold into that page.
Main site,767,5 Thin pages nothing links to,School pages,Rochester prep elementary school,https://uncommonschools.org/schools/rochester-prep-elementary-school/,in a set,Consolidate,Empty template; the real page lives on the regional site. Fold into that page.
Main site,768,5 Thin pages nothing links to,School pages,Rochester prep west campus elementary school,https://uncommonschools.org/schools/rochester-prep-west-campus-elementary-school/,in a set,Consolidate,Empty template; the real page lives on the regional site. Fold into that page.
Main site,769,5 Thin pages nothing links to,School pages,Uncommon bed stuy pre k,https://uncommonschools.org/schools/uncommon-bed-stuy-pre-k/,in a set,Consolidate,Empty template; the real page lives on the regional site. Fold into that page.
Main site,770,5 Thin pages nothing links to,School pages,Uncommon excellence boys elementary school,https://uncommonschools.org/schools/uncommon-excellence-boys-elementary-school/,in a set,Consolidate,Empty template; the real page lives on the regional site. Fold into that page.
Main site,771,5 Thin pages nothing links to,School pages,Uncommon williamsburg middle school,https://uncommonschools.org/schools/uncommon-williamsburg-middle-school/,in a set,Consolidate,Empty template; the real page lives on the regional site. Fold into that page.
Main site,772,5 Thin pages nothing links to,School pages,Brownsville north elementary school,https://uncommonschools.org/schools/brownsville-north-elementary-school/,in a set,Consolidate,Empty template; the real page lives on the regional site. Fold into that page.
Main site,773,5 Thin pages nothing links to,School pages,North star academy elementary school 7,https://uncommonschools.org/schools/north-star-academy-elementary-school-7/,in a set,Consolidate,Empty template; the real page lives on the regional site. Fold into that page.
Main site,774,5 Thin pages nothing links to,School pages,Rochester prep middle school 3,https://uncommonschools.org/schools/rochester-prep-middle-school-3/,in a set,Consolidate,Empty template; the real page lives on the regional site. Fold into that page.
Main site,775,5 Thin pages nothing links to,School pages,Bedstuy west middle school,https://uncommonschools.org/schools/bedstuy-west-middle-school/,in a set,Consolidate,Empty template; the real page lives on the regional site. Fold into that page.
Main site,776,7 Dead or moved,Top-level pages,Enroll 1,https://uncommonschools.org/enroll-1/,yes,Kill,"Moved: the address already redirects to /enroll/. Keep the redirect, drop the page."
Main site,777,7 Dead or moved,Top-level pages,Support fund,https://uncommonschools.org/support-fund/,yes,Kill,"Moved: the address already redirects to /donate/. Keep the redirect, drop the page."
Main site,778,7 Dead or moved,Top-level pages,New york city enrollment,https://uncommonschools.org/new-york-city-enrollment/,yes,Kill,"Moved: the address already redirects to nyc.uncommonschools.org/enroll/. Keep the redirect, drop the page."
Main site,779,7 Dead or moved,Top-level pages,Uncommon nyc handbooks,https://uncommonschools.org/uncommon-nyc-handbooks/,yes,Kill,"Moved: the address already redirects to nyc.uncommonschools.org/family-resources/. Keep the redirect, drop the page."
Main site,780,7 Dead or moved,Top-level pages,Progressive pathways resources,https://uncommonschools.org/progressive-pathways-resources/,yes,Kill,"Moved: the address already redirects to airtable.com/appQmOIqJM5h3hLo1/shrqbOjR600xh4elG/tblvDgwNaXISOL0S0. Keep the redirect, drop the page."
Main site,781,7 Dead or moved,Top-level pages,Roxbury prep enrollment,https://uncommonschools.org/roxbury-prep-enrollment/,yes,Kill,"Moved: the address already redirects to roxburyprep.uncommonschools.org/enroll/. Keep the redirect, drop the page."
Main site,782,7 Dead or moved,Top-level pages,Newyorkcity enrollment spanish,https://uncommonschools.org/newyorkcity-enrollment-spanish/,yes,Kill,"Moved: the address already redirects to nyc.uncommonschools.org/es/enroll-esp/. Keep the redirect, drop the page."
Main site,783,7 Dead or moved,Impact blog,Frequently asked questions,https://uncommonschools.org/uncommon-sense/frequently-asked-questions/,yes,Kill,"Moved: the address already redirects to /uncommon-sense-faq/. Keep the redirect, drop the page."
Main site,784,7 Dead or moved,Our schools,Uncommon new york city schools,https://uncommonschools.org/our-schools/uncommon-new-york-city-schools/,yes,Kill,Dead: the address returns an error.
Main site,785,7 Dead or moved,Staff profiles,Laura blankfein,https://uncommonschools.org/people/laura-blankfein/,yes,Kill,"Moved: the address already redirects to /our-people/. Keep the redirect, drop the page."
Main site,786,7 Dead or moved,Staff profiles,Robert karr,https://uncommonschools.org/people/robert-karr/,yes,Kill,"Moved: the address already redirects to /our-people/. Keep the redirect, drop the page."
Main site,787,7 Dead or moved,Staff profiles,William m lewis jr,https://uncommonschools.org/people/william-m-lewis-jr/,yes,Kill,"Moved: the address already redirects to /our-people/. Keep the redirect, drop the page."
Main site,788,7 Dead or moved,Staff profiles,Brooke reid,https://uncommonschools.org/people/brooke-reid/,yes,Kill,"Moved: the address already redirects to /our-people/. Keep the redirect, drop the page."
Main site,789,7 Dead or moved,Staff profiles,Cecily m carson,https://uncommonschools.org/people/cecily-m-carson/,yes,Kill,"Moved: the address already redirects to /our-people/. Keep the redirect, drop the page."
Main site,790,7 Dead or moved,Staff profiles,Rondo moses,https://uncommonschools.org/people/rondo-moses/,yes,Kill,"Moved: the address already redirects to /our-people/. Keep the redirect, drop the page."
Main site,791,7 Dead or moved,Staff profiles,Norman atkins,https://uncommonschools.org/people/norman-atkins/,yes,Kill,"Moved: the address already redirects to /our-people/. Keep the redirect, drop the page."
Main site,792,7 Dead or moved,Staff profiles,David cooper,https://uncommonschools.org/people/david-cooper/,yes,Kill,"Moved: the address already redirects to /our-people/. Keep the redirect, drop the page."
Main site,793,7 Dead or moved,Staff profiles,Donald r katz,https://uncommonschools.org/people/donald-r-katz/,yes,Kill,"Moved: the address already redirects to /our-people/. Keep the redirect, drop the page."
NYC,2,1 Core pages,About & core pages,Homepage,https://nyc.uncommonschools.org/,yes,Keep,"In the site menu; 127,754 views in 12 months."
NYC,3,1 Core pages,About & core pages,About us,https://nyc.uncommonschools.org/about-us/,yes,Keep,"In the site menu; 13,436 views in 12 months."
NYC,4,1 Core pages,About & core pages,Contact,https://nyc.uncommonschools.org/contact/,yes,Keep,"In the site menu; 6,974 views in 12 months."
NYC,5,1 Core pages,About & core pages,The student experience,https://nyc.uncommonschools.org/the-student-experience/,yes,Keep,"In the site menu; 6,385 views in 12 months."
NYC,6,1 Core pages,About & core pages,Results,https://nyc.uncommonschools.org/results/,yes,Keep,"In the site menu; 4,227 views in 12 months."
NYC,7,1 Core pages,About & core pages,Board of trustees,https://nyc.uncommonschools.org/board-of-trustees/,yes,Keep,"In the site menu; 2,595 views in 12 months."
NYC,8,1 Core pages,About & core pages,News,https://nyc.uncommonschools.org/news/,yes,Keep,"In the site menu; 1,124 views in 12 months."
NYC,9,1 Core pages,Enrollment,Enroll,https://nyc.uncommonschools.org/enroll/,yes,Keep,"In the site menu; 200,844 views in 12 months."
NYC,10,1 Core pages,Enrollment,Find a school,https://nyc.uncommonschools.org/find-a-school/,yes,Keep,"In the site menu; 15,869 views in 12 months."
NYC,11,1 Core pages,Enrollment,Info session,https://nyc.uncommonschools.org/info-session/,yes,Keep,"In the site menu; 3,136 views in 12 months."
NYC,12,1 Core pages,Enrollment,What is a charter school,https://nyc.uncommonschools.org/what-is-a-charter-school/,yes,Keep,"In the site menu; 1,527 views in 12 months."
NYC,13,1 Core pages,Enrollment,Enroll esp,https://nyc.uncommonschools.org/enroll-esp/,yes,Keep,"On the enroll, donate, or careers path; 144 views in 12 months."
NYC,14,1 Core pages,Enrollment,Enroll journey map update,https://nyc.uncommonschools.org/enroll-journey-map-update/,yes,Keep,"On the enroll, donate, or careers path; 120 views in 12 months."
NYC,15,1 Core pages,Careers,Careers,https://nyc.uncommonschools.org/careers/,yes,Keep,"In the site menu; 17,148 views in 12 months."
NYC,16,1 Core pages,Donations,Donate,https://nyc.uncommonschools.org/donate/,yes,Keep,In the site menu; 846 views in 12 months.
NYC,17,1 Core pages,Donations,Donation confirmation,https://nyc.uncommonschools.org/donation-confirmation/,yes,Keep,"On the enroll, donate, or careers path; under 6 views in 12 months."
NYC,18,1 Core pages,Donations,Donation failed,https://nyc.uncommonschools.org/donation-failed/,yes,Keep,"On the enroll, donate, or careers path; under 6 views in 12 months."
NYC,19,1 Core pages,Donations,Donor dashboard,https://nyc.uncommonschools.org/donor-dashboard/,yes,Keep,"On the enroll, donate, or careers path; under 6 views in 12 months."
NYC,20,1 Core pages,Family resources & policies,Family resources,https://nyc.uncommonschools.org/family-resources/,yes,Keep,"In the site menu; 7,023 views in 12 months."
NYC,21,1 Core pages,"Schools, people & other pages",Schools,https://nyc.uncommonschools.org/schools/,yes,Keep,"In the site menu; 32,053 views in 12 months."
NYC,22,1 Core pages,"Schools, people & other pages",Open house 2627sy,https://nyc.uncommonschools.org/open-house-2627sy/,yes,Keep,"In the site menu; 4,462 views in 12 months."
NYC,23,1 Core pages,"Schools, people & other pages",Prek,https://nyc.uncommonschools.org/prek/,yes,Keep,"In the site menu; 3,697 views in 12 months."
NYC,24,2 Legal and compliance,Family resources & policies,Current legal notices,https://nyc.uncommonschools.org/current-legal-notices/,yes,Keep,Legal or compliance page; Miriam vets any change. 141 views in 12 months.
NYC,25,2 Legal and compliance,Family resources & policies,Harassment and bullying,https://nyc.uncommonschools.org/harassment-and-bullying/,yes,Keep,Legal or compliance page; Miriam vets any change. 84 views in 12 months.
NYC,26,2 Legal and compliance,"Schools, people & other pages",Student data privacy notice,https://nyc.uncommonschools.org/student-data-privacy-notice/,yes,Keep,Legal or compliance page; Miriam vets any change. 401 views in 12 months.
NYC,27,3 Content pages,Enrollment,NYC virtual tour,https://nyc.uncommonschools.org/nyc-virtual-tour/,yes,Keep,"1,765 views in 12 months."
NYC,28,3 Content pages,Enrollment,Virtual tour excellence girls,https://nyc.uncommonschools.org/nyc-virtual-tour/virtual-tour-excellence-girls/,yes,Keep,260 views in 12 months.
NYC,29,3 Content pages,Enrollment,Virtual tour williamsburg,https://nyc.uncommonschools.org/nyc-virtual-tour/virtual-tour-williamsburg/,yes,Keep,197 views in 12 months.
NYC,30,3 Content pages,Enrollment,Excellence boys,https://nyc.uncommonschools.org/nyc-virtual-tour/excellence-boys/,yes,Keep,196 views in 12 months.
NYC,31,3 Content pages,Enrollment,Virtual tour uncommon charter hs,https://nyc.uncommonschools.org/nyc-virtual-tour/virtual-tour-uncommon-charter-hs/,yes,Keep,171 views in 12 months.
NYC,32,3 Content pages,Enrollment,Virtual tour uncommon prep charter high school,https://nyc.uncommonschools.org/nyc-virtual-tour/virtual-tour-uncommon-prep-charter-high-school/,yes,Keep,144 views in 12 months.
NYC,33,3 Content pages,Enrollment,Virtual tour bedstuy west,https://nyc.uncommonschools.org/nyc-virtual-tour/virtual-tour-bedstuy-west/,yes,Keep,140 views in 12 months.
NYC,34,3 Content pages,Enrollment,Virtual tour canarsie,https://nyc.uncommonschools.org/nyc-virtual-tour/virtual-tour-canarsie/,yes,Keep,138 views in 12 months.
NYC,35,3 Content pages,Enrollment,Virtual tour uncommon collegiate charter high school,https://nyc.uncommonschools.org/nyc-virtual-tour/virtual-tour-uncommon-collegiate-charter-high-school/,yes,Keep,133 views in 12 months.
NYC,36,3 Content pages,Enrollment,Virtual tour brownsville north,https://nyc.uncommonschools.org/nyc-virtual-tour/virtual-tour-brownsville-north/,yes,Keep,102 views in 12 months.
NYC,37,3 Content pages,Enrollment,Virtual tour ocean hill middle,https://nyc.uncommonschools.org/nyc-virtual-tour/virtual-tour-ocean-hill-middle/,yes,Keep,83 views in 12 months.
NYC,38,3 Content pages,Enrollment,Virtual tour kings,https://nyc.uncommonschools.org/nyc-virtual-tour/virtual-tour-kings/,yes,Keep,79 views in 12 months.
NYC,39,3 Content pages,Enrollment,Virtual tour uncommon leadership charter high school,https://nyc.uncommonschools.org/nyc-virtual-tour/virtual-tour-uncommon-leadership-charter-high-school/,yes,Keep,79 views in 12 months.
NYC,40,3 Content pages,Enrollment,Virtual tour brownsville south,https://nyc.uncommonschools.org/nyc-virtual-tour/virtual-tour-brownsville-south/,yes,Keep,71 views in 12 months.
NYC,41,3 Content pages,Enrollment,Virtual tour crown heights,https://nyc.uncommonschools.org/nyc-virtual-tour/virtual-tour-crown-heights/,yes,Keep,Decided by hand: One of the virtual tours; the others are kept.
NYC,42,3 Content pages,Family resources & policies,Family newsletters,https://nyc.uncommonschools.org/family-resources/family-newsletters/,yes,Consolidate,Decided by hand: Fold into Family resources; few views.
NYC,43,3 Content pages,Family resources & policies,Technology and internet use,https://nyc.uncommonschools.org/technology-and-internet-use/,yes,Keep,Decided by hand: Policy page; Miriam vets any change.
NYC,44,3 Content pages,"Schools, people & other pages",Uncommon charter hs,https://nyc.uncommonschools.org/uncommon-charter-hs/,yes,Keep,"9,835 views in 12 months."
NYC,45,3 Content pages,"Schools, people & other pages",Uncommon collegiate hs,https://nyc.uncommonschools.org/uncommon-collegiate-hs/,yes,Keep,"6,091 views in 12 months."
NYC,46,3 Content pages,"Schools, people & other pages",Uncommon prep hs,https://nyc.uncommonschools.org/uncommon-prep-hs/,yes,Keep,"5,410 views in 12 months."
NYC,47,3 Content pages,"Schools, people & other pages",Excellence girls school,https://nyc.uncommonschools.org/excellence-girls-school/,yes,Keep,"4,919 views in 12 months."
NYC,48,3 Content pages,"Schools, people & other pages",Leadership charter hs,https://nyc.uncommonschools.org/leadership-charter-hs/,yes,Keep,"4,908 views in 12 months."
NYC,49,3 Content pages,"Schools, people & other pages",Excellence boys school,https://nyc.uncommonschools.org/excellence-boys-school/,yes,Keep,"4,447 views in 12 months."
NYC,50,3 Content pages,"Schools, people & other pages",Bedstuy east middle,https://nyc.uncommonschools.org/bedstuy-east-middle/,yes,Keep,"3,557 views in 12 months."
NYC,51,3 Content pages,"Schools, people & other pages",Bed stuy west elementary,https://nyc.uncommonschools.org/bed-stuy-west-elementary/,yes,Keep,"3,504 views in 12 months."
NYC,52,3 Content pages,"Schools, people & other pages",Williamsburg middle,https://nyc.uncommonschools.org/williamsburg-middle/,yes,Keep,"3,182 views in 12 months."
NYC,53,3 Content pages,"Schools, people & other pages",Williamsburg elementary,https://nyc.uncommonschools.org/williamsburg-elementary/,yes,Keep,"3,048 views in 12 months."
NYC,54,3 Content pages,"Schools, people & other pages",Kings elementary,https://nyc.uncommonschools.org/kings-elementary/,yes,Keep,"2,840 views in 12 months."
NYC,55,3 Content pages,"Schools, people & other pages",Canarsie elementary,https://nyc.uncommonschools.org/canarsie-elementary/,yes,Keep,"2,803 views in 12 months."
NYC,56,3 Content pages,"Schools, people & other pages",Ocean hill middle,https://nyc.uncommonschools.org/ocean-hill-middle/,yes,Keep,"2,752 views in 12 months."
NYC,57,3 Content pages,"Schools, people & other pages",Kings middle school,https://nyc.uncommonschools.org/kings-middle-school/,yes,Keep,"2,600 views in 12 months."
NYC,58,3 Content pages,"Schools, people & other pages",Brownsville north elementary,https://nyc.uncommonschools.org/brownsville-north-elementary/,yes,Keep,"2,378 views in 12 months."
NYC,59,3 Content pages,"Schools, people & other pages",Brownsville south elementary,https://nyc.uncommonschools.org/brownsville-south-elementary/,yes,Keep,"2,338 views in 12 months."
NYC,60,3 Content pages,"Schools, people & other pages",Bed stuy west middle,https://nyc.uncommonschools.org/bed-stuy-west-middle/,yes,Keep,"2,260 views in 12 months."
NYC,61,3 Content pages,"Schools, people & other pages",Canarsie middle,https://nyc.uncommonschools.org/canarsie-middle/,yes,Keep,"2,233 views in 12 months."
NYC,62,3 Content pages,"Schools, people & other pages",Crown heights elementary,https://nyc.uncommonschools.org/crown-heights-elementary/,yes,Keep,"2,070 views in 12 months."
NYC,63,3 Content pages,"Schools, people & other pages",Brownsville north middle,https://nyc.uncommonschools.org/brownsville-north-middle/,yes,Keep,"1,947 views in 12 months."
NYC,64,3 Content pages,"Schools, people & other pages",Brownsville south middle,https://nyc.uncommonschools.org/brownsville-south-middle/,yes,Keep,"1,902 views in 12 months."
NYC,65,3 Content pages,"Schools, people & other pages",Crown heights pre k,https://nyc.uncommonschools.org/crown-heights-pre-k/,yes,Keep,"1,124 views in 12 months."
NYC,66,3 Content pages,"Schools, people & other pages",Uncommon bed stuy pre k,https://nyc.uncommonschools.org/uncommon-bed-stuy-pre-k/,yes,Keep,"1,056 views in 12 months."
NYC,67,3 Content pages,"Schools, people & other pages",Excellence pre k,https://nyc.uncommonschools.org/excellence-pre-k/,yes,Keep,972 views in 12 months.
NYC,68,3 Content pages,"Schools, people & other pages",Prek schedule,https://nyc.uncommonschools.org/prek-schedule/,yes,Keep,911 views in 12 months.
NYC,69,3 Content pages,"Schools, people & other pages",Student recruitment ambassadors,https://nyc.uncommonschools.org/student-recruitment-ambassadors/,yes,Keep,90 views in 12 months.
NYC,70,5 Thin pages nothing links to,Enrollment,Virtual tour brooklyn east collegiate,https://nyc.uncommonschools.org/nyc-virtual-tour/virtual-tour-brooklyn-east-collegiate/,yes,Keep,105 views in 12 months.
NYC,71,5 Thin pages nothing links to,Enrollment,Virtual tour brownsville collegiate,https://nyc.uncommonschools.org/nyc-virtual-tour/virtual-tour-brownsville-collegiate/,yes,Keep,97 views in 12 months.
NYC,72,5 Thin pages nothing links to,Enrollment,Virtual tour bed stuy east middle,https://nyc.uncommonschools.org/nyc-virtual-tour/virtual-tour-bed-stuy-east-middle/,yes,Kill,"Under 250 words, nothing links here; 23 views in 12 months."
NYC,73,5 Thin pages nothing links to,"Schools, people & other pages",Kings schools,https://nyc.uncommonschools.org/kings-schools/,yes,Keep,676 views in 12 months.
NYC,74,5 Thin pages nothing links to,"Schools, people & other pages",Bed stuy west,https://nyc.uncommonschools.org/bed-stuy-west/,yes,Keep,585 views in 12 months.
NYC,75,5 Thin pages nothing links to,"Schools, people & other pages",Brownsville south,https://nyc.uncommonschools.org/brownsville-south/,yes,Keep,527 views in 12 months.
NYC,76,5 Thin pages nothing links to,"Schools, people & other pages",Brownsville north,https://nyc.uncommonschools.org/brownsville-north/,yes,Keep,514 views in 12 months.
NYC,77,5 Thin pages nothing links to,"Schools, people & other pages",Canarsie,https://nyc.uncommonschools.org/canarsie/,yes,Keep,203 views in 12 months.
NYC,78,5 Thin pages nothing links to,"Schools, people & other pages",Test journey map,https://nyc.uncommonschools.org/test-journey-map/,yes,Kill,"Under 250 words, nothing links here; 10 views in 12 months."
NYC,79,6 Paid campaign pages,Paid campaign pages,All 10 paid campaign pages (one pick covers the set),,set,Keep,"Live ad landing pages. Per the audit: keep for the ad buy, retire old school years after the cycle. 238,660 views across 10 pages in 12 months."
NYC,80,6 Paid campaign pages,Paid campaign pages,25 26 school year enrollment google search,https://nyc.uncommonschools.org/25-26-school-year-enrollment-google-search/,in a set,Keep,"Live ad landing page. Per the audit: keep for the ad buy, retire old school years after the cycle."
NYC,81,6 Paid campaign pages,Paid campaign pages,26 27 school year enrollment prog,https://nyc.uncommonschools.org/26-27-school-year-enrollment-prog/,in a set,Keep,"Live ad landing page. Per the audit: keep for the ad buy, retire old school years after the cycle."
NYC,82,6 Paid campaign pages,Paid campaign pages,26 27 school year enrollment demgen,https://nyc.uncommonschools.org/26-27-school-year-enrollment-demgen/,in a set,Keep,"Live ad landing page. Per the audit: keep for the ad buy, retire old school years after the cycle."
NYC,83,6 Paid campaign pages,Paid campaign pages,25 26 school year enrollment etarget,https://nyc.uncommonschools.org/25-26-school-year-enrollment-etarget/,in a set,Keep,"Live ad landing page. Per the audit: keep for the ad buy, retire old school years after the cycle."
NYC,84,6 Paid campaign pages,Paid campaign pages,25 26 school year enrollment application,https://nyc.uncommonschools.org/25-26-school-year-enrollment-application/,in a set,Keep,"Live ad landing page. Per the audit: keep for the ad buy, retire old school years after the cycle."
NYC,85,6 Paid campaign pages,Paid campaign pages,25 26 school year enrollment organic,https://nyc.uncommonschools.org/25-26-school-year-enrollment-organic/,in a set,Keep,"Live ad landing page. Per the audit: keep for the ad buy, retire old school years after the cycle."
NYC,86,6 Paid campaign pages,Paid campaign pages,26 27 school year enrollment dooh,https://nyc.uncommonschools.org/26-27-school-year-enrollment-dooh/,in a set,Keep,"Live ad landing page. Per the audit: keep for the ad buy, retire old school years after the cycle."
NYC,87,6 Paid campaign pages,Paid campaign pages,25 26 school year enrollment great schools,https://nyc.uncommonschools.org/25-26-school-year-enrollment-great-schools/,in a set,Keep,"Live ad landing page. Per the audit: keep for the ad buy, retire old school years after the cycle."
NYC,88,6 Paid campaign pages,Paid campaign pages,25 26 school year enrollment meta rollover,https://nyc.uncommonschools.org/25-26-school-year-enrollment-meta-rollover/,in a set,Keep,"Live ad landing page. Per the audit: keep for the ad buy, retire old school years after the cycle."
NYC,89,6 Paid campaign pages,Paid campaign pages,26 27 school year enrollment pmax,https://nyc.uncommonschools.org/26-27-school-year-enrollment-pmax/,in a set,Keep,"Live ad landing page. Per the audit: keep for the ad buy, retire old school years after the cycle."
NYC,90,7 Dead or moved,Enrollment,Enroll spanish,https://nyc.uncommonschools.org/enroll-spanish/,yes,Kill,"Moved: the address already redirects to /es/enroll-esp/. Keep the redirect, drop the page."
NYC,91,7 Dead or moved,"Schools, people & other pages",Excellence girls elementary,https://nyc.uncommonschools.org/excellence-girls-elementary/,yes,Kill,"Moved: the address already redirects to /excellence-girls-school/. Keep the redirect, drop the page."
NYC,92,7 Dead or moved,"Schools, people & other pages",Excellence boys middle,https://nyc.uncommonschools.org/excellence-boys-middle/,yes,Kill,"Moved: the address already redirects to /excellence-boys-school/. Keep the redirect, drop the page."
NYC,93,7 Dead or moved,"Schools, people & other pages",Excellence boys elementary academy,https://nyc.uncommonschools.org/excellence-boys-elementary-academy/,yes,Kill,"Moved: the address already redirects to /excellence-boys-school/. Keep the redirect, drop the page."
NYC,94,7 Dead or moved,"Schools, people & other pages",Excellence girls middle,https://nyc.uncommonschools.org/excellence-girls-middle/,yes,Kill,"Moved: the address already redirects to /excellence-girls-school/. Keep the redirect, drop the page."
NYC,95,7 Dead or moved,"Schools, people & other pages",Ocean hill charter schools,https://nyc.uncommonschools.org/ocean-hill-charter-schools/,yes,Kill,Dead: the address returns an error.
Boston,2,1 Core pages,About & core pages,Homepage,https://roxburyprep.uncommonschools.org/,yes,Keep,"In the site menu; 23,140 views in 12 months."
Boston,3,1 Core pages,About & core pages,Campuses,https://roxburyprep.uncommonschools.org/campuses/,yes,Keep,"In the site menu; 6,363 views in 12 months."
Boston,4,1 Core pages,About & core pages,About us,https://roxburyprep.uncommonschools.org/about-us/,yes,Keep,"In the site menu; 5,638 views in 12 months."
Boston,5,1 Core pages,About & core pages,Contact,https://roxburyprep.uncommonschools.org/contact/,yes,Keep,"In the site menu; 2,362 views in 12 months."
Boston,6,1 Core pages,About & core pages,The student experience,https://roxburyprep.uncommonschools.org/the-student-experience/,yes,Keep,"In the site menu; 2,163 views in 12 months."
Boston,7,1 Core pages,About & core pages,Results,https://roxburyprep.uncommonschools.org/results/,yes,Keep,"In the site menu; 1,452 views in 12 months."
Boston,8,1 Core pages,About & core pages,Board of trustees,https://roxburyprep.uncommonschools.org/board-of-trustees/,yes,Keep,"In the site menu; 1,043 views in 12 months."
Boston,9,1 Core pages,About & core pages,News,https://roxburyprep.uncommonschools.org/news/,yes,Keep,In the site menu; 312 views in 12 months.
Boston,10,1 Core pages,Enrollment,Enroll,https://roxburyprep.uncommonschools.org/enroll/,yes,Keep,"In the site menu; 22,264 views in 12 months."
Boston,11,1 Core pages,Enrollment,Find a school,https://roxburyprep.uncommonschools.org/find-a-school/,yes,Keep,"In the site menu; 1,708 views in 12 months."
Boston,12,1 Core pages,Enrollment,Roxbury virtual tour,https://roxburyprep.uncommonschools.org/roxbury-virtual-tour/,yes,Keep,In the site menu; 868 views in 12 months.
Boston,13,1 Core pages,Enrollment,What is a charter school,https://roxburyprep.uncommonschools.org/what-is-a-charter-school/,yes,Keep,In the site menu; 328 views in 12 months.
Boston,14,1 Core pages,Enrollment,Enroll esp,https://roxburyprep.uncommonschools.org/enroll-esp/,yes,Keep,In the site menu; 164 views in 12 months.
Boston,15,1 Core pages,Careers,Careers,https://roxburyprep.uncommonschools.org/careers/,yes,Keep,"In the site menu; 5,769 views in 12 months."
Boston,16,1 Core pages,Donations,Donate,https://roxburyprep.uncommonschools.org/donate/,yes,Keep,In the site menu; 370 views in 12 months.
Boston,17,1 Core pages,Donations,Donation failed,https://roxburyprep.uncommonschools.org/donation-failed/,yes,Keep,"On the enroll, donate, or careers path; 8 views in 12 months."
Boston,18,1 Core pages,Donations,Donation confirmation,https://roxburyprep.uncommonschools.org/donation-confirmation/,yes,Keep,"On the enroll, donate, or careers path; under 7 views in 12 months."
Boston,19,1 Core pages,Donations,Donor dashboard,https://roxburyprep.uncommonschools.org/donor-dashboard/,yes,Keep,"On the enroll, donate, or careers path; under 7 views in 12 months."
Boston,20,1 Core pages,Family resources & policies,Family resources,https://roxburyprep.uncommonschools.org/family-resources/,yes,Keep,"In the site menu; 3,243 views in 12 months."
Boston,21,1 Core pages,"Schools, people & other pages",25 years of roxbury prep,https://roxburyprep.uncommonschools.org/25-years-of-roxbury-prep/,yes,Keep,In the site menu; 435 views in 12 months.
Boston,22,2 Legal and compliance,Family resources & policies,Current legal notices,https://roxburyprep.uncommonschools.org/current-legal-notices/,yes,Keep,Legal or compliance page; Miriam vets any change. 73 views in 12 months.
Boston,23,2 Legal and compliance,Family resources & policies,Nutrition and wellness,https://roxburyprep.uncommonschools.org/nutrition-and-wellness/,yes,Keep,Legal or compliance page; Miriam vets any change. 25 views in 12 months.
Boston,24,2 Legal and compliance,Family resources & policies,Harassment and bullying,https://roxburyprep.uncommonschools.org/harassment-and-bullying/,yes,Keep,Legal or compliance page; Miriam vets any change. 12 views in 12 months.
Boston,25,2 Legal and compliance,"Schools, people & other pages",Deses 2021 tiered focused monitoring review of roxbury prep 2,https://roxburyprep.uncommonschools.org/deses-2021-tiered-focused-monitoring-review-of-roxbury-prep-2/,yes,Keep,Legal or compliance page; Miriam vets any change. Under 7 views in 12 months.
Boston,26,3 Content pages,Enrollment,New family faq,https://roxburyprep.uncommonschools.org/new-family-faq/,yes,Keep,335 views in 12 months.
Boston,27,3 Content pages,Family resources & policies,Family council,https://roxburyprep.uncommonschools.org/family-council/,yes,Consolidate,Decided by hand: Fold into Family resources; 7 views.
Boston,28,3 Content pages,Family resources & policies,Family newsletters,https://roxburyprep.uncommonschools.org/family-resources/family-newsletters/,yes,Consolidate,Decided by hand: Fold into Family resources; few views.
Boston,29,3 Content pages,Family resources & policies,Technology and internet use,https://roxburyprep.uncommonschools.org/technology-and-internet-use/,yes,Keep,Decided by hand: Policy page; Miriam vets any change.
Boston,30,3 Content pages,"Schools, people & other pages",Roxbury prep hs,https://roxburyprep.uncommonschools.org/roxbury-prep-hs/,yes,Keep,"6,786 views in 12 months."
Boston,31,3 Content pages,"Schools, people & other pages",Dorchester,https://roxburyprep.uncommonschools.org/dorchester/,yes,Keep,"2,927 views in 12 months."
Boston,32,3 Content pages,"Schools, people & other pages",Proctor middle,https://roxburyprep.uncommonschools.org/proctor-middle/,yes,Keep,"2,116 views in 12 months."
Boston,33,3 Content pages,"Schools, people & other pages",Roxbury prep building updates,https://roxburyprep.uncommonschools.org/roxbury-prep-building-updates/,yes,Keep,798 views in 12 months.
Boston,34,3 Content pages,"Schools, people & other pages",Shradha patel,https://roxburyprep.uncommonschools.org/shradha-patel/,yes,Keep,232 views in 12 months.
Boston,35,3 Content pages,"Schools, people & other pages",Chynah tyler,https://roxburyprep.uncommonschools.org/chynah-tyler/,yes,Keep,214 views in 12 months.
Boston,36,3 Content pages,"Schools, people & other pages",Titciana barros,https://roxburyprep.uncommonschools.org/titciana-barros/,yes,Keep,174 views in 12 months.
Boston,37,3 Content pages,"Schools, people & other pages",Roxbury prep legacy,https://roxburyprep.uncommonschools.org/roxbury-prep-legacy/,yes,Keep,125 views in 12 months.
Boston,38,3 Content pages,"Schools, people & other pages",Dwayne robinson,https://roxburyprep.uncommonschools.org/dwayne-robinson/,yes,Keep,117 views in 12 months.
Boston,39,3 Content pages,"Schools, people & other pages",John king jr,https://roxburyprep.uncommonschools.org/john-king-jr/,yes,Keep,78 views in 12 months.
Boston,40,3 Content pages,"Schools, people & other pages",Dr j keith motley,https://roxburyprep.uncommonschools.org/dr-j-keith-motley/,yes,Consolidate,Decided by hand: A single board member page; fold into Board of trustees.
Boston,41,5 Thin pages nothing links to,Enrollment,School tours,https://roxburyprep.uncommonschools.org/school-tours/,yes,Kill,"Under 250 words, nothing links here; 28 views in 12 months."
Boston,42,6 Paid campaign pages,Paid campaign pages,All 12 paid campaign pages (one pick covers the set),,set,Keep,"Live ad landing pages. Per the audit: keep for the ad buy, retire old school years after the cycle. 128,361 views across 12 pages in 12 months."
Boston,43,6 Paid campaign pages,Paid campaign pages,26 27 school year enrollment prog,https://roxburyprep.uncommonschools.org/26-27-school-year-enrollment-prog/,in a set,Keep,"Live ad landing page. Per the audit: keep for the ad buy, retire old school years after the cycle."
Boston,44,6 Paid campaign pages,Paid campaign pages,25 26 school year enrollment google search,https://roxburyprep.uncommonschools.org/25-26-school-year-enrollment-google-search/,in a set,Keep,"Live ad landing page. Per the audit: keep for the ad buy, retire old school years after the cycle."
Boston,45,6 Paid campaign pages,Paid campaign pages,26 27 school year enrollment demgen,https://roxburyprep.uncommonschools.org/26-27-school-year-enrollment-demgen/,in a set,Keep,"Live ad landing page. Per the audit: keep for the ad buy, retire old school years after the cycle."
Boston,46,6 Paid campaign pages,Paid campaign pages,25 26 school year enrollment e target,https://roxburyprep.uncommonschools.org/25-26-school-year-enrollment-e-target/,in a set,Keep,"Live ad landing page. Per the audit: keep for the ad buy, retire old school years after the cycle."
Boston,47,6 Paid campaign pages,Paid campaign pages,25 26 school year enrollment organic,https://roxburyprep.uncommonschools.org/25-26-school-year-enrollment-organic/,in a set,Keep,"Live ad landing page. Per the audit: keep for the ad buy, retire old school years after the cycle."
Boston,48,6 Paid campaign pages,Paid campaign pages,26 27 school year enrollment dooh,https://roxburyprep.uncommonschools.org/26-27-school-year-enrollment-dooh/,in a set,Keep,"Live ad landing page. Per the audit: keep for the ad buy, retire old school years after the cycle."
Boston,49,6 Paid campaign pages,Paid campaign pages,26 27 school year enrollment great schools,https://roxburyprep.uncommonschools.org/26-27-school-year-enrollment-great-schools/,in a set,Keep,"Live ad landing page. Per the audit: keep for the ad buy, retire old school years after the cycle."
Boston,50,6 Paid campaign pages,Paid campaign pages,25 26 school year enrollment meta rollover,https://roxburyprep.uncommonschools.org/25-26-school-year-enrollment-meta-rollover/,in a set,Keep,"Live ad landing page. Per the audit: keep for the ad buy, retire old school years after the cycle."
Boston,51,6 Paid campaign pages,Paid campaign pages,26 27 school year enrollment pmax,https://roxburyprep.uncommonschools.org/26-27-school-year-enrollment-pmax/,in a set,Keep,"Live ad landing page. Per the audit: keep for the ad buy, retire old school years after the cycle."
Boston,52,6 Paid campaign pages,Paid campaign pages,24 25 school year enrollment organic,https://roxburyprep.uncommonschools.org/24-25-school-year-enrollment-organic/,in a set,Keep,"Live ad landing page. Per the audit: keep for the ad buy, retire old school years after the cycle."
Boston,53,6 Paid campaign pages,Paid campaign pages,24 25 school year enrollment google search,https://roxburyprep.uncommonschools.org/24-25-school-year-enrollment-google-search/,in a set,Keep,"Live ad landing page. Per the audit: keep for the ad buy, retire old school years after the cycle."
Boston,54,6 Paid campaign pages,Paid campaign pages,24 25 school year enrollment e target,https://roxburyprep.uncommonschools.org/24-25-school-year-enrollment-e-target/,in a set,Keep,"Live ad landing page. Per the audit: keep for the ad buy, retire old school years after the cycle."
Newark,2,1 Core pages,About & core pages,Homepage,https://northstar.uncommonschools.org/,yes,Keep,"In the site menu; 54,602 views in 12 months."
Newark,3,1 Core pages,About & core pages,Campuses,https://northstar.uncommonschools.org/campuses/,yes,Keep,"In the site menu; 12,666 views in 12 months."
Newark,4,1 Core pages,About & core pages,About us,https://northstar.uncommonschools.org/about-us/,yes,Keep,"In the site menu; 8,940 views in 12 months."
Newark,5,1 Core pages,About & core pages,Contact,https://northstar.uncommonschools.org/contact/,yes,Keep,"In the site menu; 4,453 views in 12 months."
Newark,6,1 Core pages,About & core pages,The student experience,https://northstar.uncommonschools.org/the-student-experience/,yes,Keep,"In the site menu; 3,173 views in 12 months."
Newark,7,1 Core pages,About & core pages,Board of trustees,https://northstar.uncommonschools.org/board-of-trustees/,yes,Keep,"In the site menu; 2,559 views in 12 months."
Newark,8,1 Core pages,About & core pages,Results,https://northstar.uncommonschools.org/results/,yes,Keep,"In the site menu; 2,055 views in 12 months."
Newark,9,1 Core pages,About & core pages,News,https://northstar.uncommonschools.org/news/,yes,Keep,In the site menu; 878 views in 12 months.
Newark,10,1 Core pages,Enrollment,Enroll,https://northstar.uncommonschools.org/enroll/,yes,Keep,"In the site menu; 37,523 views in 12 months."
Newark,11,1 Core pages,Enrollment,Find a school,https://northstar.uncommonschools.org/find-a-school/,yes,Keep,"In the site menu; 6,128 views in 12 months."
Newark,12,1 Core pages,Enrollment,What is a charter school,https://northstar.uncommonschools.org/what-is-a-charter-school/,yes,Keep,In the site menu; 649 views in 12 months.
Newark,13,1 Core pages,Careers,Careers,https://northstar.uncommonschools.org/careers/,yes,Keep,"In the site menu; 8,359 views in 12 months."
Newark,14,1 Core pages,Donations,Donate,https://northstar.uncommonschools.org/donate/,yes,Keep,In the site menu; 366 views in 12 months.
Newark,15,1 Core pages,Donations,Donation failed,https://northstar.uncommonschools.org/donation-failed/,yes,Keep,"On the enroll, donate, or careers path; 48 views in 12 months."
Newark,16,1 Core pages,Donations,Donor dashboard,https://northstar.uncommonschools.org/donor-dashboard/,yes,Keep,"On the enroll, donate, or careers path; 5 views in 12 months."
Newark,17,1 Core pages,Donations,Donation confirmation,https://northstar.uncommonschools.org/donation-confirmation/,yes,Keep,"On the enroll, donate, or careers path; 4 views in 12 months."
Newark,18,1 Core pages,Donations,Donor dashboard 2,https://northstar.uncommonschools.org/donor-dashboard-2/,yes,Keep,"On the enroll, donate, or careers path; 4 views in 12 months."
Newark,19,1 Core pages,Family resources & policies,Family resources,https://northstar.uncommonschools.org/family-resources/,yes,Keep,"In the site menu; 6,491 views in 12 months."
Newark,20,2 Legal and compliance,Family resources & policies,Harassment and bullying,https://northstar.uncommonschools.org/harassment-and-bullying/,yes,Keep,Legal or compliance page; Miriam vets any change. 260 views in 12 months.
Newark,21,2 Legal and compliance,Family resources & policies,Nutrition and wellness,https://northstar.uncommonschools.org/nutrition-and-wellness/,yes,Keep,Legal or compliance page; Miriam vets any change. 210 views in 12 months.
Newark,22,2 Legal and compliance,"Schools, people & other pages",Compliance and policy,https://northstar.uncommonschools.org/compliance-and-policy/,yes,Keep,Legal or compliance page; Miriam vets any change. 802 views in 12 months.
Newark,23,2 Legal and compliance,"Schools, people & other pages",Board materials,https://northstar.uncommonschools.org/board-materials/,yes,Keep,Legal or compliance page; Miriam vets any change. 102 views in 12 months.
Newark,24,3 Content pages,Family resources & policies,Technology and internet use,https://northstar.uncommonschools.org/technology-and-internet-use/,yes,Keep,Decided by hand: Policy page; Miriam vets any change.
Newark,25,3 Content pages,Family resources & policies,Family newsletters,https://northstar.uncommonschools.org/family-resources/family-newsletters/,yes,Consolidate,Decided by hand: Fold into Family resources; few views.
Newark,26,3 Content pages,"Schools, people & other pages",Lincoln park hs,https://northstar.uncommonschools.org/lincoln-park-hs/,yes,Keep,"4,462 views in 12 months."
Newark,27,3 Content pages,"Schools, people & other pages",Elementary school 7,https://northstar.uncommonschools.org/elementary-school-7/,yes,Keep,"4,170 views in 12 months."
Newark,28,3 Content pages,"Schools, people & other pages",Washington park hs,https://northstar.uncommonschools.org/washington-park-hs/,yes,Keep,"4,005 views in 12 months."
Newark,29,3 Content pages,"Schools, people & other pages",Alexander street es,https://northstar.uncommonschools.org/alexander-street-es/,yes,Keep,"2,213 views in 12 months."
Newark,30,3 Content pages,"Schools, people & other pages",School uniforms,https://northstar.uncommonschools.org/school-uniforms/,yes,Keep,"2,106 views in 12 months."
Newark,31,3 Content pages,"Schools, people & other pages",Lincoln park es,https://northstar.uncommonschools.org/lincoln-park-es/,yes,Keep,"1,952 views in 12 months."
Newark,32,3 Content pages,"Schools, people & other pages",Downtown middle,https://northstar.uncommonschools.org/downtown-middle/,yes,Keep,"1,742 views in 12 months."
Newark,33,3 Content pages,"Schools, people & other pages",Clinton hill ms,https://northstar.uncommonschools.org/clinton-hill-ms/,yes,Keep,"1,629 views in 12 months."
Newark,34,3 Content pages,"Schools, people & other pages",Central ave ms,https://northstar.uncommonschools.org/central-ave-ms/,yes,Keep,"1,624 views in 12 months."
Newark,35,3 Content pages,"Schools, people & other pages",Vailsburg middle,https://northstar.uncommonschools.org/vailsburg-middle/,yes,Keep,"1,488 views in 12 months."
Newark,36,3 Content pages,"Schools, people & other pages",Vailsburg elementary school,https://northstar.uncommonschools.org/vailsburg-elementary-school/,yes,Keep,"1,476 views in 12 months."
Newark,37,3 Content pages,"Schools, people & other pages",West side park es,https://northstar.uncommonschools.org/west-side-park-es/,yes,Keep,"1,445 views in 12 months."
Newark,38,3 Content pages,"Schools, people & other pages",Liberty elementary school,https://northstar.uncommonschools.org/liberty-elementary-school/,yes,Keep,"1,333 views in 12 months."
Newark,39,3 Content pages,"Schools, people & other pages",Fairmount elementary school,https://northstar.uncommonschools.org/fairmount-elementary-school/,yes,Keep,"1,325 views in 12 months."
Newark,40,3 Content pages,"Schools, people & other pages",Lincoln park ms,https://northstar.uncommonschools.org/lincoln-park-ms/,yes,Keep,"1,176 views in 12 months."
Newark,41,3 Content pages,"Schools, people & other pages",West side park ms,https://northstar.uncommonschools.org/west-side-park-ms/,yes,Keep,"1,092 views in 12 months."
Newark,42,3 Content pages,"Schools, people & other pages",Lead results,https://northstar.uncommonschools.org/lead-results/,yes,Keep,75 views in 12 months.
Newark,43,5 Thin pages nothing links to,"Schools, people & other pages",2 0 homepage,https://northstar.uncommonschools.org/2-0-homepage/,yes,Kill,"Under 250 words, nothing links here; 36 views in 12 months."
Newark,44,6 Paid campaign pages,Paid campaign pages,All 12 paid campaign pages (one pick covers the set),,set,Keep,"Live ad landing pages. Per the audit: keep for the ad buy, retire old school years after the cycle. 48,809 views across 12 pages in 12 months."
Newark,45,6 Paid campaign pages,Paid campaign pages,26 27 school year enrollment prog,https://northstar.uncommonschools.org/26-27-school-year-enrollment-prog/,in a set,Keep,"Live ad landing page. Per the audit: keep for the ad buy, retire old school years after the cycle."
Newark,46,6 Paid campaign pages,Paid campaign pages,25 26 school year enrollment organic,https://northstar.uncommonschools.org/25-26-school-year-enrollment-organic/,in a set,Keep,"Live ad landing page. Per the audit: keep for the ad buy, retire old school years after the cycle."
Newark,47,6 Paid campaign pages,Paid campaign pages,25 26 school year enrollment google search,https://northstar.uncommonschools.org/25-26-school-year-enrollment-google-search/,in a set,Keep,"Live ad landing page. Per the audit: keep for the ad buy, retire old school years after the cycle."
Newark,48,6 Paid campaign pages,Paid campaign pages,25 26 school year enrollment etarget,https://northstar.uncommonschools.org/25-26-school-year-enrollment-etarget/,in a set,Keep,"Live ad landing page. Per the audit: keep for the ad buy, retire old school years after the cycle."
Newark,49,6 Paid campaign pages,Paid campaign pages,26 27 school year enrollment demgen,https://northstar.uncommonschools.org/26-27-school-year-enrollment-demgen/,in a set,Keep,"Live ad landing page. Per the audit: keep for the ad buy, retire old school years after the cycle."
Newark,50,6 Paid campaign pages,Paid campaign pages,26 27 school year enrollment great schools,https://northstar.uncommonschools.org/26-27-school-year-enrollment-great-schools/,in a set,Keep,"Live ad landing page. Per the audit: keep for the ad buy, retire old school years after the cycle."
Newark,51,6 Paid campaign pages,Paid campaign pages,25 26 school year enrollment meta rollover,https://northstar.uncommonschools.org/25-26-school-year-enrollment-meta-rollover/,in a set,Keep,"Live ad landing page. Per the audit: keep for the ad buy, retire old school years after the cycle."
Newark,52,6 Paid campaign pages,Paid campaign pages,26 27 school year enrollment pmax,https://northstar.uncommonschools.org/26-27-school-year-enrollment-pmax/,in a set,Keep,"Live ad landing page. Per the audit: keep for the ad buy, retire old school years after the cycle."
Newark,53,6 Paid campaign pages,Paid campaign pages,24 25 school year enrollment google search,https://northstar.uncommonschools.org/24-25-school-year-enrollment-google-search/,in a set,Keep,"Live ad landing page. Per the audit: keep for the ad buy, retire old school years after the cycle."
Newark,54,6 Paid campaign pages,Paid campaign pages,26 27 school year enrollment dooh,https://northstar.uncommonschools.org/26-27-school-year-enrollment-dooh/,in a set,Keep,"Live ad landing page. Per the audit: keep for the ad buy, retire old school years after the cycle."
Newark,55,6 Paid campaign pages,Paid campaign pages,24 25 school year enrollment organic,https://northstar.uncommonschools.org/24-25-school-year-enrollment-organic/,in a set,Keep,"Live ad landing page. Per the audit: keep for the ad buy, retire old school years after the cycle."
Newark,56,6 Paid campaign pages,Paid campaign pages,24 25 school year enrollment etarget,https://northstar.uncommonschools.org/24-25-school-year-enrollment-etarget/,in a set,Keep,"Live ad landing page. Per the audit: keep for the ad buy, retire old school years after the cycle."
Camden,2,1 Core pages,About & core pages,Homepage,https://camdenprep.uncommonschools.org/,yes,Keep,"In the site menu; 29,042 views in 12 months."
Camden,3,1 Core pages,About & core pages,About us,https://camdenprep.uncommonschools.org/about-us/,yes,Keep,"In the site menu; 4,236 views in 12 months."
Camden,4,1 Core pages,About & core pages,Campuses,https://camdenprep.uncommonschools.org/campuses/,yes,Keep,"In the site menu; 3,850 views in 12 months."
Camden,5,1 Core pages,About & core pages,Contact,https://camdenprep.uncommonschools.org/contact/,yes,Keep,"In the site menu; 1,871 views in 12 months."
Camden,6,1 Core pages,About & core pages,The student experience,https://camdenprep.uncommonschools.org/the-student-experience/,yes,Keep,"In the site menu; 1,167 views in 12 months."
Camden,7,1 Core pages,About & core pages,Board of trustees,https://camdenprep.uncommonschools.org/board-of-trustees/,yes,Keep,"In the site menu; 1,000 views in 12 months."
Camden,8,1 Core pages,About & core pages,Results,https://camdenprep.uncommonschools.org/results/,yes,Keep,In the site menu; 654 views in 12 months.
Camden,9,1 Core pages,About & core pages,News,https://camdenprep.uncommonschools.org/news/,yes,Keep,In the site menu; 383 views in 12 months.
Camden,10,1 Core pages,Enrollment,Enroll,https://camdenprep.uncommonschools.org/enroll/,yes,Keep,"In the site menu; 11,350 views in 12 months."
Camden,11,1 Core pages,Enrollment,Find a school,https://camdenprep.uncommonschools.org/find-a-school/,yes,Keep,"In the site menu; 1,541 views in 12 months."
Camden,12,1 Core pages,Enrollment,Camden virtual tour,https://camdenprep.uncommonschools.org/camden-virtual-tour/,yes,Keep,"In the site menu; 1,296 views in 12 months."
Camden,13,1 Core pages,Enrollment,What is a charter school,https://camdenprep.uncommonschools.org/what-is-a-charter-school/,yes,Keep,In the site menu; 321 views in 12 months.
Camden,14,1 Core pages,Careers,Careers,https://camdenprep.uncommonschools.org/careers/,yes,Keep,"In the site menu; 5,163 views in 12 months."
Camden,15,1 Core pages,Donations,Donate,https://camdenprep.uncommonschools.org/donate/,yes,Keep,In the site menu; 234 views in 12 months.
Camden,16,1 Core pages,Donations,Donor dashboard,https://camdenprep.uncommonschools.org/donor-dashboard/,yes,Keep,"On the enroll, donate, or careers path; 58 views in 12 months."
Camden,17,1 Core pages,Donations,Donation confirmation,https://camdenprep.uncommonschools.org/donation-confirmation/,yes,Keep,"On the enroll, donate, or careers path; 55 views in 12 months."
Camden,18,1 Core pages,Donations,Donation failed,https://camdenprep.uncommonschools.org/donation-failed/,yes,Keep,"On the enroll, donate, or careers path; 48 views in 12 months."
Camden,19,1 Core pages,Family resources & policies,Family resources,https://camdenprep.uncommonschools.org/family-resources/,yes,Keep,"In the site menu; 2,223 views in 12 months."
Camden,20,1 Core pages,"Schools, people & other pages",Prek,https://camdenprep.uncommonschools.org/prek/,yes,Keep,"In the site menu; 16,317 views in 12 months."
Camden,21,2 Legal and compliance,Family resources & policies,Harassment and bullying,https://camdenprep.uncommonschools.org/harassment-and-bullying/,yes,Keep,Legal or compliance page; Miriam vets any change. 146 views in 12 months.
Camden,22,2 Legal and compliance,Family resources & policies,Nutrition and wellness,https://camdenprep.uncommonschools.org/nutrition-and-wellness/,yes,Keep,Legal or compliance page; Miriam vets any change. 47 views in 12 months.
Camden,23,2 Legal and compliance,"Schools, people & other pages",Compliance and policy,https://camdenprep.uncommonschools.org/compliance-and-policy/,yes,Keep,Legal or compliance page; Miriam vets any change. 476 views in 12 months.
Camden,24,2 Legal and compliance,"Schools, people & other pages",Archive board meeting minutes,https://camdenprep.uncommonschools.org/archive-board-meeting-minutes/,yes,Keep,Legal or compliance page; Miriam vets any change. 60 views in 12 months.
Camden,25,3 Content pages,Family resources & policies,Technology and internet use,https://camdenprep.uncommonschools.org/technology-and-internet-use/,yes,Keep,Decided by hand: Policy page; Miriam vets any change.
Camden,26,3 Content pages,"Schools, people & other pages",Camden prep hs,https://camdenprep.uncommonschools.org/camden-prep-hs/,yes,Keep,"6,365 views in 12 months."
Camden,27,3 Content pages,"Schools, people & other pages",Mt ephraim es,https://camdenprep.uncommonschools.org/mt-ephraim-es/,yes,Keep,"2,932 views in 12 months."
Camden,28,3 Content pages,"Schools, people & other pages",Copewood es,https://camdenprep.uncommonschools.org/copewood-es/,yes,Keep,"1,739 views in 12 months."
Camden,29,3 Content pages,"Schools, people & other pages",Copewood middle school,https://camdenprep.uncommonschools.org/copewood-middle-school/,yes,Keep,"1,195 views in 12 months."
Camden,30,3 Content pages,"Schools, people & other pages",Mt ephraim ms,https://camdenprep.uncommonschools.org/mt-ephraim-ms/,yes,Keep,966 views in 12 months.
Camden,31,3 Content pages,"Schools, people & other pages",Camden prep prek,https://camdenprep.uncommonschools.org/camden-prep-prek/,yes,Keep,354 views in 12 months.
Camden,32,3 Content pages,"Schools, people & other pages",Prek schedule,https://camdenprep.uncommonschools.org/prek-schedule/,yes,Keep,247 views in 12 months.
Camden,33,5 Thin pages nothing links to,"Schools, people & other pages",School uniforms,https://camdenprep.uncommonschools.org/school-uniforms/,yes,Keep,76 views in 12 months.
Camden,34,5 Thin pages nothing links to,"Schools, people & other pages",Test,https://camdenprep.uncommonschools.org/test/,yes,Keep,54 views in 12 months.
Camden,35,6 Paid campaign pages,Paid campaign pages,All 13 paid campaign pages (one pick covers the set),,set,Keep,"Live ad landing pages. Per the audit: keep for the ad buy, retire old school years after the cycle. 36,915 views across 13 pages in 12 months."
Camden,36,6 Paid campaign pages,Paid campaign pages,26 27 school year enrollment prog,https://camdenprep.uncommonschools.org/26-27-school-year-enrollment-prog/,in a set,Keep,"Live ad landing page. Per the audit: keep for the ad buy, retire old school years after the cycle."
Camden,37,6 Paid campaign pages,Paid campaign pages,25 26 school year enrollment google search,https://camdenprep.uncommonschools.org/25-26-school-year-enrollment-google-search/,in a set,Keep,"Live ad landing page. Per the audit: keep for the ad buy, retire old school years after the cycle."
Camden,38,6 Paid campaign pages,Paid campaign pages,25 26 school year enrollment etarget,https://camdenprep.uncommonschools.org/25-26-school-year-enrollment-etarget/,in a set,Keep,"Live ad landing page. Per the audit: keep for the ad buy, retire old school years after the cycle."
Camden,39,6 Paid campaign pages,Paid campaign pages,26 27 school year enrollment demgen,https://camdenprep.uncommonschools.org/26-27-school-year-enrollment-demgen/,in a set,Keep,"Live ad landing page. Per the audit: keep for the ad buy, retire old school years after the cycle."
Camden,40,6 Paid campaign pages,Paid campaign pages,26 27 school year enrollment dooh,https://camdenprep.uncommonschools.org/26-27-school-year-enrollment-dooh/,in a set,Keep,"Live ad landing page. Per the audit: keep for the ad buy, retire old school years after the cycle."
Camden,41,6 Paid campaign pages,Paid campaign pages,26 27 school year enrollment pmax,https://camdenprep.uncommonschools.org/26-27-school-year-enrollment-pmax/,in a set,Keep,"Live ad landing page. Per the audit: keep for the ad buy, retire old school years after the cycle."
Camden,42,6 Paid campaign pages,Paid campaign pages,24 25 school year enrollment organic,https://camdenprep.uncommonschools.org/24-25-school-year-enrollment-organic/,in a set,Keep,"Live ad landing page. Per the audit: keep for the ad buy, retire old school years after the cycle."
Camden,43,6 Paid campaign pages,Paid campaign pages,25 26 school year enrollment meta rollover,https://camdenprep.uncommonschools.org/25-26-school-year-enrollment-meta-rollover/,in a set,Keep,"Live ad landing page. Per the audit: keep for the ad buy, retire old school years after the cycle."
Camden,44,6 Paid campaign pages,Paid campaign pages,26 27 school year enrollment great schools,https://camdenprep.uncommonschools.org/26-27-school-year-enrollment-great-schools/,in a set,Keep,"Live ad landing page. Per the audit: keep for the ad buy, retire old school years after the cycle."
Camden,45,6 Paid campaign pages,Paid campaign pages,24 25 school year enrollment google search,https://camdenprep.uncommonschools.org/24-25-school-year-enrollment-google-search/,in a set,Keep,"Live ad landing page. Per the audit: keep for the ad buy, retire old school years after the cycle."
Camden,46,6 Paid campaign pages,Paid campaign pages,25 26 school year enrollment organic,https://camdenprep.uncommonschools.org/25-26-school-year-enrollment-organic/,in a set,Keep,"Live ad landing page. Per the audit: keep for the ad buy, retire old school years after the cycle."
Camden,47,6 Paid campaign pages,Paid campaign pages,Start your application for school year 2026 2027,https://camdenprep.uncommonschools.org/start-your-application-for-school-year-2026-2027/,in a set,Keep,"Live ad landing page. Per the audit: keep for the ad buy, retire old school years after the cycle."
Camden,48,6 Paid campaign pages,Paid campaign pages,24 25 school year enrollment etarget,https://camdenprep.uncommonschools.org/24-25-school-year-enrollment-etarget/,in a set,Keep,"Live ad landing page. Per the audit: keep for the ad buy, retire old school years after the cycle."
Rochester,2,1 Core pages,About & core pages,Homepage,https://rochesterprep.uncommonschools.org/,yes,Keep,"In the site menu; 22,739 views in 12 months."
Rochester,3,1 Core pages,About & core pages,About us,https://rochesterprep.uncommonschools.org/about-us/,yes,Keep,"In the site menu; 7,797 views in 12 months."
Rochester,4,1 Core pages,About & core pages,Campuses,https://rochesterprep.uncommonschools.org/campuses/,yes,Keep,"In the site menu; 7,026 views in 12 months."
Rochester,5,1 Core pages,About & core pages,Contact,https://rochesterprep.uncommonschools.org/contact/,yes,Keep,"In the site menu; 2,583 views in 12 months."
Rochester,6,1 Core pages,About & core pages,The student experience,https://rochesterprep.uncommonschools.org/the-student-experience/,yes,Keep,"In the site menu; 2,016 views in 12 months."
Rochester,7,1 Core pages,About & core pages,Board of trustees,https://rochesterprep.uncommonschools.org/board-of-trustees/,yes,Keep,"In the site menu; 1,448 views in 12 months."
Rochester,8,1 Core pages,About & core pages,Results,https://rochesterprep.uncommonschools.org/results/,yes,Keep,"In the site menu; 1,063 views in 12 months."
Rochester,9,1 Core pages,About & core pages,News,https://rochesterprep.uncommonschools.org/news/,yes,Keep,In the site menu; 568 views in 12 months.
Rochester,10,1 Core pages,Enrollment,Enroll,https://rochesterprep.uncommonschools.org/enroll/,yes,Keep,"In the site menu; 12,046 views in 12 months."
Rochester,11,1 Core pages,Enrollment,Find a school,https://rochesterprep.uncommonschools.org/find-a-school/,yes,Keep,"In the site menu; 2,342 views in 12 months."
Rochester,12,1 Core pages,Enrollment,What is a charter school,https://rochesterprep.uncommonschools.org/what-is-a-charter-school/,yes,Keep,In the site menu; 438 views in 12 months.
Rochester,13,1 Core pages,Careers,Careers,https://rochesterprep.uncommonschools.org/careers/,yes,Keep,"In the site menu; 3,917 views in 12 months."
Rochester,14,1 Core pages,Donations,Donate,https://rochesterprep.uncommonschools.org/donate/,yes,Keep,In the site menu; 481 views in 12 months.
Rochester,15,1 Core pages,Donations,Donor dashboard,https://rochesterprep.uncommonschools.org/donor-dashboard/,yes,Keep,"On the enroll, donate, or careers path; 52 views in 12 months."
Rochester,16,1 Core pages,Donations,Donation failed,https://rochesterprep.uncommonschools.org/donation-failed/,yes,Keep,"On the enroll, donate, or careers path; 7 views in 12 months."
Rochester,17,1 Core pages,Donations,Donation confirmation,https://rochesterprep.uncommonschools.org/donation-confirmation/,yes,Keep,"On the enroll, donate, or careers path; under 3 views in 12 months."
Rochester,18,1 Core pages,Family resources & policies,Family resources,https://rochesterprep.uncommonschools.org/family-resources/,yes,Keep,"In the site menu; 6,198 views in 12 months."
Rochester,19,1 Core pages,"Schools, people & other pages",Esser application detail,https://rochesterprep.uncommonschools.org/esser-application-detail/,yes,Keep,"On the enroll, donate, or careers path; 51 views in 12 months."
Rochester,20,2 Legal and compliance,Family resources & policies,Current legal notices,https://rochesterprep.uncommonschools.org/current-legal-notices/,yes,Keep,Legal or compliance page; Miriam vets any change. 81 views in 12 months.
Rochester,21,2 Legal and compliance,Family resources & policies,Harassment and bullying,https://rochesterprep.uncommonschools.org/harassment-and-bullying/,yes,Keep,Legal or compliance page; Miriam vets any change. 8 views in 12 months.
Rochester,22,3 Content pages,Family resources & policies,Technology and internet use,https://rochesterprep.uncommonschools.org/technology-and-internet-use/,yes,Keep,Decided by hand: Policy page; Miriam vets any change.
Rochester,23,3 Content pages,Family resources & policies,Family newsletters,https://rochesterprep.uncommonschools.org/family-resources/family-newsletters/,yes,Consolidate,Decided by hand: Fold into Family resources; few views.
Rochester,24,3 Content pages,"Schools, people & other pages",Rochester prep hs,https://rochesterprep.uncommonschools.org/rochester-prep-hs/,yes,Keep,"7,072 views in 12 months."
Rochester,25,3 Content pages,"Schools, people & other pages",West campus es,https://rochesterprep.uncommonschools.org/west-campus-es/,yes,Keep,"2,843 views in 12 months."
Rochester,26,3 Content pages,"Schools, people & other pages",West campus ms,https://rochesterprep.uncommonschools.org/west-campus-ms/,yes,Keep,"2,317 views in 12 months."
Rochester,27,3 Content pages,"Schools, people & other pages",Brooks campus ms,https://rochesterprep.uncommonschools.org/brooks-campus-ms/,yes,Keep,"1,771 views in 12 months."
Rochester,28,3 Content pages,"Schools, people & other pages",Es3,https://rochesterprep.uncommonschools.org/es3/,yes,Keep,"1,752 views in 12 months."
Rochester,29,3 Content pages,"Schools, people & other pages",Jay street,https://rochesterprep.uncommonschools.org/jay-street/,yes,Keep,"1,615 views in 12 months."
Rochester,30,3 Content pages,"Schools, people & other pages",Rochester prep middle school 3,https://rochesterprep.uncommonschools.org/rochester-prep-middle-school-3/,yes,Keep,"1,224 views in 12 months."
Rochester,31,5 Thin pages nothing links to,"Schools, people & other pages",School uniforms,https://rochesterprep.uncommonschools.org/school-uniforms/,yes,Keep,"1,018 views in 12 months."
Rochester,32,5 Thin pages nothing links to,"Schools, people & other pages",Team schedules,https://rochesterprep.uncommonschools.org/team-schedules/,yes,Kill,"Under 250 words, nothing links here; 13 views in 12 months."
Rochester,33,5 Thin pages nothing links to,"Schools, people & other pages",1978 2,https://rochesterprep.uncommonschools.org/1978-2/,yes,Kill,"Under 250 words, nothing links here; 3 views in 12 months."
Rochester,34,6 Paid campaign pages,Paid campaign pages,All 12 paid campaign pages (one pick covers the set),,set,Keep,"Live ad landing pages. Per the audit: keep for the ad buy, retire old school years after the cycle. 33,901 views across 12 pages in 12 months."
Rochester,35,6 Paid campaign pages,Paid campaign pages,26 27 enrollment prog,https://rochesterprep.uncommonschools.org/26-27-enrollment-prog/,in a set,Keep,"Live ad landing page. Per the audit: keep for the ad buy, retire old school years after the cycle."
Rochester,36,6 Paid campaign pages,Paid campaign pages,25 26 enrollment google search,https://rochesterprep.uncommonschools.org/25-26-enrollment-google-search/,in a set,Keep,"Live ad landing page. Per the audit: keep for the ad buy, retire old school years after the cycle."
Rochester,37,6 Paid campaign pages,Paid campaign pages,26 27 school year enrollment application,https://rochesterprep.uncommonschools.org/26-27-school-year-enrollment-application/,in a set,Keep,"Live ad landing page. Per the audit: keep for the ad buy, retire old school years after the cycle."
Rochester,38,6 Paid campaign pages,Paid campaign pages,26 27 enrollment great schools,https://rochesterprep.uncommonschools.org/26-27-enrollment-great-schools/,in a set,Keep,"Live ad landing page. Per the audit: keep for the ad buy, retire old school years after the cycle."
Rochester,39,6 Paid campaign pages,Paid campaign pages,26 27 enrollment demgen,https://rochesterprep.uncommonschools.org/26-27-enrollment-demgen/,in a set,Keep,"Live ad landing page. Per the audit: keep for the ad buy, retire old school years after the cycle."
Rochester,40,6 Paid campaign pages,Paid campaign pages,26 27 enrollment dooh,https://rochesterprep.uncommonschools.org/26-27-enrollment-dooh/,in a set,Keep,"Live ad landing page. Per the audit: keep for the ad buy, retire old school years after the cycle."
Rochester,41,6 Paid campaign pages,Paid campaign pages,26 27 enrollment etarget,https://rochesterprep.uncommonschools.org/26-27-enrollment-etarget/,in a set,Keep,"Live ad landing page. Per the audit: keep for the ad buy, retire old school years after the cycle."
Rochester,42,6 Paid campaign pages,Paid campaign pages,24 25 school year enrollment organic,https://rochesterprep.uncommonschools.org/24-25-school-year-enrollment-organic/,in a set,Keep,"Live ad landing page. Per the audit: keep for the ad buy, retire old school years after the cycle."
Rochester,43,6 Paid campaign pages,Paid campaign pages,26 27 enrollment pmax,https://rochesterprep.uncommonschools.org/26-27-enrollment-pmax/,in a set,Keep,"Live ad landing page. Per the audit: keep for the ad buy, retire old school years after the cycle."
Rochester,44,6 Paid campaign pages,Paid campaign pages,25 26 enrollment organic,https://rochesterprep.uncommonschools.org/25-26-enrollment-organic/,in a set,Keep,"Live ad landing page. Per the audit: keep for the ad buy, retire old school years after the cycle."
Rochester,45,6 Paid campaign pages,Paid campaign pages,25 26 enrollment google meta rollover,https://rochesterprep.uncommonschools.org/25-26-enrollment-google-meta-rollover/,in a set,Keep,"Live ad landing page. Per the audit: keep for the ad buy, retire old school years after the cycle."
Rochester,46,6 Paid campaign pages,Paid campaign pages,24 25 school year enrollment google search,https://rochesterprep.uncommonschools.org/24-25-school-year-enrollment-google-search/,in a set,Keep,"Live ad landing page. Per the audit: keep for the ad buy, retire old school years after the cycle."
Curriculum Hub,2,1 Core pages,Site pages,Homepage,https://hscurriculum.uncommonschools.org/,yes,Keep,Hub site page; in the site menu.
Curriculum Hub,3,1 Core pages,Site pages,Sign up,https://hscurriculum.uncommonschools.org/sign-up/,yes,Keep,Hub site page; in the site menu.
Curriculum Hub,4,1 Core pages,Site pages,About,https://hscurriculum.uncommonschools.org/about/,yes,Keep,Hub site page; in the site menu.
Curriculum Hub,5,1 Core pages,Site pages,Contact us,https://hscurriculum.uncommonschools.org/contact-us/,yes,Keep,Hub site page; in the site menu.
Curriculum Hub,6,1 Core pages,Site pages,Login,https://hscurriculum.uncommonschools.org/login/,yes,Keep,Hub site page; in the site menu.
Curriculum Hub,7,1 Core pages,Site pages,Resources,https://hscurriculum.uncommonschools.org/resources/,yes,Keep,Hub site page; in the site menu.
Curriculum Hub,8,1 Core pages,Site pages,How it works,https://hscurriculum.uncommonschools.org/how-it-works/,yes,Keep,Hub site page; in the site menu.
Curriculum Hub,9,2 Legal and compliance,Site pages,Privacy policy,https://hscurriculum.uncommonschools.org/privacy-policy/,yes,Keep,Legal page; Miriam vets any change.
Curriculum Hub,10,4 Content not readable from outside,Curriculum collections,1 01 explaining periodic trends,https://hscurriculum.uncommonschools.org/collection/1-01-explaining-periodic-trends/,yes,Undecided,Behind a sign-in; Hub owner decides.
Curriculum Hub,11,4 Content not readable from outside,Curriculum collections,1 01 function notation,https://hscurriculum.uncommonschools.org/collection/1-01-function-notation/,yes,Undecided,Behind a sign-in; Hub owner decides.
Curriculum Hub,12,4 Content not readable from outside,Curriculum collections,1 01 intro to research,https://hscurriculum.uncommonschools.org/collection/1-01-intro-to-research/,yes,Undecided,Behind a sign-in; Hub owner decides.
Curriculum Hub,13,4 Content not readable from outside,Curriculum collections,1 01 ny times,https://hscurriculum.uncommonschools.org/collection/1-01-ny-times/,yes,Undecided,Behind a sign-in; Hub owner decides.
Curriculum Hub,14,4 Content not readable from outside,Curriculum collections,1 02 components of a strong research question,https://hscurriculum.uncommonschools.org/collection/1-02-components-of-a-strong-research-question/,yes,Undecided,Behind a sign-in; Hub owner decides.
Curriculum Hub,15,4 Content not readable from outside,Curriculum collections,1 02 freewrites,https://hscurriculum.uncommonschools.org/collection/1-02-freewrites/,yes,Undecided,Behind a sign-in; Hub owner decides.
Curriculum Hub,16,4 Content not readable from outside,Curriculum collections,1 02 interval and inequality notation,https://hscurriculum.uncommonschools.org/collection/1-02-interval-and-inequality-notation/,yes,Undecided,Behind a sign-in; Hub owner decides.
Curriculum Hub,17,4 Content not readable from outside,Curriculum collections,1 02 successive ionization energies,https://hscurriculum.uncommonschools.org/collection/1-02-successive-ionization-energies/,yes,Undecided,Behind a sign-in; Hub owner decides.
Curriculum Hub,18,4 Content not readable from outside,Curriculum collections,1 03 extrema,https://hscurriculum.uncommonschools.org/collection/1-03-extrema/,yes,Undecided,Behind a sign-in; Hub owner decides.
Curriculum Hub,19,4 Content not readable from outside,Curriculum collections,1 03 greening,https://hscurriculum.uncommonschools.org/collection/1-03-greening/,yes,Undecided,Behind a sign-in; Hub owner decides.
Curriculum Hub,20,4 Content not readable from outside,Curriculum collections,1 03 periodic trends free response practice,https://hscurriculum.uncommonschools.org/collection/1-03-periodic-trends-free-response-practice/,yes,Undecided,Behind a sign-in; Hub owner decides.
Curriculum Hub,21,4 Content not readable from outside,Curriculum collections,1 03 scope of a research question,https://hscurriculum.uncommonschools.org/collection/1-03-scope-of-a-research-question/,yes,Undecided,Behind a sign-in; Hub owner decides.
Curriculum Hub,22,4 Content not readable from outside,Curriculum collections,1 04 developing strong research questions,https://hscurriculum.uncommonschools.org/collection/1-04-developing-strong-research-questions/,yes,Undecided,Behind a sign-in; Hub owner decides.
Curriculum Hub,23,4 Content not readable from outside,Curriculum collections,1 04 distinguishing functions,https://hscurriculum.uncommonschools.org/collection/1-04-distinguishing-functions/,yes,Undecided,Behind a sign-in; Hub owner decides.
Curriculum Hub,24,4 Content not readable from outside,Curriculum collections,1 04 energy wavelength frequency,https://hscurriculum.uncommonschools.org/collection/1-04-energy-wavelength-frequency/,yes,Undecided,Behind a sign-in; Hub owner decides.
Curriculum Hub,25,4 Content not readable from outside,Curriculum collections,1 04 public speaking,https://hscurriculum.uncommonschools.org/collection/1-04-public-speaking/,yes,Undecided,Behind a sign-in; Hub owner decides.
Curriculum Hub,26,4 Content not readable from outside,Curriculum collections,1 05 function graph properties,https://hscurriculum.uncommonschools.org/collection/1-05-function-graph-properties/,yes,Undecided,Behind a sign-in; Hub owner decides.
Curriculum Hub,27,4 Content not readable from outside,Curriculum collections,1 05 identify gaps in scholarship,https://hscurriculum.uncommonschools.org/collection/1-05-identify-gaps-in-scholarship/,yes,Undecided,Behind a sign-in; Hub owner decides.
Curriculum Hub,28,4 Content not readable from outside,Curriculum collections,1 05 name presentation,https://hscurriculum.uncommonschools.org/collection/1-05-name-presentation/,yes,Undecided,Behind a sign-in; Hub owner decides.
Curriculum Hub,29,4 Content not readable from outside,Curriculum collections,1 05 photoelectron massspectra,https://hscurriculum.uncommonschools.org/collection/1-05-photoelectron-massspectra/,yes,Undecided,Behind a sign-in; Hub owner decides.
Curriculum Hub,30,4 Content not readable from outside,Curriculum collections,1 06 case study uncovering the gap,https://hscurriculum.uncommonschools.org/collection/1-06-case-study-uncovering-the-gap/,yes,Undecided,Behind a sign-in; Hub owner decides.
Curriculum Hub,31,4 Content not readable from outside,Curriculum collections,1 06 connection maps,https://hscurriculum.uncommonschools.org/collection/1-06-connection-maps/,yes,Undecided,Behind a sign-in; Hub owner decides.
Curriculum Hub,32,4 Content not readable from outside,Curriculum collections,1 06 graphing functions,https://hscurriculum.uncommonschools.org/collection/1-06-graphing-functions/,yes,Undecided,Behind a sign-in; Hub owner decides.
Curriculum Hub,33,4 Content not readable from outside,Curriculum collections,1 07 argument types,https://hscurriculum.uncommonschools.org/collection/1-07-argument-types/,yes,Undecided,Behind a sign-in; Hub owner decides.
Curriculum Hub,34,4 Content not readable from outside,Curriculum collections,1 07 determine variables and feasibility of topics,https://hscurriculum.uncommonschools.org/collection/1-07-determine-variables-and-feasibility-of-topics/,yes,Undecided,Behind a sign-in; Hub owner decides.
Curriculum Hub,35,4 Content not readable from outside,Curriculum collections,1 07 evaluate function,https://hscurriculum.uncommonschools.org/collection/1-07-evaluate-function/,yes,Undecided,Behind a sign-in; Hub owner decides.
Curriculum Hub,36,4 Content not readable from outside,Curriculum collections,1 08 argument maps,https://hscurriculum.uncommonschools.org/collection/1-08-argument-maps/,yes,Undecided,Behind a sign-in; Hub owner decides.
Curriculum Hub,37,4 Content not readable from outside,Curriculum collections,1 08 rate of change no calculator,https://hscurriculum.uncommonschools.org/collection/1-08-rate-of-change-no-calculator/,yes,Undecided,Behind a sign-in; Hub owner decides.
Curriculum Hub,38,4 Content not readable from outside,Curriculum collections,1 08 solidify the gap in a research question,https://hscurriculum.uncommonschools.org/collection/1-08-solidify-the-gap-in-a-research-question/,yes,Undecided,Behind a sign-in; Hub owner decides.
Curriculum Hub,39,4 Content not readable from outside,Curriculum collections,1 09 academic disciplines ways of knowing,https://hscurriculum.uncommonschools.org/collection/1-09-academic-disciplines-ways-of-knowing/,yes,Undecided,Behind a sign-in; Hub owner decides.
Curriculum Hub,40,4 Content not readable from outside,Curriculum collections,1 09 lor connections,https://hscurriculum.uncommonschools.org/collection/1-09-lor-connections/,yes,Undecided,Behind a sign-in; Hub owner decides.
Curriculum Hub,41,4 Content not readable from outside,Curriculum collections,1 09 rate of change w calculator,https://hscurriculum.uncommonschools.org/collection/1-09-rate-of-change-w-calculator/,yes,Undecided,Behind a sign-in; Hub owner decides.
Curriculum Hub,42,4 Content not readable from outside,Curriculum collections,1 10 discipline specific research,https://hscurriculum.uncommonschools.org/collection/1-10-discipline-specific-research/,yes,Undecided,Behind a sign-in; Hub owner decides.
Curriculum Hub,43,4 Content not readable from outside,Curriculum collections,1 10 logical fallacies 1,https://hscurriculum.uncommonschools.org/collection/1-10-logical-fallacies-1/,yes,Undecided,Behind a sign-in; Hub owner decides.
Curriculum Hub,44,4 Content not readable from outside,Curriculum collections,1 10 symmetry,https://hscurriculum.uncommonschools.org/collection/1-10-symmetry/,yes,Undecided,Behind a sign-in; Hub owner decides.
Curriculum Hub,45,4 Content not readable from outside,Curriculum collections,1 11 invertible functions,https://hscurriculum.uncommonschools.org/collection/1-11-invertible-functions/,yes,Undecided,Behind a sign-in; Hub owner decides.
Curriculum Hub,46,4 Content not readable from outside,Curriculum collections,1 11 logical fallacies 2,https://hscurriculum.uncommonschools.org/collection/1-11-logical-fallacies-2/,yes,Undecided,Behind a sign-in; Hub owner decides.
Curriculum Hub,47,4 Content not readable from outside,Curriculum collections,1 11 peer review and constructive feedback,https://hscurriculum.uncommonschools.org/collection/1-11-peer-review-and-constructive-feedback/,yes,Undecided,Behind a sign-in; Hub owner decides.
Curriculum Hub,48,4 Content not readable from outside,Curriculum collections,1 12 implications,https://hscurriculum.uncommonschools.org/collection/1-12-implications/,yes,Undecided,Behind a sign-in; Hub owner decides.
Curriculum Hub,49,4 Content not readable from outside,Curriculum collections,1 12 inverse functions,https://hscurriculum.uncommonschools.org/collection/1-12-inverse-functions/,yes,Undecided,Behind a sign-in; Hub owner decides.
Curriculum Hub,50,4 Content not readable from outside,Curriculum collections,1 12 revise and submit research topic and question,https://hscurriculum.uncommonschools.org/collection/1-12-revise-and-submit-research-topic-and-question/,yes,Undecided,Behind a sign-in; Hub owner decides.
Curriculum Hub,51,4 Content not readable from outside,Curriculum collections,1 13 lor,https://hscurriculum.uncommonschools.org/collection/1-13-lor/,yes,Undecided,Behind a sign-in; Hub owner decides.
Curriculum Hub,52,4 Content not readable from outside,Curriculum collections,1 13 research question presentations,https://hscurriculum.uncommonschools.org/collection/1-13-research-question-presentations/,yes,Undecided,Behind a sign-in; Hub owner decides.
Curriculum Hub,53,4 Content not readable from outside,Curriculum collections,1 13 unit 1 review,https://hscurriculum.uncommonschools.org/collection/1-13-unit-1-review/,yes,Undecided,Behind a sign-in; Hub owner decides.
Curriculum Hub,54,4 Content not readable from outside,Curriculum collections,1 14 components of an annotate bibliography,https://hscurriculum.uncommonschools.org/collection/1-14-components-of-an-annotate-bibliography/,yes,Undecided,Behind a sign-in; Hub owner decides.
Curriculum Hub,55,4 Content not readable from outside,Curriculum collections,1 14 synthesis essay,https://hscurriculum.uncommonschools.org/collection/1-14-synthesis-essay/,yes,Undecided,Behind a sign-in; Hub owner decides.
Curriculum Hub,56,4 Content not readable from outside,Curriculum collections,1 14 unit 1 assessments,https://hscurriculum.uncommonschools.org/collection/1-14-unit-1-assessments/,yes,Undecided,Behind a sign-in; Hub owner decides.
Curriculum Hub,57,4 Content not readable from outside,Curriculum collections,1 15 conduct smarter searches,https://hscurriculum.uncommonschools.org/collection/1-15-conduct-smarter-searches/,yes,Undecided,Behind a sign-in; Hub owner decides.
Curriculum Hub,58,4 Content not readable from outside,Curriculum collections,1 15 raven,https://hscurriculum.uncommonschools.org/collection/1-15-raven/,yes,Undecided,Behind a sign-in; Hub owner decides.
Curriculum Hub,59,4 Content not readable from outside,Curriculum collections,1 16 evidence types,https://hscurriculum.uncommonschools.org/collection/1-16-evidence-types/,yes,Undecided,Behind a sign-in; Hub owner decides.
Curriculum Hub,60,4 Content not readable from outside,Curriculum collections,1 16 source research,https://hscurriculum.uncommonschools.org/collection/1-16-source-research/,yes,Undecided,Behind a sign-in; Hub owner decides.
Curriculum Hub,61,4 Content not readable from outside,Curriculum collections,1 17 scar,https://hscurriculum.uncommonschools.org/collection/1-17-scar/,yes,Undecided,Behind a sign-in; Hub owner decides.
Curriculum Hub,62,4 Content not readable from outside,Curriculum collections,1 17 source research,https://hscurriculum.uncommonschools.org/collection/1-17-source-research/,yes,Undecided,Behind a sign-in; Hub owner decides.
Curriculum Hub,63,4 Content not readable from outside,Curriculum collections,1 18 analyzing evidence,https://hscurriculum.uncommonschools.org/collection/1-18-analyzing-evidence/,yes,Undecided,Behind a sign-in; Hub owner decides.
Curriculum Hub,64,4 Content not readable from outside,Curriculum collections,1 18 source research,https://hscurriculum.uncommonschools.org/collection/1-18-source-research/,yes,Undecided,Behind a sign-in; Hub owner decides.
Curriculum Hub,65,4 Content not readable from outside,Curriculum collections,1 19 eoc a quiz,https://hscurriculum.uncommonschools.org/collection/1-19-eoc-a-quiz/,yes,Undecided,Behind a sign-in; Hub owner decides.
Curriculum Hub,66,4 Content not readable from outside,Curriculum collections,1 19 source research,https://hscurriculum.uncommonschools.org/collection/1-19-source-research/,yes,Undecided,Behind a sign-in; Hub owner decides.
Curriculum Hub,67,4 Content not readable from outside,Curriculum collections,1 20 methods of research,https://hscurriculum.uncommonschools.org/collection/1-20-methods-of-research/,yes,Undecided,Behind a sign-in; Hub owner decides.
Curriculum Hub,68,4 Content not readable from outside,Curriculum collections,1 20 plagiarism,https://hscurriculum.uncommonschools.org/collection/1-20-plagiarism/,yes,Undecided,Behind a sign-in; Hub owner decides.
Curriculum Hub,69,4 Content not readable from outside,Curriculum collections,1 21 citations,https://hscurriculum.uncommonschools.org/collection/1-21-citations/,yes,Undecided,Behind a sign-in; Hub owner decides.
Curriculum Hub,70,4 Content not readable from outside,Curriculum collections,1 21 explore the role of methods,https://hscurriculum.uncommonschools.org/collection/1-21-explore-the-role-of-methods/,yes,Undecided,Behind a sign-in; Hub owner decides.
Curriculum Hub,71,4 Content not readable from outside,Curriculum collections,1 22 methods and ethics,https://hscurriculum.uncommonschools.org/collection/1-22-methods-and-ethics/,yes,Undecided,Behind a sign-in; Hub owner decides.
Curriculum Hub,72,4 Content not readable from outside,Curriculum collections,1 22 simulation intro,https://hscurriculum.uncommonschools.org/collection/1-22-simulation-intro/,yes,Undecided,Behind a sign-in; Hub owner decides.
Curriculum Hub,73,4 Content not readable from outside,Curriculum collections,1 23 identifying a methodological model,https://hscurriculum.uncommonschools.org/collection/1-23-identifying-a-methodological-model/,yes,Undecided,Behind a sign-in; Hub owner decides.
Curriculum Hub,74,4 Content not readable from outside,Curriculum collections,1 23 irr analysis,https://hscurriculum.uncommonschools.org/collection/1-23-irr-analysis/,yes,Undecided,Behind a sign-in; Hub owner decides.
Curriculum Hub,75,4 Content not readable from outside,Curriculum collections,1 24 identifying a methodological model,https://hscurriculum.uncommonschools.org/collection/1-24-identifying-a-methodological-model/,yes,Undecided,Behind a sign-in; Hub owner decides.
Curriculum Hub,76,4 Content not readable from outside,Curriculum collections,1 24 irr research,https://hscurriculum.uncommonschools.org/collection/1-24-irr-research/,yes,Undecided,Behind a sign-in; Hub owner decides.
Curriculum Hub,77,4 Content not readable from outside,Curriculum collections,1 25 identifying a methodological model,https://hscurriculum.uncommonschools.org/collection/1-25-identifying-a-methodological-model/,yes,Undecided,Behind a sign-in; Hub owner decides.
Curriculum Hub,78,4 Content not readable from outside,Curriculum collections,1 25 irr research,https://hscurriculum.uncommonschools.org/collection/1-25-irr-research/,yes,Undecided,Behind a sign-in; Hub owner decides.
Curriculum Hub,79,4 Content not readable from outside,Curriculum collections,1 26 identifying a methodological model,https://hscurriculum.uncommonschools.org/collection/1-26-identifying-a-methodological-model/,yes,Undecided,Behind a sign-in; Hub owner decides.
Curriculum Hub,80,4 Content not readable from outside,Curriculum collections,1 26 irr research,https://hscurriculum.uncommonschools.org/collection/1-26-irr-research/,yes,Undecided,Behind a sign-in; Hub owner decides.
Curriculum Hub,81,4 Content not readable from outside,Curriculum collections,1 27 annotated bibliography research,https://hscurriculum.uncommonschools.org/collection/1-27-annotated-bibliography-research/,yes,Undecided,Behind a sign-in; Hub owner decides.
Curriculum Hub,82,4 Content not readable from outside,Curriculum collections,1 27 irr outline,https://hscurriculum.uncommonschools.org/collection/1-27-irr-outline/,yes,Undecided,Behind a sign-in; Hub owner decides.
Curriculum Hub,83,4 Content not readable from outside,Curriculum collections,1 28 annotated bibliography research,https://hscurriculum.uncommonschools.org/collection/1-28-annotated-bibliography-research/,yes,Undecided,Behind a sign-in; Hub owner decides.
Curriculum Hub,84,4 Content not readable from outside,Curriculum collections,1 28 irr draft 100,https://hscurriculum.uncommonschools.org/collection/1-28-irr-draft-100/,yes,Undecided,Behind a sign-in; Hub owner decides.
Curriculum Hub,85,4 Content not readable from outside,Curriculum collections,1 29 annotated bibliography research,https://hscurriculum.uncommonschools.org/collection/1-29-annotated-bibliography-research/,yes,Undecided,Behind a sign-in; Hub owner decides.
Curriculum Hub,86,4 Content not readable from outside,Curriculum collections,1 29 irr draft 300,https://hscurriculum.uncommonschools.org/collection/1-29-irr-draft-300/,yes,Undecided,Behind a sign-in; Hub owner decides.
Curriculum Hub,87,4 Content not readable from outside,Curriculum collections,1 30 annotated bibliography research,https://hscurriculum.uncommonschools.org/collection/1-30-annotated-bibliography-research/,yes,Undecided,Behind a sign-in; Hub owner decides.
Curriculum Hub,88,4 Content not readable from outside,Curriculum collections,1 30 irr draft 500,https://hscurriculum.uncommonschools.org/collection/1-30-irr-draft-500/,yes,Undecided,Behind a sign-in; Hub owner decides.
Curriculum Hub,89,4 Content not readable from outside,Curriculum collections,1 30b research method elevator speech,https://hscurriculum.uncommonschools.org/collection/1-30b-research-method-elevator-speech/,yes,Undecided,Behind a sign-in; Hub owner decides.
Curriculum Hub,90,4 Content not readable from outside,Curriculum collections,1 31 annotated bibliography research,https://hscurriculum.uncommonschools.org/collection/1-31-annotated-bibliography-research/,yes,Undecided,Behind a sign-in; Hub owner decides.
Curriculum Hub,91,4 Content not readable from outside,Curriculum collections,1 31 team argument,https://hscurriculum.uncommonschools.org/collection/1-31-team-argument/,yes,Undecided,Behind a sign-in; Hub owner decides.
Curriculum Hub,92,4 Content not readable from outside,Curriculum collections,1 32 annotated bibliography research,https://hscurriculum.uncommonschools.org/collection/1-32-annotated-bibliography-research/,yes,Undecided,Behind a sign-in; Hub owner decides.
Curriculum Hub,93,4 Content not readable from outside,Curriculum collections,1 32 team script,https://hscurriculum.uncommonschools.org/collection/1-32-team-script/,yes,Undecided,Behind a sign-in; Hub owner decides.
Curriculum Hub,94,4 Content not readable from outside,Curriculum collections,1 33 annotated bibliography research,https://hscurriculum.uncommonschools.org/collection/1-33-annotated-bibliography-research/,yes,Undecided,Behind a sign-in; Hub owner decides.
Curriculum Hub,95,4 Content not readable from outside,Curriculum collections,1 33 team slides,https://hscurriculum.uncommonschools.org/collection/1-33-team-slides/,yes,Undecided,Behind a sign-in; Hub owner decides.
Curriculum Hub,96,4 Content not readable from outside,Curriculum collections,1 34 annotated bibliography research,https://hscurriculum.uncommonschools.org/collection/1-34-annotated-bibliography-research/,yes,Undecided,Behind a sign-in; Hub owner decides.
Curriculum Hub,97,4 Content not readable from outside,Curriculum collections,1 34 tmp rehearsal,https://hscurriculum.uncommonschools.org/collection/1-34-tmp-rehearsal/,yes,Undecided,Behind a sign-in; Hub owner decides.
Curriculum Hub,98,4 Content not readable from outside,Curriculum collections,1 35 annotated bibliography research,https://hscurriculum.uncommonschools.org/collection/1-35-annotated-bibliography-research/,yes,Undecided,Behind a sign-in; Hub owner decides.
Curriculum Hub,99,4 Content not readable from outside,Curriculum collections,1 35 simulation part 1,https://hscurriculum.uncommonschools.org/collection/1-35-simulation-part-1/,yes,Undecided,Behind a sign-in; Hub owner decides.
Curriculum Hub,100,4 Content not readable from outside,Curriculum collections,1 36 annotated bibliography research,https://hscurriculum.uncommonschools.org/collection/1-36-annotated-bibliography-research/,yes,Undecided,Behind a sign-in; Hub owner decides.
Curriculum Hub,101,4 Content not readable from outside,Curriculum collections,1 36 simulation part 2,https://hscurriculum.uncommonschools.org/collection/1-36-simulation-part-2/,yes,Undecided,Behind a sign-in; Hub owner decides.
Curriculum Hub,102,4 Content not readable from outside,Curriculum collections,1 37 annotated bibliography research,https://hscurriculum.uncommonschools.org/collection/1-37-annotated-bibliography-research/,yes,Undecided,Behind a sign-in; Hub owner decides.
Curriculum Hub,103,4 Content not readable from outside,Curriculum collections,1 37 synthesis writing,https://hscurriculum.uncommonschools.org/collection/1-37-synthesis-writing/,yes,Undecided,Behind a sign-in; Hub owner decides.
Curriculum Hub,104,4 Content not readable from outside,Curriculum collections,1 38 drafting a research proposal,https://hscurriculum.uncommonschools.org/collection/1-38-drafting-a-research-proposal/,yes,Undecided,Behind a sign-in; Hub owner decides.
Curriculum Hub,105,4 Content not readable from outside,Curriculum collections,1 38 eoc a,https://hscurriculum.uncommonschools.org/collection/1-38-eoc-a/,yes,Undecided,Behind a sign-in; Hub owner decides.
Curriculum Hub,106,4 Content not readable from outside,Curriculum collections,1 39 drafting a research proposal,https://hscurriculum.uncommonschools.org/collection/1-39-drafting-a-research-proposal/,yes,Undecided,Behind a sign-in; Hub owner decides.
Curriculum Hub,107,4 Content not readable from outside,Curriculum collections,1 40 drafting a research proposal,https://hscurriculum.uncommonschools.org/collection/1-40-drafting-a-research-proposal/,yes,Undecided,Behind a sign-in; Hub owner decides.
Curriculum Hub,108,4 Content not readable from outside,Curriculum collections,1 41 develop research proposal elevator pitch,https://hscurriculum.uncommonschools.org/collection/1-41-develop-research-proposal-elevator-pitch/,yes,Undecided,Behind a sign-in; Hub owner decides.
Curriculum Hub,109,4 Content not readable from outside,Curriculum collections,1 42 develop research proposal elevator pitch,https://hscurriculum.uncommonschools.org/collection/1-42-develop-research-proposal-elevator-pitch/,yes,Undecided,Behind a sign-in; Hub owner decides.
Curriculum Hub,110,4 Content not readable from outside,Curriculum collections,1 43 develop research proposal elevator pitch,https://hscurriculum.uncommonschools.org/collection/1-43-develop-research-proposal-elevator-pitch/,yes,Undecided,Behind a sign-in; Hub owner decides.
Curriculum Hub,111,4 Content not readable from outside,Curriculum collections,1 44 develop research proposal elevator pitch,https://hscurriculum.uncommonschools.org/collection/1-44-develop-research-proposal-elevator-pitch/,yes,Undecided,Behind a sign-in; Hub owner decides.
Curriculum Hub,112,4 Content not readable from outside,Curriculum collections,1 45 annotated bibliography completion,https://hscurriculum.uncommonschools.org/collection/1-45-annotated-bibliography-completion/,yes,Undecided,Behind a sign-in; Hub owner decides.
Curriculum Hub,113,4 Content not readable from outside,Curriculum collections,1 46 annotated bibliography completion,https://hscurriculum.uncommonschools.org/collection/1-46-annotated-bibliography-completion/,yes,Undecided,Behind a sign-in; Hub owner decides.
Curriculum Hub,114,4 Content not readable from outside,Curriculum collections,1 47 annotated bibliography completion,https://hscurriculum.uncommonschools.org/collection/1-47-annotated-bibliography-completion/,yes,Undecided,Behind a sign-in; Hub owner decides.
Curriculum Hub,115,4 Content not readable from outside,Curriculum collections,10 01 critical points,https://hscurriculum.uncommonschools.org/collection/10-01-critical-points/,yes,Undecided,Behind a sign-in; Hub owner decides.
Curriculum Hub,116,4 Content not readable from outside,Curriculum collections,10 02 the increasing decreasing test,https://hscurriculum.uncommonschools.org/collection/10-02-the-increasing-decreasing-test/,yes,Undecided,Behind a sign-in; Hub owner decides.
Curriculum Hub,117,4 Content not readable from outside,Curriculum collections,10 03 the 1st derivative test,https://hscurriculum.uncommonschools.org/collection/10-03-the-1st-derivative-test/,yes,Undecided,Behind a sign-in; Hub owner decides.
Curriculum Hub,118,4 Content not readable from outside,Curriculum collections,10 04 the convaity gtest,https://hscurriculum.uncommonschools.org/collection/10-04-the-convaity-gtest/,yes,Undecided,Behind a sign-in; Hub owner decides.
Curriculum Hub,119,4 Content not readable from outside,Curriculum collections,10 05 the 2nd derivative test,https://hscurriculum.uncommonschools.org/collection/10-05-the-2nd-derivative-test/,yes,Undecided,Behind a sign-in; Hub owner decides.
Curriculum Hub,120,4 Content not readable from outside,Curriculum collections,10 06 the closed interval method,https://hscurriculum.uncommonschools.org/collection/10-06-the-closed-interval-method/,yes,Undecided,Behind a sign-in; Hub owner decides.
Curriculum Hub,121,4 Content not readable from outside,Curriculum collections,10 07 analyzing the graph of %e2%80%b2,https://hscurriculum.uncommonschools.org/collection/10-07-analyzing-the-graph-of-%e2%80%b2/,yes,Undecided,Behind a sign-in; Hub owner decides.
Curriculum Hub,122,4 Content not readable from outside,Curriculum collections,10 08 matching %e2%80%b2 with,https://hscurriculum.uncommonschools.org/collection/10-08-matching-%e2%80%b2-with/,yes,Undecided,Behind a sign-in; Hub owner decides.
Curriculum Hub,123,4 Content not readable from outside,Curriculum collections,10 09 grahing using the 1st and 2nd derivatives,https://hscurriculum.uncommonschools.org/collection/10-09-grahing-using-the-1st-and-2nd-derivatives/,yes,Undecided,Behind a sign-in; Hub owner decides.
Curriculum Hub,124,4 Content not readable from outside,Curriculum collections,10 10 comparing %e2%80%b2 and %e2%80%b2%e2%80%b2,https://hscurriculum.uncommonschools.org/collection/10-10-comparing-%e2%80%b2-and-%e2%80%b2%e2%80%b2/,yes,Undecided,Behind a sign-in; Hub owner decides.
Curriculum Hub,125,4 Content not readable from outside,Curriculum collections,10 11 using a graphing calculator with the 1st derivative,https://hscurriculum.uncommonschools.org/collection/10-11-using-a-graphing-calculator-with-the-1st-derivative/,yes,Undecided,Behind a sign-in; Hub owner decides.
Curriculum Hub,126,4 Content not readable from outside,Curriculum collections,10 12 using a graphing calculator with the 2nd derivative,https://hscurriculum.uncommonschools.org/collection/10-12-using-a-graphing-calculator-with-the-2nd-derivative/,yes,Undecided,Behind a sign-in; Hub owner decides.
Curriculum Hub,127,4 Content not readable from outside,Curriculum collections,10 13 graphic analysis with a table of values,https://hscurriculum.uncommonschools.org/collection/10-13-graphic-analysis-with-a-table-of-values/,yes,Undecided,Behind a sign-in; Hub owner decides.
Curriculum Hub,128,4 Content not readable from outside,Curriculum collections,10 14 analyzing %e2%80%b2 open ended workshop,https://hscurriculum.uncommonschools.org/collection/10-14-analyzing-%e2%80%b2-open-ended-workshop/,yes,Undecided,Behind a sign-in; Hub owner decides.
Curriculum Hub,129,4 Content not readable from outside,Curriculum collections,101 properties of water,https://hscurriculum.uncommonschools.org/collection/101-properties-of-water/,yes,Undecided,Behind a sign-in; Hub owner decides.
Curriculum Hub,130,4 Content not readable from outside,Curriculum collections,101 variable assignment and displaying output,https://hscurriculum.uncommonschools.org/collection/101-variable-assignment-and-displaying-output/,yes,Undecided,Behind a sign-in; Hub owner decides.
Curriculum Hub,131,4 Content not readable from outside,Curriculum collections,102 properties of water continued,https://hscurriculum.uncommonschools.org/collection/102-properties-of-water-continued/,yes,Undecided,Behind a sign-in; Hub owner decides.
Curriculum Hub,132,4 Content not readable from outside,Curriculum collections,102 variable assignment and displaying output,https://hscurriculum.uncommonschools.org/collection/102-variable-assignment-and-displaying-output/,yes,Undecided,Behind a sign-in; Hub owner decides.
Curriculum Hub,133,4 Content not readable from outside,Curriculum collections,103 macromolecules,https://hscurriculum.uncommonschools.org/collection/103-macromolecules/,yes,Undecided,Behind a sign-in; Hub owner decides.
Curriculum Hub,134,4 Content not readable from outside,Curriculum collections,103 variable assignment and displaying output,https://hscurriculum.uncommonschools.org/collection/103-variable-assignment-and-displaying-output/,yes,Undecided,Behind a sign-in; Hub owner decides.
Curriculum Hub,135,4 Content not readable from outside,Curriculum collections,104 polymer synthesis and decomposition,https://hscurriculum.uncommonschools.org/collection/104-polymer-synthesis-and-decomposition/,yes,Undecided,Behind a sign-in; Hub owner decides.
Curriculum Hub,136,4 Content not readable from outside,Curriculum collections,104 variable assignment and displaying output,https://hscurriculum.uncommonschools.org/collection/104-variable-assignment-and-displaying-output/,yes,Undecided,Behind a sign-in; Hub owner decides.
Curriculum Hub,137,4 Content not readable from outside,Curriculum collections,105 structure and function of polymers,https://hscurriculum.uncommonschools.org/collection/105-structure-and-function-of-polymers/,yes,Undecided,Behind a sign-in; Hub owner decides.
Curriculum Hub,138,4 Content not readable from outside,Curriculum collections,105 variable assignment and displaying output,https://hscurriculum.uncommonschools.org/collection/105-variable-assignment-and-displaying-output/,yes,Undecided,Behind a sign-in; Hub owner decides.
Curriculum Hub,139,4 Content not readable from outside,Curriculum collections,106 levels of protein structure,https://hscurriculum.uncommonschools.org/collection/106-levels-of-protein-structure/,yes,Undecided,Behind a sign-in; Hub owner decides.
Curriculum Hub,140,4 Content not readable from outside,Curriculum collections,106 mathematical operators,https://hscurriculum.uncommonschools.org/collection/106-mathematical-operators/,yes,Undecided,Behind a sign-in; Hub owner decides.
Curriculum Hub,141,4 Content not readable from outside,Curriculum collections,107 enzymes experimental design,https://hscurriculum.uncommonschools.org/collection/107-enzymes-experimental-design/,yes,Undecided,Behind a sign-in; Hub owner decides.
Curriculum Hub,142,4 Content not readable from outside,Curriculum collections,107 mathematical operators,https://hscurriculum.uncommonschools.org/collection/107-mathematical-operators/,yes,Undecided,Behind a sign-in; Hub owner decides.
Curriculum Hub,143,4 Content not readable from outside,Curriculum collections,108 enzyme lab,https://hscurriculum.uncommonschools.org/collection/108-enzyme-lab/,yes,Undecided,Behind a sign-in; Hub owner decides.
Curriculum Hub,144,4 Content not readable from outside,Curriculum collections,108 mathematical operators,https://hscurriculum.uncommonschools.org/collection/108-mathematical-operators/,yes,Undecided,Behind a sign-in; Hub owner decides.
Curriculum Hub,145,4 Content not readable from outside,Curriculum collections,109 enzyme activity,https://hscurriculum.uncommonschools.org/collection/109-enzyme-activity/,yes,Undecided,Behind a sign-in; Hub owner decides.
Curriculum Hub,146,4 Content not readable from outside,Curriculum collections,109 mathematical operators,https://hscurriculum.uncommonschools.org/collection/109-mathematical-operators/,yes,Undecided,Behind a sign-in; Hub owner decides.
Curriculum Hub,147,4 Content not readable from outside,Curriculum collections,11 01 derivative in context,https://hscurriculum.uncommonschools.org/collection/11-01-derivative-in-context/,yes,Undecided,Behind a sign-in; Hub owner decides.
Curriculum Hub,148,4 Content not readable from outside,Curriculum collections,11 02 optimization,https://hscurriculum.uncommonschools.org/collection/11-02-optimization/,yes,Undecided,Behind a sign-in; Hub owner decides.
Curriculum Hub,149,4 Content not readable from outside,Curriculum collections,11 03 optimizations in geometry,https://hscurriculum.uncommonschools.org/collection/11-03-optimizations-in-geometry/,yes,Undecided,Behind a sign-in; Hub owner decides.
Curriculum Hub,150,4 Content not readable from outside,Curriculum collections,11 04 particle motion revisited,https://hscurriculum.uncommonschools.org/collection/11-04-particle-motion-revisited/,yes,Undecided,Behind a sign-in; Hub owner decides.
Curriculum Hub,151,4 Content not readable from outside,Curriculum collections,11 05 speed and change in direction,https://hscurriculum.uncommonschools.org/collection/11-05-speed-and-change-in-direction/,yes,Undecided,Behind a sign-in; Hub owner decides.
Curriculum Hub,152,4 Content not readable from outside,Curriculum collections,11 06 analyzing the graph of a velocity function,https://hscurriculum.uncommonschools.org/collection/11-06-analyzing-the-graph-of-a-velocity-function/,yes,Undecided,Behind a sign-in; Hub owner decides.
Curriculum Hub,153,4 Content not readable from outside,Curriculum collections,11 07 graphing calculator active particle motion questions,https://hscurriculum.uncommonschools.org/collection/11-07-graphing-calculator-active-particle-motion-questions/,yes,Undecided,Behind a sign-in; Hub owner decides.
Curriculum Hub,154,4 Content not readable from outside,Curriculum collections,11 08 particle motion open ended,https://hscurriculum.uncommonschools.org/collection/11-08-particle-motion-open-ended/,yes,Undecided,Behind a sign-in; Hub owner decides.
Curriculum Hub,155,4 Content not readable from outside,Curriculum collections,11 09 complex derivatives involving the chain rule,https://hscurriculum.uncommonschools.org/collection/11-09-complex-derivatives-involving-the-chain-rule/,yes,Undecided,Behind a sign-in; Hub owner decides.
Curriculum Hub,156,4 Content not readable from outside,Curriculum collections,110 enzyme activity lab report,https://hscurriculum.uncommonschools.org/collection/110-enzyme-activity-lab-report/,yes,Undecided,Behind a sign-in; Hub owner decides.
Curriculum Hub,157,4 Content not readable from outside,Curriculum collections,110 mathematical operators,https://hscurriculum.uncommonschools.org/collection/110-mathematical-operators/,yes,Undecided,Behind a sign-in; Hub owner decides.
Curriculum Hub,158,4 Content not readable from outside,Curriculum collections,111 mathematical operators,https://hscurriculum.uncommonschools.org/collection/111-mathematical-operators/,yes,Undecided,Behind a sign-in; Hub owner decides.
Curriculum Hub,159,4 Content not readable from outside,Curriculum collections,111 toothpickase lab inhibitors,https://hscurriculum.uncommonschools.org/collection/111-toothpickase-lab-inhibitors/,yes,Undecided,Behind a sign-in; Hub owner decides.
Curriculum Hub,160,4 Content not readable from outside,Curriculum collections,112 cell organelle structure and function,https://hscurriculum.uncommonschools.org/collection/112-cell-organelle-structure-and-function/,yes,Undecided,Behind a sign-in; Hub owner decides.
Curriculum Hub,161,4 Content not readable from outside,Curriculum collections,112 iteration,https://hscurriculum.uncommonschools.org/collection/112-iteration/,yes,Undecided,Behind a sign-in; Hub owner decides.
Curriculum Hub,162,4 Content not readable from outside,Curriculum collections,113 iteration,https://hscurriculum.uncommonschools.org/collection/113-iteration/,yes,Undecided,Behind a sign-in; Hub owner decides.
Curriculum Hub,163,4 Content not readable from outside,Curriculum collections,114 iteration,https://hscurriculum.uncommonschools.org/collection/114-iteration/,yes,Undecided,Behind a sign-in; Hub owner decides.
Curriculum Hub,164,4 Content not readable from outside,Curriculum collections,1142 review,https://hscurriculum.uncommonschools.org/collection/1142-review/,yes,Undecided,Behind a sign-in; Hub owner decides.
Curriculum Hub,165,4 Content not readable from outside,Curriculum collections,1143 review,https://hscurriculum.uncommonschools.org/collection/1143-review/,yes,Undecided,Behind a sign-in; Hub owner decides.
Curriculum Hub,166,4 Content not readable from outside,Curriculum collections,1144 review,https://hscurriculum.uncommonschools.org/collection/1144-review/,yes,Undecided,Behind a sign-in; Hub owner decides.
Curriculum Hub,167,4 Content not readable from outside,Curriculum collections,1145 review,https://hscurriculum.uncommonschools.org/collection/1145-review/,yes,Undecided,Behind a sign-in; Hub owner decides.
Curriculum Hub,168,4 Content not readable from outside,Curriculum collections,1146 review,https://hscurriculum.uncommonschools.org/collection/1146-review/,yes,Undecided,Behind a sign-in; Hub owner decides.
Curriculum Hub,169,4 Content not readable from outside,Curriculum collections,1147 review,https://hscurriculum.uncommonschools.org/collection/1147-review/,yes,Undecided,Behind a sign-in; Hub owner decides.
Curriculum Hub,170,4 Content not readable from outside,Curriculum collections,1149 review,https://hscurriculum.uncommonschools.org/collection/1149-review/,yes,Undecided,Behind a sign-in; Hub owner decides.
Curriculum Hub,171,4 Content not readable from outside,Curriculum collections,115 iteration,https://hscurriculum.uncommonschools.org/collection/115-iteration/,yes,Undecided,Behind a sign-in; Hub owner decides.
Curriculum Hub,172,4 Content not readable from outside,Curriculum collections,1150 review,https://hscurriculum.uncommonschools.org/collection/1150-review/,yes,Undecided,Behind a sign-in; Hub owner decides.
Curriculum Hub,173,4 Content not readable from outside,Curriculum collections,1151 review,https://hscurriculum.uncommonschools.org/collection/1151-review/,yes,Undecided,Behind a sign-in; Hub owner decides.
Curriculum Hub,174,4 Content not readable from outside,Curriculum collections,1152 review,https://hscurriculum.uncommonschools.org/collection/1152-review/,yes,Undecided,Behind a sign-in; Hub owner decides.
Curriculum Hub,175,4 Content not readable from outside,Curriculum collections,1153 review,https://hscurriculum.uncommonschools.org/collection/1153-review/,yes,Undecided,Behind a sign-in; Hub owner decides.
Curriculum Hub,176,4 Content not readable from outside,Curriculum collections,1154 review,https://hscurriculum.uncommonschools.org/collection/1154-review/,yes,Undecided,Behind a sign-in; Hub owner decides.
Curriculum Hub,177,4 Content not readable from outside,Curriculum collections,1157 review,https://hscurriculum.uncommonschools.org/collection/1157-review/,yes,Undecided,Behind a sign-in; Hub owner decides.
Curriculum Hub,178,4 Content not readable from outside,Curriculum collections,116 random numbers and loss of precision,https://hscurriculum.uncommonschools.org/collection/116-random-numbers-and-loss-of-precision/,yes,Undecided,Behind a sign-in; Hub owner decides.
Curriculum Hub,179,4 Content not readable from outside,Curriculum collections,1163 review,https://hscurriculum.uncommonschools.org/collection/1163-review/,yes,Undecided,Behind a sign-in; Hub owner decides.
Curriculum Hub,180,4 Content not readable from outside,Curriculum collections,1164 review,https://hscurriculum.uncommonschools.org/collection/1164-review/,yes,Undecided,Behind a sign-in; Hub owner decides.
Curriculum Hub,181,4 Content not readable from outside,Curriculum collections,1165 review,https://hscurriculum.uncommonschools.org/collection/1165-review/,yes,Undecided,Behind a sign-in; Hub owner decides.
Curriculum Hub,182,4 Content not readable from outside,Curriculum collections,1166 review,https://hscurriculum.uncommonschools.org/collection/1166-review/,yes,Undecided,Behind a sign-in; Hub owner decides.
Curriculum Hub,183,4 Content not readable from outside,Curriculum collections,1168 review,https://hscurriculum.uncommonschools.org/collection/1168-review/,yes,Undecided,Behind a sign-in; Hub owner decides.
Curriculum Hub,184,4 Content not readable from outside,Curriculum collections,117 random numbers and loss of precision,https://hscurriculum.uncommonschools.org/collection/117-random-numbers-and-loss-of-precision/,yes,Undecided,Behind a sign-in; Hub owner decides.
Curriculum Hub,185,4 Content not readable from outside,Curriculum collections,1170 review,https://hscurriculum.uncommonschools.org/collection/1170-review/,yes,Undecided,Behind a sign-in; Hub owner decides.
Curriculum Hub,186,4 Content not readable from outside,Curriculum collections,1171 review,https://hscurriculum.uncommonschools.org/collection/1171-review/,yes,Undecided,Behind a sign-in; Hub owner decides.
Curriculum Hub,187,4 Content not readable from outside,Curriculum collections,118 random numbers and loss of precision,https://hscurriculum.uncommonschools.org/collection/118-random-numbers-and-loss-of-precision/,yes,Undecided,Behind a sign-in; Hub owner decides.
Curriculum Hub,188,4 Content not readable from outside,Curriculum collections,119 random numbers and loss of precision,https://hscurriculum.uncommonschools.org/collection/119-random-numbers-and-loss-of-precision/,yes,Undecided,Behind a sign-in; Hub owner decides.
Curriculum Hub,189,4 Content not readable from outside,Curriculum collections,120 random numbers and loss of precision,https://hscurriculum.uncommonschools.org/collection/120-random-numbers-and-loss-of-precision/,yes,Undecided,Behind a sign-in; Hub owner decides.
Curriculum Hub,190,4 Content not readable from outside,Curriculum collections,121 unit 1 test,https://hscurriculum.uncommonschools.org/collection/121-unit-1-test/,yes,Undecided,Behind a sign-in; Hub owner decides.
Curriculum Hub,191,4 Content not readable from outside,Curriculum collections,148 flex resources,https://hscurriculum.uncommonschools.org/collection/148-flex-resources/,yes,Undecided,Behind a sign-in; Hub owner decides.
Curriculum Hub,192,4 Content not readable from outside,Curriculum collections,2 01 lattice energy,https://hscurriculum.uncommonschools.org/collection/2-01-lattice-energy/,yes,Undecided,Behind a sign-in; Hub owner decides.
Curriculum Hub,193,4 Content not readable from outside,Curriculum collections,2 01 linear equations,https://hscurriculum.uncommonschools.org/collection/2-01-linear-equations/,yes,Undecided,Behind a sign-in; Hub owner decides.
Curriculum Hub,194,4 Content not readable from outside,Curriculum collections,2 01 team norms,https://hscurriculum.uncommonschools.org/collection/2-01-team-norms/,yes,Undecided,Behind a sign-in; Hub owner decides.
Curriculum Hub,195,4 Content not readable from outside,Curriculum collections,2 02 lewis structures and vsepr,https://hscurriculum.uncommonschools.org/collection/2-02-lewis-structures-and-vsepr/,yes,Undecided,Behind a sign-in; Hub owner decides.
Curriculum Hub,196,4 Content not readable from outside,Curriculum collections,2 02 literal equations,https://hscurriculum.uncommonschools.org/collection/2-02-literal-equations/,yes,Undecided,Behind a sign-in; Hub owner decides.
Curriculum Hub,197,4 Content not readable from outside,Curriculum collections,2 02 research question 1,https://hscurriculum.uncommonschools.org/collection/2-02-research-question-1/,yes,Undecided,Behind a sign-in; Hub owner decides.
Curriculum Hub,198,4 Content not readable from outside,Curriculum collections,2 03 parallel and perpendicular lines,https://hscurriculum.uncommonschools.org/collection/2-03-parallel-and-perpendicular-lines/,yes,Undecided,Behind a sign-in; Hub owner decides.
Curriculum Hub,199,4 Content not readable from outside,Curriculum collections,2 03 research question 2,https://hscurriculum.uncommonschools.org/collection/2-03-research-question-2/,yes,Undecided,Behind a sign-in; Hub owner decides.
Curriculum Hub,200,4 Content not readable from outside,Curriculum collections,2 03 resonance and formal charge,https://hscurriculum.uncommonschools.org/collection/2-03-resonance-and-formal-charge/,yes,Undecided,Behind a sign-in; Hub owner decides.
Curriculum Hub,201,4 Content not readable from outside,Curriculum collections,2 04 polarity and intermolecular forces,https://hscurriculum.uncommonschools.org/collection/2-04-polarity-and-intermolecular-forces/,yes,Undecided,Behind a sign-in; Hub owner decides.
Curriculum Hub,202,4 Content not readable from outside,Curriculum collections,2 04 research question 3,https://hscurriculum.uncommonschools.org/collection/2-04-research-question-3/,yes,Undecided,Behind a sign-in; Hub owner decides.
Curriculum Hub,203,4 Content not readable from outside,Curriculum collections,2 04 systems of equations,https://hscurriculum.uncommonschools.org/collection/2-04-systems-of-equations/,yes,Undecided,Behind a sign-in; Hub owner decides.
Curriculum Hub,204,4 Content not readable from outside,Curriculum collections,2 05 factoring quadratics,https://hscurriculum.uncommonschools.org/collection/2-05-factoring-quadratics/,yes,Undecided,Behind a sign-in; Hub owner decides.
Curriculum Hub,205,4 Content not readable from outside,Curriculum collections,2 05 intermolecular forces and molecular properties,https://hscurriculum.uncommonschools.org/collection/2-05-intermolecular-forces-and-molecular-properties/,yes,Undecided,Behind a sign-in; Hub owner decides.
Curriculum Hub,206,4 Content not readable from outside,Curriculum collections,2 05 research 1,https://hscurriculum.uncommonschools.org/collection/2-05-research-1/,yes,Undecided,Behind a sign-in; Hub owner decides.
Curriculum Hub,207,4 Content not readable from outside,Curriculum collections,2 06 draft first 400 words,https://hscurriculum.uncommonschools.org/collection/2-06-draft-first-400-words/,yes,Undecided,Behind a sign-in; Hub owner decides.
Curriculum Hub,208,4 Content not readable from outside,Curriculum collections,2 06 quadratic equations,https://hscurriculum.uncommonschools.org/collection/2-06-quadratic-equations/,yes,Undecided,Behind a sign-in; Hub owner decides.
Curriculum Hub,209,4 Content not readable from outside,Curriculum collections,2 06 research 2,https://hscurriculum.uncommonschools.org/collection/2-06-research-2/,yes,Undecided,Behind a sign-in; Hub owner decides.
Curriculum Hub,210,4 Content not readable from outside,Curriculum collections,2 06 solubility,https://hscurriculum.uncommonschools.org/collection/2-06-solubility/,yes,Undecided,Behind a sign-in; Hub owner decides.
Curriculum Hub,211,4 Content not readable from outside,Curriculum collections,2 07 draft first 500 words,https://hscurriculum.uncommonschools.org/collection/2-07-draft-first-500-words/,yes,Undecided,Behind a sign-in; Hub owner decides.
Curriculum Hub,212,4 Content not readable from outside,Curriculum collections,2 07 end behavior and limits at infinity,https://hscurriculum.uncommonschools.org/collection/2-07-end-behavior-and-limits-at-infinity/,yes,Undecided,Behind a sign-in; Hub owner decides.
Curriculum Hub,213,4 Content not readable from outside,Curriculum collections,2 07 intermolecular forces frq practice,https://hscurriculum.uncommonschools.org/collection/2-07-intermolecular-forces-frq-practice/,yes,Undecided,Behind a sign-in; Hub owner decides.
Curriculum Hub,214,4 Content not readable from outside,Curriculum collections,2 07 research 3,https://hscurriculum.uncommonschools.org/collection/2-07-research-3/,yes,Undecided,Behind a sign-in; Hub owner decides.
Curriculum Hub,215,4 Content not readable from outside,Curriculum collections,2 08 daltons law of partial pressures,https://hscurriculum.uncommonschools.org/collection/2-08-daltons-law-of-partial-pressures/,yes,Undecided,Behind a sign-in; Hub owner decides.
Curriculum Hub,216,4 Content not readable from outside,Curriculum collections,2 08 draft first 700 words,https://hscurriculum.uncommonschools.org/collection/2-08-draft-first-700-words/,yes,Undecided,Behind a sign-in; Hub owner decides.
Curriculum Hub,217,4 Content not readable from outside,Curriculum collections,2 08 factoring polynomials,https://hscurriculum.uncommonschools.org/collection/2-08-factoring-polynomials/,yes,Undecided,Behind a sign-in; Hub owner decides.
Curriculum Hub,218,4 Content not readable from outside,Curriculum collections,2 08 research 4,https://hscurriculum.uncommonschools.org/collection/2-08-research-4/,yes,Undecided,Behind a sign-in; Hub owner decides.
Curriculum Hub,219,4 Content not readable from outside,Curriculum collections,2 09 draft first 900 words,https://hscurriculum.uncommonschools.org/collection/2-09-draft-first-900-words/,yes,Undecided,Behind a sign-in; Hub owner decides.
Curriculum Hub,220,4 Content not readable from outside,Curriculum collections,2 09 gas particle mass speed and temperature,https://hscurriculum.uncommonschools.org/collection/2-09-gas-particle-mass-speed-and-temperature/,yes,Undecided,Behind a sign-in; Hub owner decides.
Curriculum Hub,221,4 Content not readable from outside,Curriculum collections,2 09 multiplicity,https://hscurriculum.uncommonschools.org/collection/2-09-multiplicity/,yes,Undecided,Behind a sign-in; Hub owner decides.
Curriculum Hub,222,4 Content not readable from outside,Curriculum collections,2 09 research 5,https://hscurriculum.uncommonschools.org/collection/2-09-research-5/,yes,Undecided,Behind a sign-in; Hub owner decides.
Curriculum Hub,223,4 Content not readable from outside,Curriculum collections,2 10 draft first 1000 words,https://hscurriculum.uncommonschools.org/collection/2-10-draft-first-1000-words/,yes,Undecided,Behind a sign-in; Hub owner decides.
Curriculum Hub,224,4 Content not readable from outside,Curriculum collections,2 10 graphs of polynomials,https://hscurriculum.uncommonschools.org/collection/2-10-graphs-of-polynomials/,yes,Undecided,Behind a sign-in; Hub owner decides.
Curriculum Hub,225,4 Content not readable from outside,Curriculum collections,2 10 real gases,https://hscurriculum.uncommonschools.org/collection/2-10-real-gases/,yes,Undecided,Behind a sign-in; Hub owner decides.
Curriculum Hub,226,4 Content not readable from outside,Curriculum collections,2 10 research 6,https://hscurriculum.uncommonschools.org/collection/2-10-research-6/,yes,Undecided,Behind a sign-in; Hub owner decides.
Curriculum Hub,227,4 Content not readable from outside,Curriculum collections,2 11 draft first 1200 words,https://hscurriculum.uncommonschools.org/collection/2-11-draft-first-1200-words/,yes,Undecided,Behind a sign-in; Hub owner decides.
Curriculum Hub,228,4 Content not readable from outside,Curriculum collections,2 11 molarity,https://hscurriculum.uncommonschools.org/collection/2-11-molarity/,yes,Undecided,Behind a sign-in; Hub owner decides.
Curriculum Hub,229,4 Content not readable from outside,Curriculum collections,2 11 outline 1,https://hscurriculum.uncommonschools.org/collection/2-11-outline-1/,yes,Undecided,Behind a sign-in; Hub owner decides.
Curriculum Hub,230,4 Content not readable from outside,Curriculum collections,2 11 polynomial identities,https://hscurriculum.uncommonschools.org/collection/2-11-polynomial-identities/,yes,Undecided,Behind a sign-in; Hub owner decides.
Curriculum Hub,231,4 Content not readable from outside,Curriculum collections,2 12 beers law,https://hscurriculum.uncommonschools.org/collection/2-12-beers-law/,yes,Undecided,Behind a sign-in; Hub owner decides.
Curriculum Hub,232,4 Content not readable from outside,Curriculum collections,2 12 complex systems of equations,https://hscurriculum.uncommonschools.org/collection/2-12-complex-systems-of-equations/,yes,Undecided,Behind a sign-in; Hub owner decides.
Curriculum Hub,233,4 Content not readable from outside,Curriculum collections,2 12 outline 2,https://hscurriculum.uncommonschools.org/collection/2-12-outline-2/,yes,Undecided,Behind a sign-in; Hub owner decides.
Curriculum Hub,234,4 Content not readable from outside,Curriculum collections,2 12 revise first 1000 words,https://hscurriculum.uncommonschools.org/collection/2-12-revise-first-1000-words/,yes,Undecided,Behind a sign-in; Hub owner decides.
Curriculum Hub,235,4 Content not readable from outside,Curriculum collections,2 13 dilutions beers law practice,https://hscurriculum.uncommonschools.org/collection/2-13-dilutions-beers-law-practice/,yes,Undecided,Behind a sign-in; Hub owner decides.
Curriculum Hub,236,4 Content not readable from outside,Curriculum collections,2 13 finish draft of 1200 words,https://hscurriculum.uncommonschools.org/collection/2-13-finish-draft-of-1200-words/,yes,Undecided,Behind a sign-in; Hub owner decides.
Curriculum Hub,237,4 Content not readable from outside,Curriculum collections,2 13 irr 200,https://hscurriculum.uncommonschools.org/collection/2-13-irr-200/,yes,Undecided,Behind a sign-in; Hub owner decides.
Curriculum Hub,238,4 Content not readable from outside,Curriculum collections,2 13 polynomial division,https://hscurriculum.uncommonschools.org/collection/2-13-polynomial-division/,yes,Undecided,Behind a sign-in; Hub owner decides.
Curriculum Hub,239,4 Content not readable from outside,Curriculum collections,2 14 draft 1400 words,https://hscurriculum.uncommonschools.org/collection/2-14-draft-1400-words/,yes,Undecided,Behind a sign-in; Hub owner decides.
Curriculum Hub,240,4 Content not readable from outside,Curriculum collections,2 14 irr 400,https://hscurriculum.uncommonschools.org/collection/2-14-irr-400/,yes,Undecided,Behind a sign-in; Hub owner decides.
Curriculum Hub,241,4 Content not readable from outside,Curriculum collections,2 14 metallic solids,https://hscurriculum.uncommonschools.org/collection/2-14-metallic-solids/,yes,Undecided,Behind a sign-in; Hub owner decides.
Curriculum Hub,242,4 Content not readable from outside,Curriculum collections,2 14 unit 2 review,https://hscurriculum.uncommonschools.org/collection/2-14-unit-2-review/,yes,Undecided,Behind a sign-in; Hub owner decides.
Curriculum Hub,243,4 Content not readable from outside,Curriculum collections,2 15 draft 1500 words,https://hscurriculum.uncommonschools.org/collection/2-15-draft-1500-words/,yes,Undecided,Behind a sign-in; Hub owner decides.
Curriculum Hub,244,4 Content not readable from outside,Curriculum collections,2 15 irr 600,https://hscurriculum.uncommonschools.org/collection/2-15-irr-600/,yes,Undecided,Behind a sign-in; Hub owner decides.
Curriculum Hub,245,4 Content not readable from outside,Curriculum collections,2 15 unit 2 test,https://hscurriculum.uncommonschools.org/collection/2-15-unit-2-test/,yes,Undecided,Behind a sign-in; Hub owner decides.
Curriculum Hub,246,4 Content not readable from outside,Curriculum collections,2 16 draft 1500 words,https://hscurriculum.uncommonschools.org/collection/2-16-draft-1500-words/,yes,Undecided,Behind a sign-in; Hub owner decides.
Curriculum Hub,247,4 Content not readable from outside,Curriculum collections,2 16 irr 800,https://hscurriculum.uncommonschools.org/collection/2-16-irr-800/,yes,Undecided,Behind a sign-in; Hub owner decides.
Curriculum Hub,248,4 Content not readable from outside,Curriculum collections,2 17 draft 1500 words,https://hscurriculum.uncommonschools.org/collection/2-17-draft-1500-words/,yes,Undecided,Behind a sign-in; Hub owner decides.
Curriculum Hub,249,4 Content not readable from outside,Curriculum collections,2 17 irr 1000,https://hscurriculum.uncommonschools.org/collection/2-17-irr-1000/,yes,Undecided,Behind a sign-in; Hub owner decides.
Curriculum Hub,250,4 Content not readable from outside,Curriculum collections,2 18 irr 1200,https://hscurriculum.uncommonschools.org/collection/2-18-irr-1200/,yes,Undecided,Behind a sign-in; Hub owner decides.
Curriculum Hub,251,4 Content not readable from outside,Curriculum collections,2 18 revise and edit using checklist,https://hscurriculum.uncommonschools.org/collection/2-18-revise-and-edit-using-checklist/,yes,Undecided,Behind a sign-in; Hub owner decides.
Curriculum Hub,252,4 Content not readable from outside,Curriculum collections,2 19 irr checklist,https://hscurriculum.uncommonschools.org/collection/2-19-irr-checklist/,yes,Undecided,Behind a sign-in; Hub owner decides.
Curriculum Hub,253,4 Content not readable from outside,Curriculum collections,2 19 peer review,https://hscurriculum.uncommonschools.org/collection/2-19-peer-review/,yes,Undecided,Behind a sign-in; Hub owner decides.
Curriculum Hub,254,4 Content not readable from outside,Curriculum collections,2 20 historical research and survey case study,https://hscurriculum.uncommonschools.org/collection/2-20-historical-research-and-survey-case-study/,yes,Undecided,Behind a sign-in; Hub owner decides.
Curriculum Hub,255,4 Content not readable from outside,Curriculum collections,2 20 irr revise,https://hscurriculum.uncommonschools.org/collection/2-20-irr-revise/,yes,Undecided,Behind a sign-in; Hub owner decides.
Curriculum Hub,256,4 Content not readable from outside,Curriculum collections,2 21 case study and phenomenology case study,https://hscurriculum.uncommonschools.org/collection/2-21-case-study-and-phenomenology-case-study/,yes,Undecided,Behind a sign-in; Hub owner decides.
Curriculum Hub,257,4 Content not readable from outside,Curriculum collections,2 21 irr peer review,https://hscurriculum.uncommonschools.org/collection/2-21-irr-peer-review/,yes,Undecided,Behind a sign-in; Hub owner decides.
Curriculum Hub,258,4 Content not readable from outside,Curriculum collections,2 22 irr proofread,https://hscurriculum.uncommonschools.org/collection/2-22-irr-proofread/,yes,Undecided,Behind a sign-in; Hub owner decides.
Curriculum Hub,259,4 Content not readable from outside,Curriculum collections,2 22 reteach and continue drafting,https://hscurriculum.uncommonschools.org/collection/2-22-reteach-and-continue-drafting/,yes,Undecided,Behind a sign-in; Hub owner decides.
Curriculum Hub,260,4 Content not readable from outside,Curriculum collections,2 23 irr finalize,https://hscurriculum.uncommonschools.org/collection/2-23-irr-finalize/,yes,Undecided,Behind a sign-in; Hub owner decides.
Curriculum Hub,261,4 Content not readable from outside,Curriculum collections,2 23 revise and edit using checklist,https://hscurriculum.uncommonschools.org/collection/2-23-revise-and-edit-using-checklist/,yes,Undecided,Behind a sign-in; Hub owner decides.
Curriculum Hub,262,4 Content not readable from outside,Curriculum collections,2 24 field research case study,https://hscurriculum.uncommonschools.org/collection/2-24-field-research-case-study/,yes,Undecided,Behind a sign-in; Hub owner decides.
Curriculum Hub,263,4 Content not readable from outside,Curriculum collections,2 24 tmp solutions,https://hscurriculum.uncommonschools.org/collection/2-24-tmp-solutions/,yes,Undecided,Behind a sign-in; Hub owner decides.
Curriculum Hub,264,4 Content not readable from outside,Curriculum collections,2 25 identify a research method,https://hscurriculum.uncommonschools.org/collection/2-25-identify-a-research-method/,yes,Undecided,Behind a sign-in; Hub owner decides.
Curriculum Hub,265,4 Content not readable from outside,Curriculum collections,2 25 tmp evidence,https://hscurriculum.uncommonschools.org/collection/2-25-tmp-evidence/,yes,Undecided,Behind a sign-in; Hub owner decides.
Curriculum Hub,266,4 Content not readable from outside,Curriculum collections,2 26 plan for executing a method,https://hscurriculum.uncommonschools.org/collection/2-26-plan-for-executing-a-method/,yes,Undecided,Behind a sign-in; Hub owner decides.
Curriculum Hub,267,4 Content not readable from outside,Curriculum collections,2 26 tmp analysis,https://hscurriculum.uncommonschools.org/collection/2-26-tmp-analysis/,yes,Undecided,Behind a sign-in; Hub owner decides.
Curriculum Hub,268,4 Content not readable from outside,Curriculum collections,2 27 execute method,https://hscurriculum.uncommonschools.org/collection/2-27-execute-method/,yes,Undecided,Behind a sign-in; Hub owner decides.
Curriculum Hub,269,4 Content not readable from outside,Curriculum collections,2 27 tmp outline,https://hscurriculum.uncommonschools.org/collection/2-27-tmp-outline/,yes,Undecided,Behind a sign-in; Hub owner decides.
Curriculum Hub,270,4 Content not readable from outside,Curriculum collections,2 28 tmp script 1,https://hscurriculum.uncommonschools.org/collection/2-28-tmp-script-1/,yes,Undecided,Behind a sign-in; Hub owner decides.
Curriculum Hub,271,4 Content not readable from outside,Curriculum collections,2 29 execute method,https://hscurriculum.uncommonschools.org/collection/2-29-execute-method/,yes,Undecided,Behind a sign-in; Hub owner decides.
Curriculum Hub,272,4 Content not readable from outside,Curriculum collections,2 29 tmp script 2,https://hscurriculum.uncommonschools.org/collection/2-29-tmp-script-2/,yes,Undecided,Behind a sign-in; Hub owner decides.
Curriculum Hub,273,4 Content not readable from outside,Curriculum collections,2 30 prep reflection,https://hscurriculum.uncommonschools.org/collection/2-30-prep-reflection/,yes,Undecided,Behind a sign-in; Hub owner decides.
Curriculum Hub,274,4 Content not readable from outside,Curriculum collections,2 30 tmp script 3,https://hscurriculum.uncommonschools.org/collection/2-30-tmp-script-3/,yes,Undecided,Behind a sign-in; Hub owner decides.
Curriculum Hub,275,4 Content not readable from outside,Curriculum collections,2 31 execute method,https://hscurriculum.uncommonschools.org/collection/2-31-execute-method/,yes,Undecided,Behind a sign-in; Hub owner decides.
Curriculum Hub,276,4 Content not readable from outside,Curriculum collections,2 31 tmp slides 1,https://hscurriculum.uncommonschools.org/collection/2-31-tmp-slides-1/,yes,Undecided,Behind a sign-in; Hub owner decides.
Curriculum Hub,277,4 Content not readable from outside,Curriculum collections,2 32 execute method,https://hscurriculum.uncommonschools.org/collection/2-32-execute-method/,yes,Undecided,Behind a sign-in; Hub owner decides.
Curriculum Hub,278,4 Content not readable from outside,Curriculum collections,2 32 oral defense,https://hscurriculum.uncommonschools.org/collection/2-32-oral-defense/,yes,Undecided,Behind a sign-in; Hub owner decides.
Curriculum Hub,279,4 Content not readable from outside,Curriculum collections,2 33 execute method,https://hscurriculum.uncommonschools.org/collection/2-33-execute-method/,yes,Undecided,Behind a sign-in; Hub owner decides.
Curriculum Hub,280,4 Content not readable from outside,Curriculum collections,2 33 tmp slides,https://hscurriculum.uncommonschools.org/collection/2-33-tmp-slides/,yes,Undecided,Behind a sign-in; Hub owner decides.
Curriculum Hub,281,4 Content not readable from outside,Curriculum collections,2 34 execute method,https://hscurriculum.uncommonschools.org/collection/2-34-execute-method/,yes,Undecided,Behind a sign-in; Hub owner decides.
Curriculum Hub,282,4 Content not readable from outside,Curriculum collections,2 34 tmp rehearsal,https://hscurriculum.uncommonschools.org/collection/2-34-tmp-rehearsal/,yes,Undecided,Behind a sign-in; Hub owner decides.
Curriculum Hub,283,4 Content not readable from outside,Curriculum collections,2 35 execute method,https://hscurriculum.uncommonschools.org/collection/2-35-execute-method/,yes,Undecided,Behind a sign-in; Hub owner decides.
Curriculum Hub,284,4 Content not readable from outside,Curriculum collections,2 35 tmp rehearsal,https://hscurriculum.uncommonschools.org/collection/2-35-tmp-rehearsal/,yes,Undecided,Behind a sign-in; Hub owner decides.
Curriculum Hub,285,4 Content not readable from outside,Curriculum collections,2 36 execute method,https://hscurriculum.uncommonschools.org/collection/2-36-execute-method/,yes,Undecided,Behind a sign-in; Hub owner decides.
Curriculum Hub,286,4 Content not readable from outside,Curriculum collections,2 36 tmp rehearsal,https://hscurriculum.uncommonschools.org/collection/2-36-tmp-rehearsal/,yes,Undecided,Behind a sign-in; Hub owner decides.
Curriculum Hub,287,4 Content not readable from outside,Curriculum collections,2 37 prep reflection,https://hscurriculum.uncommonschools.org/collection/2-37-prep-reflection/,yes,Undecided,Behind a sign-in; Hub owner decides.
Curriculum Hub,288,4 Content not readable from outside,Curriculum collections,2 37 tmp rehearsal,https://hscurriculum.uncommonschools.org/collection/2-37-tmp-rehearsal/,yes,Undecided,Behind a sign-in; Hub owner decides.
Curriculum Hub,289,4 Content not readable from outside,Curriculum collections,2 38 analyze components of results section,https://hscurriculum.uncommonschools.org/collection/2-38-analyze-components-of-results-section/,yes,Undecided,Behind a sign-in; Hub owner decides.
Curriculum Hub,290,4 Content not readable from outside,Curriculum collections,2 38 tmp rehearsal,https://hscurriculum.uncommonschools.org/collection/2-38-tmp-rehearsal/,yes,Undecided,Behind a sign-in; Hub owner decides.
Curriculum Hub,291,4 Content not readable from outside,Curriculum collections,2 39 draft results section,https://hscurriculum.uncommonschools.org/collection/2-39-draft-results-section/,yes,Undecided,Behind a sign-in; Hub owner decides.
Curriculum Hub,292,4 Content not readable from outside,Curriculum collections,2 39 tmp rehearsal,https://hscurriculum.uncommonschools.org/collection/2-39-tmp-rehearsal/,yes,Undecided,Behind a sign-in; Hub owner decides.
Curriculum Hub,293,4 Content not readable from outside,Curriculum collections,2 40 draft results section,https://hscurriculum.uncommonschools.org/collection/2-40-draft-results-section/,yes,Undecided,Behind a sign-in; Hub owner decides.
Curriculum Hub,294,4 Content not readable from outside,Curriculum collections,2 40 tmp ap task,https://hscurriculum.uncommonschools.org/collection/2-40-tmp-ap-task/,yes,Undecided,Behind a sign-in; Hub owner decides.
Curriculum Hub,295,4 Content not readable from outside,Curriculum collections,2 41 draft results section,https://hscurriculum.uncommonschools.org/collection/2-41-draft-results-section/,yes,Undecided,Behind a sign-in; Hub owner decides.
Curriculum Hub,296,4 Content not readable from outside,Curriculum collections,2 41 tmp ap task,https://hscurriculum.uncommonschools.org/collection/2-41-tmp-ap-task/,yes,Undecided,Behind a sign-in; Hub owner decides.
Curriculum Hub,297,4 Content not readable from outside,Curriculum collections,2 42 draft results section,https://hscurriculum.uncommonschools.org/collection/2-42-draft-results-section/,yes,Undecided,Behind a sign-in; Hub owner decides.
Curriculum Hub,298,4 Content not readable from outside,Curriculum collections,2 42 synthesis review,https://hscurriculum.uncommonschools.org/collection/2-42-synthesis-review/,yes,Undecided,Behind a sign-in; Hub owner decides.
Curriculum Hub,299,4 Content not readable from outside,Curriculum collections,2 43 prep reflection,https://hscurriculum.uncommonschools.org/collection/2-43-prep-reflection/,yes,Undecided,Behind a sign-in; Hub owner decides.
Curriculum Hub,300,4 Content not readable from outside,Curriculum collections,2 44 draft results section,https://hscurriculum.uncommonschools.org/collection/2-44-draft-results-section/,yes,Undecided,Behind a sign-in; Hub owner decides.
Curriculum Hub,301,4 Content not readable from outside,Curriculum collections,2 45 draft results section,https://hscurriculum.uncommonschools.org/collection/2-45-draft-results-section/,yes,Undecided,Behind a sign-in; Hub owner decides.
Curriculum Hub,302,4 Content not readable from outside,Curriculum collections,2 46 draft results section,https://hscurriculum.uncommonschools.org/collection/2-46-draft-results-section/,yes,Undecided,Behind a sign-in; Hub owner decides.
Curriculum Hub,303,4 Content not readable from outside,Curriculum collections,2 47 draft results section,https://hscurriculum.uncommonschools.org/collection/2-47-draft-results-section/,yes,Undecided,Behind a sign-in; Hub owner decides.
Curriculum Hub,304,4 Content not readable from outside,Curriculum collections,2 48 draft results section,https://hscurriculum.uncommonschools.org/collection/2-48-draft-results-section/,yes,Undecided,Behind a sign-in; Hub owner decides.
Curriculum Hub,305,4 Content not readable from outside,Curriculum collections,2 49 draft results section,https://hscurriculum.uncommonschools.org/collection/2-49-draft-results-section/,yes,Undecided,Behind a sign-in; Hub owner decides.
Curriculum Hub,306,4 Content not readable from outside,Curriculum collections,2 50 draft results section,https://hscurriculum.uncommonschools.org/collection/2-50-draft-results-section/,yes,Undecided,Behind a sign-in; Hub owner decides.
Curriculum Hub,307,4 Content not readable from outside,Curriculum collections,201 analyze components of a lit review,https://hscurriculum.uncommonschools.org/collection/201-analyze-components-of-a-lit-review/,yes,Undecided,Behind a sign-in; Hub owner decides.
Curriculum Hub,308,4 Content not readable from outside,Curriculum collections,201 cell membrane and structure,https://hscurriculum.uncommonschools.org/collection/201-cell-membrane-and-structure/,yes,Undecided,Behind a sign-in; Hub owner decides.
Curriculum Hub,309,4 Content not readable from outside,Curriculum collections,202 cell size,https://hscurriculum.uncommonschools.org/collection/202-cell-size/,yes,Undecided,Behind a sign-in; Hub owner decides.
Curriculum Hub,310,4 Content not readable from outside,Curriculum collections,202 draft outline,https://hscurriculum.uncommonschools.org/collection/202-draft-outline/,yes,Undecided,Behind a sign-in; Hub owner decides.
Curriculum Hub,311,4 Content not readable from outside,Curriculum collections,203 active and passive transport,https://hscurriculum.uncommonschools.org/collection/203-active-and-passive-transport/,yes,Undecided,Behind a sign-in; Hub owner decides.
Curriculum Hub,312,4 Content not readable from outside,Curriculum collections,203 draft outline,https://hscurriculum.uncommonschools.org/collection/203-draft-outline/,yes,Undecided,Behind a sign-in; Hub owner decides.
Curriculum Hub,313,4 Content not readable from outside,Curriculum collections,204 cell transport,https://hscurriculum.uncommonschools.org/collection/204-cell-transport/,yes,Undecided,Behind a sign-in; Hub owner decides.
Curriculum Hub,314,4 Content not readable from outside,Curriculum collections,204 draft first 100 words,https://hscurriculum.uncommonschools.org/collection/204-draft-first-100-words/,yes,Undecided,Behind a sign-in; Hub owner decides.
Curriculum Hub,315,4 Content not readable from outside,Curriculum collections,205 draft first 200 words,https://hscurriculum.uncommonschools.org/collection/205-draft-first-200-words/,yes,Undecided,Behind a sign-in; Hub owner decides.
Curriculum Hub,316,4 Content not readable from outside,Curriculum collections,205 osmosis lab day 1,https://hscurriculum.uncommonschools.org/collection/205-osmosis-lab-day-1/,yes,Undecided,Behind a sign-in; Hub owner decides.
Curriculum Hub,317,4 Content not readable from outside,Curriculum collections,206 osmosis lab day 2,https://hscurriculum.uncommonschools.org/collection/206-osmosis-lab-day-2/,yes,Undecided,Behind a sign-in; Hub owner decides.
Curriculum Hub,318,4 Content not readable from outside,Curriculum collections,207 osmoregulation,https://hscurriculum.uncommonschools.org/collection/207-osmoregulation/,yes,Undecided,Behind a sign-in; Hub owner decides.
Curriculum Hub,319,4 Content not readable from outside,Curriculum collections,208 osmoregulation frq,https://hscurriculum.uncommonschools.org/collection/208-osmoregulation-frq/,yes,Undecided,Behind a sign-in; Hub owner decides.
Curriculum Hub,320,4 Content not readable from outside,Curriculum collections,209 photosynthesis notes 6,https://hscurriculum.uncommonschools.org/collection/209-photosynthesis-notes-6/,yes,Undecided,Behind a sign-in; Hub owner decides.
Curriculum Hub,321,4 Content not readable from outside,Curriculum collections,222 user input and strings,https://hscurriculum.uncommonschools.org/collection/222-user-input-and-strings/,yes,Undecided,Behind a sign-in; Hub owner decides.
Curriculum Hub,322,4 Content not readable from outside,Curriculum collections,223 user input and strings,https://hscurriculum.uncommonschools.org/collection/223-user-input-and-strings/,yes,Undecided,Behind a sign-in; Hub owner decides.
Curriculum Hub,323,4 Content not readable from outside,Curriculum collections,224 user input and strings,https://hscurriculum.uncommonschools.org/collection/224-user-input-and-strings/,yes,Undecided,Behind a sign-in; Hub owner decides.
Curriculum Hub,324,4 Content not readable from outside,Curriculum collections,225 user input and strings,https://hscurriculum.uncommonschools.org/collection/225-user-input-and-strings/,yes,Undecided,Behind a sign-in; Hub owner decides.
Curriculum Hub,325,4 Content not readable from outside,Curriculum collections,226 user input and strings,https://hscurriculum.uncommonschools.org/collection/226-user-input-and-strings/,yes,Undecided,Behind a sign-in; Hub owner decides.
Curriculum Hub,326,4 Content not readable from outside,Curriculum collections,227 user input and strings,https://hscurriculum.uncommonschools.org/collection/227-user-input-and-strings/,yes,Undecided,Behind a sign-in; Hub owner decides.
Curriculum Hub,327,4 Content not readable from outside,Curriculum collections,228 creating objects,https://hscurriculum.uncommonschools.org/collection/228-creating-objects/,yes,Undecided,Behind a sign-in; Hub owner decides.
Curriculum Hub,328,4 Content not readable from outside,Curriculum collections,228 execute method,https://hscurriculum.uncommonschools.org/collection/228-execute-method/,yes,Undecided,Behind a sign-in; Hub owner decides.
Curriculum Hub,329,4 Content not readable from outside,Curriculum collections,229 creating objects,https://hscurriculum.uncommonschools.org/collection/229-creating-objects/,yes,Undecided,Behind a sign-in; Hub owner decides.
Curriculum Hub,330,4 Content not readable from outside,Curriculum collections,230 creating objects,https://hscurriculum.uncommonschools.org/collection/230-creating-objects/,yes,Undecided,Behind a sign-in; Hub owner decides.
Curriculum Hub,331,4 Content not readable from outside,Curriculum collections,231 creating objects,https://hscurriculum.uncommonschools.org/collection/231-creating-objects/,yes,Undecided,Behind a sign-in; Hub owner decides.
Curriculum Hub,332,4 Content not readable from outside,Curriculum collections,232 creating objects,https://hscurriculum.uncommonschools.org/collection/232-creating-objects/,yes,Undecided,Behind a sign-in; Hub owner decides.
Curriculum Hub,333,4 Content not readable from outside,Curriculum collections,233 creating objects,https://hscurriculum.uncommonschools.org/collection/233-creating-objects/,yes,Undecided,Behind a sign-in; Hub owner decides.
Curriculum Hub,334,4 Content not readable from outside,Curriculum collections,234 unit 2 test,https://hscurriculum.uncommonschools.org/collection/234-unit-2-test/,yes,Undecided,Behind a sign-in; Hub owner decides.
Curriculum Hub,335,4 Content not readable from outside,Curriculum collections,3 01 end behavior end asymptotes,https://hscurriculum.uncommonschools.org/collection/3-01-end-behavior-end-asymptotes/,yes,Undecided,Behind a sign-in; Hub owner decides.
Curriculum Hub,336,4 Content not readable from outside,Curriculum collections,3 01 net ionic equations,https://hscurriculum.uncommonschools.org/collection/3-01-net-ionic-equations/,yes,Undecided,Behind a sign-in; Hub owner decides.
Curriculum Hub,337,4 Content not readable from outside,Curriculum collections,3 01 pt2 intro,https://hscurriculum.uncommonschools.org/collection/3-01-pt2-intro/,yes,Undecided,Behind a sign-in; Hub owner decides.
Curriculum Hub,338,4 Content not readable from outside,Curriculum collections,3 02 eoc b gaps,https://hscurriculum.uncommonschools.org/collection/3-02-eoc-b-gaps/,yes,Undecided,Behind a sign-in; Hub owner decides.
Curriculum Hub,339,4 Content not readable from outside,Curriculum collections,3 02 limiting reactants and percent yield,https://hscurriculum.uncommonschools.org/collection/3-02-limiting-reactants-and-percent-yield/,yes,Undecided,Behind a sign-in; Hub owner decides.
Curriculum Hub,340,4 Content not readable from outside,Curriculum collections,3 02 sign tests and infinite limits,https://hscurriculum.uncommonschools.org/collection/3-02-sign-tests-and-infinite-limits/,yes,Undecided,Behind a sign-in; Hub owner decides.
Curriculum Hub,341,4 Content not readable from outside,Curriculum collections,3 03 empirical formulas and percent composition,https://hscurriculum.uncommonschools.org/collection/3-03-empirical-formulas-and-percent-composition/,yes,Undecided,Behind a sign-in; Hub owner decides.
Curriculum Hub,342,4 Content not readable from outside,Curriculum collections,3 03 eoc b rewrite,https://hscurriculum.uncommonschools.org/collection/3-03-eoc-b-rewrite/,yes,Undecided,Behind a sign-in; Hub owner decides.
Curriculum Hub,343,4 Content not readable from outside,Curriculum collections,3 03 graphs of rational functions,https://hscurriculum.uncommonschools.org/collection/3-03-graphs-of-rational-functions/,yes,Undecided,Behind a sign-in; Hub owner decides.
Curriculum Hub,344,4 Content not readable from outside,Curriculum collections,3 04 fractional exponents,https://hscurriculum.uncommonschools.org/collection/3-04-fractional-exponents/,yes,Undecided,Behind a sign-in; Hub owner decides.
Curriculum Hub,345,4 Content not readable from outside,Curriculum collections,3 04 introduction to titrations,https://hscurriculum.uncommonschools.org/collection/3-04-introduction-to-titrations/,yes,Undecided,Behind a sign-in; Hub owner decides.
Curriculum Hub,346,4 Content not readable from outside,Curriculum collections,3 04 stimulus materials,https://hscurriculum.uncommonschools.org/collection/3-04-stimulus-materials/,yes,Undecided,Behind a sign-in; Hub owner decides.
Curriculum Hub,347,4 Content not readable from outside,Curriculum collections,3 05 draft analysis section,https://hscurriculum.uncommonschools.org/collection/3-05-draft-analysis-section/,yes,Undecided,Behind a sign-in; Hub owner decides.
Curriculum Hub,348,4 Content not readable from outside,Curriculum collections,3 05 graphs of radical functions,https://hscurriculum.uncommonschools.org/collection/3-05-graphs-of-radical-functions/,yes,Undecided,Behind a sign-in; Hub owner decides.
Curriculum Hub,349,4 Content not readable from outside,Curriculum collections,3 05 types of chemical reactions,https://hscurriculum.uncommonschools.org/collection/3-05-types-of-chemical-reactions/,yes,Undecided,Behind a sign-in; Hub owner decides.
Curriculum Hub,350,4 Content not readable from outside,Curriculum collections,3 06 draft analysis section,https://hscurriculum.uncommonschools.org/collection/3-06-draft-analysis-section/,yes,Undecided,Behind a sign-in; Hub owner decides.
Curriculum Hub,351,4 Content not readable from outside,Curriculum collections,3 06 gravimetric analysis,https://hscurriculum.uncommonschools.org/collection/3-06-gravimetric-analysis/,yes,Undecided,Behind a sign-in; Hub owner decides.
Curriculum Hub,352,4 Content not readable from outside,Curriculum collections,3 06 radical equations and extraneous solutions,https://hscurriculum.uncommonschools.org/collection/3-06-radical-equations-and-extraneous-solutions/,yes,Undecided,Behind a sign-in; Hub owner decides.
Curriculum Hub,353,4 Content not readable from outside,Curriculum collections,3 07 draft analysis section,https://hscurriculum.uncommonschools.org/collection/3-07-draft-analysis-section/,yes,Undecided,Behind a sign-in; Hub owner decides.
Curriculum Hub,354,4 Content not readable from outside,Curriculum collections,3 07 piecewise functions day 1,https://hscurriculum.uncommonschools.org/collection/3-07-piecewise-functions-day-1/,yes,Undecided,Behind a sign-in; Hub owner decides.
Curriculum Hub,355,4 Content not readable from outside,Curriculum collections,3 07 titration pre lab,https://hscurriculum.uncommonschools.org/collection/3-07-titration-pre-lab/,yes,Undecided,Behind a sign-in; Hub owner decides.
Curriculum Hub,356,4 Content not readable from outside,Curriculum collections,3 07 topic brainstorm,https://hscurriculum.uncommonschools.org/collection/3-07-topic-brainstorm/,yes,Undecided,Behind a sign-in; Hub owner decides.
Curriculum Hub,357,4 Content not readable from outside,Curriculum collections,3 08 draft analysis section,https://hscurriculum.uncommonschools.org/collection/3-08-draft-analysis-section/,yes,Undecided,Behind a sign-in; Hub owner decides.
Curriculum Hub,358,4 Content not readable from outside,Curriculum collections,3 08 piecewise functions day 2,https://hscurriculum.uncommonschools.org/collection/3-08-piecewise-functions-day-2/,yes,Undecided,Behind a sign-in; Hub owner decides.
Curriculum Hub,359,4 Content not readable from outside,Curriculum collections,3 08 questions,https://hscurriculum.uncommonschools.org/collection/3-08-questions/,yes,Undecided,Behind a sign-in; Hub owner decides.
Curriculum Hub,360,4 Content not readable from outside,Curriculum collections,3 08 titration lab,https://hscurriculum.uncommonschools.org/collection/3-08-titration-lab/,yes,Undecided,Behind a sign-in; Hub owner decides.
Curriculum Hub,361,4 Content not readable from outside,Curriculum collections,3 09 draft analysis section,https://hscurriculum.uncommonschools.org/collection/3-09-draft-analysis-section/,yes,Undecided,Behind a sign-in; Hub owner decides.
Curriculum Hub,362,4 Content not readable from outside,Curriculum collections,3 09 q1 ia review,https://hscurriculum.uncommonschools.org/collection/3-09-q1-ia-review/,yes,Undecided,Behind a sign-in; Hub owner decides.
Curriculum Hub,363,4 Content not readable from outside,Curriculum collections,3 09 questions,https://hscurriculum.uncommonschools.org/collection/3-09-questions/,yes,Undecided,Behind a sign-in; Hub owner decides.
Curriculum Hub,364,4 Content not readable from outside,Curriculum collections,3 10 draft analysis section,https://hscurriculum.uncommonschools.org/collection/3-10-draft-analysis-section/,yes,Undecided,Behind a sign-in; Hub owner decides.
Curriculum Hub,365,4 Content not readable from outside,Curriculum collections,3 10 research 1 background,https://hscurriculum.uncommonschools.org/collection/3-10-research-1-background/,yes,Undecided,Behind a sign-in; Hub owner decides.
Curriculum Hub,366,4 Content not readable from outside,Curriculum collections,3 11 draft analysis section,https://hscurriculum.uncommonschools.org/collection/3-11-draft-analysis-section/,yes,Undecided,Behind a sign-in; Hub owner decides.
Curriculum Hub,367,4 Content not readable from outside,Curriculum collections,3 11 research 2 background,https://hscurriculum.uncommonschools.org/collection/3-11-research-2-background/,yes,Undecided,Behind a sign-in; Hub owner decides.
Curriculum Hub,368,4 Content not readable from outside,Curriculum collections,3 12 draft analysis section,https://hscurriculum.uncommonschools.org/collection/3-12-draft-analysis-section/,yes,Undecided,Behind a sign-in; Hub owner decides.
Curriculum Hub,369,4 Content not readable from outside,Curriculum collections,3 12 stimulus materials,https://hscurriculum.uncommonschools.org/collection/3-12-stimulus-materials/,yes,Undecided,Behind a sign-in; Hub owner decides.
Curriculum Hub,370,4 Content not readable from outside,Curriculum collections,3 13 draft analysis section,https://hscurriculum.uncommonschools.org/collection/3-13-draft-analysis-section/,yes,Undecided,Behind a sign-in; Hub owner decides.
Curriculum Hub,371,4 Content not readable from outside,Curriculum collections,3 13 research 3 perspectives,https://hscurriculum.uncommonschools.org/collection/3-13-research-3-perspectives/,yes,Undecided,Behind a sign-in; Hub owner decides.
Curriculum Hub,372,4 Content not readable from outside,Curriculum collections,3 14 draft analysis section,https://hscurriculum.uncommonschools.org/collection/3-14-draft-analysis-section/,yes,Undecided,Behind a sign-in; Hub owner decides.
Curriculum Hub,373,4 Content not readable from outside,Curriculum collections,3 14 research 4 persepctives,https://hscurriculum.uncommonschools.org/collection/3-14-research-4-persepctives/,yes,Undecided,Behind a sign-in; Hub owner decides.
Curriculum Hub,374,4 Content not readable from outside,Curriculum collections,3 15 draft analysis section,https://hscurriculum.uncommonschools.org/collection/3-15-draft-analysis-section/,yes,Undecided,Behind a sign-in; Hub owner decides.
Curriculum Hub,375,4 Content not readable from outside,Curriculum collections,3 15 research 5 perspectives,https://hscurriculum.uncommonschools.org/collection/3-15-research-5-perspectives/,yes,Undecided,Behind a sign-in; Hub owner decides.
Curriculum Hub,376,4 Content not readable from outside,Curriculum collections,3 16 draft analysis section,https://hscurriculum.uncommonschools.org/collection/3-16-draft-analysis-section/,yes,Undecided,Behind a sign-in; Hub owner decides.
Curriculum Hub,377,4 Content not readable from outside,Curriculum collections,3 16 research 6 perspectives,https://hscurriculum.uncommonschools.org/collection/3-16-research-6-perspectives/,yes,Undecided,Behind a sign-in; Hub owner decides.
Curriculum Hub,378,4 Content not readable from outside,Curriculum collections,3 17 draft conclusion section,https://hscurriculum.uncommonschools.org/collection/3-17-draft-conclusion-section/,yes,Undecided,Behind a sign-in; Hub owner decides.
Curriculum Hub,379,4 Content not readable from outside,Curriculum collections,3 17 research 7 scholarly academic sources,https://hscurriculum.uncommonschools.org/collection/3-17-research-7-scholarly-academic-sources/,yes,Undecided,Behind a sign-in; Hub owner decides.
Curriculum Hub,380,4 Content not readable from outside,Curriculum collections,3 18 draft conclusion section,https://hscurriculum.uncommonschools.org/collection/3-18-draft-conclusion-section/,yes,Undecided,Behind a sign-in; Hub owner decides.
Curriculum Hub,381,4 Content not readable from outside,Curriculum collections,3 18 research 8 scholarly academic sources,https://hscurriculum.uncommonschools.org/collection/3-18-research-8-scholarly-academic-sources/,yes,Undecided,Behind a sign-in; Hub owner decides.
Curriculum Hub,382,4 Content not readable from outside,Curriculum collections,3 19 draft conclusion section,https://hscurriculum.uncommonschools.org/collection/3-19-draft-conclusion-section/,yes,Undecided,Behind a sign-in; Hub owner decides.
Curriculum Hub,383,4 Content not readable from outside,Curriculum collections,3 19 research 9 scholarly academic sources,https://hscurriculum.uncommonschools.org/collection/3-19-research-9-scholarly-academic-sources/,yes,Undecided,Behind a sign-in; Hub owner decides.
Curriculum Hub,384,4 Content not readable from outside,Curriculum collections,3 20 draft conclusion section,https://hscurriculum.uncommonschools.org/collection/3-20-draft-conclusion-section/,yes,Undecided,Behind a sign-in; Hub owner decides.
Curriculum Hub,385,4 Content not readable from outside,Curriculum collections,3 20 iwa outline,https://hscurriculum.uncommonschools.org/collection/3-20-iwa-outline/,yes,Undecided,Behind a sign-in; Hub owner decides.
Curriculum Hub,386,4 Content not readable from outside,Curriculum collections,3 21 draft conclusion section,https://hscurriculum.uncommonschools.org/collection/3-21-draft-conclusion-section/,yes,Undecided,Behind a sign-in; Hub owner decides.
Curriculum Hub,387,4 Content not readable from outside,Curriculum collections,3 21 iwa 100,https://hscurriculum.uncommonschools.org/collection/3-21-iwa-100/,yes,Undecided,Behind a sign-in; Hub owner decides.
Curriculum Hub,388,4 Content not readable from outside,Curriculum collections,3 22 draft conclusion section,https://hscurriculum.uncommonschools.org/collection/3-22-draft-conclusion-section/,yes,Undecided,Behind a sign-in; Hub owner decides.
Curriculum Hub,389,4 Content not readable from outside,Curriculum collections,3 22 iwa 200,https://hscurriculum.uncommonschools.org/collection/3-22-iwa-200/,yes,Undecided,Behind a sign-in; Hub owner decides.
Curriculum Hub,390,4 Content not readable from outside,Curriculum collections,3 23 iwa 400,https://hscurriculum.uncommonschools.org/collection/3-23-iwa-400/,yes,Undecided,Behind a sign-in; Hub owner decides.
Curriculum Hub,391,4 Content not readable from outside,Curriculum collections,3 23 oral history as source material,https://hscurriculum.uncommonschools.org/collection/3-23-oral-history-as-source-material/,yes,Undecided,Behind a sign-in; Hub owner decides.
Curriculum Hub,392,4 Content not readable from outside,Curriculum collections,3 24 draft conclusion section,https://hscurriculum.uncommonschools.org/collection/3-24-draft-conclusion-section/,yes,Undecided,Behind a sign-in; Hub owner decides.
Curriculum Hub,393,4 Content not readable from outside,Curriculum collections,3 24 iwa 600,https://hscurriculum.uncommonschools.org/collection/3-24-iwa-600/,yes,Undecided,Behind a sign-in; Hub owner decides.
Curriculum Hub,394,4 Content not readable from outside,Curriculum collections,3 25 draft conclusion section,https://hscurriculum.uncommonschools.org/collection/3-25-draft-conclusion-section/,yes,Undecided,Behind a sign-in; Hub owner decides.
Curriculum Hub,395,4 Content not readable from outside,Curriculum collections,3 25 iwa 800,https://hscurriculum.uncommonschools.org/collection/3-25-iwa-800/,yes,Undecided,Behind a sign-in; Hub owner decides.
Curriculum Hub,396,4 Content not readable from outside,Curriculum collections,3 26 iwa 1000,https://hscurriculum.uncommonschools.org/collection/3-26-iwa-1000/,yes,Undecided,Behind a sign-in; Hub owner decides.
Curriculum Hub,397,4 Content not readable from outside,Curriculum collections,3 26 revising citations,https://hscurriculum.uncommonschools.org/collection/3-26-revising-citations/,yes,Undecided,Behind a sign-in; Hub owner decides.
Curriculum Hub,398,4 Content not readable from outside,Curriculum collections,3 27 iwa 1200,https://hscurriculum.uncommonschools.org/collection/3-27-iwa-1200/,yes,Undecided,Behind a sign-in; Hub owner decides.
Curriculum Hub,399,4 Content not readable from outside,Curriculum collections,3 27 multiple perspectives,https://hscurriculum.uncommonschools.org/collection/3-27-multiple-perspectives/,yes,Undecided,Behind a sign-in; Hub owner decides.
Curriculum Hub,400,4 Content not readable from outside,Curriculum collections,3 28 iwa 1400,https://hscurriculum.uncommonschools.org/collection/3-28-iwa-1400/,yes,Undecided,Behind a sign-in; Hub owner decides.
Curriculum Hub,401,4 Content not readable from outside,Curriculum collections,3 28 revising citations,https://hscurriculum.uncommonschools.org/collection/3-28-revising-citations/,yes,Undecided,Behind a sign-in; Hub owner decides.
Curriculum Hub,402,4 Content not readable from outside,Curriculum collections,3 29 articulation of gap,https://hscurriculum.uncommonschools.org/collection/3-29-articulation-of-gap/,yes,Undecided,Behind a sign-in; Hub owner decides.
Curriculum Hub,403,4 Content not readable from outside,Curriculum collections,3 29 iwa 1600,https://hscurriculum.uncommonschools.org/collection/3-29-iwa-1600/,yes,Undecided,Behind a sign-in; Hub owner decides.
Curriculum Hub,404,4 Content not readable from outside,Curriculum collections,3 30 iwa 1800,https://hscurriculum.uncommonschools.org/collection/3-30-iwa-1800/,yes,Undecided,Behind a sign-in; Hub owner decides.
Curriculum Hub,405,4 Content not readable from outside,Curriculum collections,3 30 turnitin,https://hscurriculum.uncommonschools.org/collection/3-30-turnitin/,yes,Undecided,Behind a sign-in; Hub owner decides.
Curriculum Hub,406,4 Content not readable from outside,Curriculum collections,3 31 digital portfolio setup,https://hscurriculum.uncommonschools.org/collection/3-31-digital-portfolio-setup/,yes,Undecided,Behind a sign-in; Hub owner decides.
Curriculum Hub,407,4 Content not readable from outside,Curriculum collections,3 31 iwa 2000,https://hscurriculum.uncommonschools.org/collection/3-31-iwa-2000/,yes,Undecided,Behind a sign-in; Hub owner decides.
Curriculum Hub,408,4 Content not readable from outside,Curriculum collections,3 32 iwa revise 1,https://hscurriculum.uncommonschools.org/collection/3-32-iwa-revise-1/,yes,Undecided,Behind a sign-in; Hub owner decides.
Curriculum Hub,409,4 Content not readable from outside,Curriculum collections,3 32 revising citations,https://hscurriculum.uncommonschools.org/collection/3-32-revising-citations/,yes,Undecided,Behind a sign-in; Hub owner decides.
Curriculum Hub,410,4 Content not readable from outside,Curriculum collections,3 33 iwa revise 2,https://hscurriculum.uncommonschools.org/collection/3-33-iwa-revise-2/,yes,Undecided,Behind a sign-in; Hub owner decides.
Curriculum Hub,411,4 Content not readable from outside,Curriculum collections,3 33 peer review,https://hscurriculum.uncommonschools.org/collection/3-33-peer-review/,yes,Undecided,Behind a sign-in; Hub owner decides.
Curriculum Hub,412,4 Content not readable from outside,Curriculum collections,3 34 iwa peer review,https://hscurriculum.uncommonschools.org/collection/3-34-iwa-peer-review/,yes,Undecided,Behind a sign-in; Hub owner decides.
Curriculum Hub,413,4 Content not readable from outside,Curriculum collections,3 34 method revision,https://hscurriculum.uncommonschools.org/collection/3-34-method-revision/,yes,Undecided,Behind a sign-in; Hub owner decides.
Curriculum Hub,414,4 Content not readable from outside,Curriculum collections,3 35 final edits,https://hscurriculum.uncommonschools.org/collection/3-35-final-edits/,yes,Undecided,Behind a sign-in; Hub owner decides.
Curriculum Hub,415,4 Content not readable from outside,Curriculum collections,3 35 iwa proofread,https://hscurriculum.uncommonschools.org/collection/3-35-iwa-proofread/,yes,Undecided,Behind a sign-in; Hub owner decides.
Curriculum Hub,416,4 Content not readable from outside,Curriculum collections,3 36 iwa finalize,https://hscurriculum.uncommonschools.org/collection/3-36-iwa-finalize/,yes,Undecided,Behind a sign-in; Hub owner decides.
Curriculum Hub,417,4 Content not readable from outside,Curriculum collections,3 36 submit paper,https://hscurriculum.uncommonschools.org/collection/3-36-submit-paper/,yes,Undecided,Behind a sign-in; Hub owner decides.
Curriculum Hub,418,4 Content not readable from outside,Curriculum collections,3 37 ia review,https://hscurriculum.uncommonschools.org/collection/3-37-ia-review/,yes,Undecided,Behind a sign-in; Hub owner decides.
Curriculum Hub,419,4 Content not readable from outside,Curriculum collections,3 37 rtd and revisions,https://hscurriculum.uncommonschools.org/collection/3-37-rtd-and-revisions/,yes,Undecided,Behind a sign-in; Hub owner decides.
Curriculum Hub,420,4 Content not readable from outside,Curriculum collections,3 38 presentation rubric review,https://hscurriculum.uncommonschools.org/collection/3-38-presentation-rubric-review/,yes,Undecided,Behind a sign-in; Hub owner decides.
Curriculum Hub,421,4 Content not readable from outside,Curriculum collections,3 39 draft presentation outline,https://hscurriculum.uncommonschools.org/collection/3-39-draft-presentation-outline/,yes,Undecided,Behind a sign-in; Hub owner decides.
Curriculum Hub,422,4 Content not readable from outside,Curriculum collections,3 40 draft presentation introduction and lit review,https://hscurriculum.uncommonschools.org/collection/3-40-draft-presentation-introduction-and-lit-review/,yes,Undecided,Behind a sign-in; Hub owner decides.
Curriculum Hub,423,4 Content not readable from outside,Curriculum collections,3 41 draft method section of presentation,https://hscurriculum.uncommonschools.org/collection/3-41-draft-method-section-of-presentation/,yes,Undecided,Behind a sign-in; Hub owner decides.
Curriculum Hub,424,4 Content not readable from outside,Curriculum collections,3 42 draft argument section of presentation,https://hscurriculum.uncommonschools.org/collection/3-42-draft-argument-section-of-presentation/,yes,Undecided,Behind a sign-in; Hub owner decides.
Curriculum Hub,425,4 Content not readable from outside,Curriculum collections,3 43 rtd and revisions,https://hscurriculum.uncommonschools.org/collection/3-43-rtd-and-revisions/,yes,Undecided,Behind a sign-in; Hub owner decides.
Curriculum Hub,426,4 Content not readable from outside,Curriculum collections,3 44 draft conclusion,https://hscurriculum.uncommonschools.org/collection/3-44-draft-conclusion/,yes,Undecided,Behind a sign-in; Hub owner decides.
Curriculum Hub,427,4 Content not readable from outside,Curriculum collections,3 45 slide design,https://hscurriculum.uncommonschools.org/collection/3-45-slide-design/,yes,Undecided,Behind a sign-in; Hub owner decides.
Curriculum Hub,428,4 Content not readable from outside,Curriculum collections,3 46 argument slides,https://hscurriculum.uncommonschools.org/collection/3-46-argument-slides/,yes,Undecided,Behind a sign-in; Hub owner decides.
Curriculum Hub,429,4 Content not readable from outside,Curriculum collections,3 47 conclusion slides,https://hscurriculum.uncommonschools.org/collection/3-47-conclusion-slides/,yes,Undecided,Behind a sign-in; Hub owner decides.
Curriculum Hub,430,4 Content not readable from outside,Curriculum collections,3 48 peer review slides,https://hscurriculum.uncommonschools.org/collection/3-48-peer-review-slides/,yes,Undecided,Behind a sign-in; Hub owner decides.
Curriculum Hub,431,4 Content not readable from outside,Curriculum collections,3 49 lit review and method slides,https://hscurriculum.uncommonschools.org/collection/3-49-lit-review-and-method-slides/,yes,Undecided,Behind a sign-in; Hub owner decides.
Curriculum Hub,432,4 Content not readable from outside,Curriculum collections,3 50 peer review slides,https://hscurriculum.uncommonschools.org/collection/3-50-peer-review-slides/,yes,Undecided,Behind a sign-in; Hub owner decides.
Curriculum Hub,433,4 Content not readable from outside,Curriculum collections,301 analyze components of a sample method section,https://hscurriculum.uncommonschools.org/collection/301-analyze-components-of-a-sample-method-section/,yes,Undecided,Behind a sign-in; Hub owner decides.
Curriculum Hub,434,4 Content not readable from outside,Curriculum collections,301 the role of energy,https://hscurriculum.uncommonschools.org/collection/301-the-role-of-energy/,yes,Undecided,Behind a sign-in; Hub owner decides.
Curriculum Hub,435,4 Content not readable from outside,Curriculum collections,302 draft analysis section,https://hscurriculum.uncommonschools.org/collection/302-draft-analysis-section/,yes,Undecided,Behind a sign-in; Hub owner decides.
Curriculum Hub,436,4 Content not readable from outside,Curriculum collections,302 modelling photosynthesis,https://hscurriculum.uncommonschools.org/collection/302-modelling-photosynthesis/,yes,Undecided,Behind a sign-in; Hub owner decides.
Curriculum Hub,437,4 Content not readable from outside,Curriculum collections,303 draft analysis section,https://hscurriculum.uncommonschools.org/collection/303-draft-analysis-section/,yes,Undecided,Behind a sign-in; Hub owner decides.
Curriculum Hub,438,4 Content not readable from outside,Curriculum collections,303 photosynthesis in detail,https://hscurriculum.uncommonschools.org/collection/303-photosynthesis-in-detail/,yes,Undecided,Behind a sign-in; Hub owner decides.
Curriculum Hub,439,4 Content not readable from outside,Curriculum collections,304 draft analysis section,https://hscurriculum.uncommonschools.org/collection/304-draft-analysis-section/,yes,Undecided,Behind a sign-in; Hub owner decides.
Curriculum Hub,440,4 Content not readable from outside,Curriculum collections,304 modelling aerobic respiration,https://hscurriculum.uncommonschools.org/collection/304-modelling-aerobic-respiration/,yes,Undecided,Behind a sign-in; Hub owner decides.
Curriculum Hub,441,4 Content not readable from outside,Curriculum collections,305 glycolysis and krebs cycle,https://hscurriculum.uncommonschools.org/collection/305-glycolysis-and-krebs-cycle/,yes,Undecided,Behind a sign-in; Hub owner decides.
Curriculum Hub,442,4 Content not readable from outside,Curriculum collections,305 stimulus materials,https://hscurriculum.uncommonschools.org/collection/305-stimulus-materials/,yes,Undecided,Behind a sign-in; Hub owner decides.
Curriculum Hub,443,4 Content not readable from outside,Curriculum collections,306 oxidative phosphorylation,https://hscurriculum.uncommonschools.org/collection/306-oxidative-phosphorylation/,yes,Undecided,Behind a sign-in; Hub owner decides.
Curriculum Hub,444,4 Content not readable from outside,Curriculum collections,306 stimulus materials,https://hscurriculum.uncommonschools.org/collection/306-stimulus-materials/,yes,Undecided,Behind a sign-in; Hub owner decides.
Curriculum Hub,445,4 Content not readable from outside,Curriculum collections,307 aerobic respiration and fermentation,https://hscurriculum.uncommonschools.org/collection/307-aerobic-respiration-and-fermentation/,yes,Undecided,Behind a sign-in; Hub owner decides.
Curriculum Hub,446,4 Content not readable from outside,Curriculum collections,308 metabolic rate and efficiency,https://hscurriculum.uncommonschools.org/collection/308-metabolic-rate-and-efficiency/,yes,Undecided,Behind a sign-in; Hub owner decides.
Curriculum Hub,447,4 Content not readable from outside,Curriculum collections,309 aerobic respiration and fermentation,https://hscurriculum.uncommonschools.org/collection/309-aerobic-respiration-and-fermentation/,yes,Undecided,Behind a sign-in; Hub owner decides.
Curriculum Hub,448,4 Content not readable from outside,Curriculum collections,310 fermentation lab,https://hscurriculum.uncommonschools.org/collection/310-fermentation-lab/,yes,Undecided,Behind a sign-in; Hub owner decides.
Curriculum Hub,449,4 Content not readable from outside,Curriculum collections,311 endosymbiosis,https://hscurriculum.uncommonschools.org/collection/311-endosymbiosis/,yes,Undecided,Behind a sign-in; Hub owner decides.
Curriculum Hub,450,4 Content not readable from outside,Curriculum collections,312 algae bead lab day 1,https://hscurriculum.uncommonschools.org/collection/312-algae-bead-lab-day-1/,yes,Undecided,Behind a sign-in; Hub owner decides.
Curriculum Hub,451,4 Content not readable from outside,Curriculum collections,313 algae bead lab day 2,https://hscurriculum.uncommonschools.org/collection/313-algae-bead-lab-day-2/,yes,Undecided,Behind a sign-in; Hub owner decides.
Curriculum Hub,452,4 Content not readable from outside,Curriculum collections,314 algae bead lab day 3,https://hscurriculum.uncommonschools.org/collection/314-algae-bead-lab-day-3/,yes,Undecided,Behind a sign-in; Hub owner decides.
Curriculum Hub,453,4 Content not readable from outside,Curriculum collections,315 algae bead lab day 4,https://hscurriculum.uncommonschools.org/collection/315-algae-bead-lab-day-4/,yes,Undecided,Behind a sign-in; Hub owner decides.
Curriculum Hub,454,4 Content not readable from outside,Curriculum collections,316 algae bead lab day 5,https://hscurriculum.uncommonschools.org/collection/316-algae-bead-lab-day-5/,yes,Undecided,Behind a sign-in; Hub owner decides.
Curriculum Hub,455,4 Content not readable from outside,Curriculum collections,335 conditional statements,https://hscurriculum.uncommonschools.org/collection/335-conditional-statements/,yes,Undecided,Behind a sign-in; Hub owner decides.
Curriculum Hub,456,4 Content not readable from outside,Curriculum collections,336 conditional statements,https://hscurriculum.uncommonschools.org/collection/336-conditional-statements/,yes,Undecided,Behind a sign-in; Hub owner decides.
Curriculum Hub,457,4 Content not readable from outside,Curriculum collections,337 conditional statements,https://hscurriculum.uncommonschools.org/collection/337-conditional-statements/,yes,Undecided,Behind a sign-in; Hub owner decides.
Curriculum Hub,458,4 Content not readable from outside,Curriculum collections,338 conditional statements,https://hscurriculum.uncommonschools.org/collection/338-conditional-statements/,yes,Undecided,Behind a sign-in; Hub owner decides.
Curriculum Hub,459,4 Content not readable from outside,Curriculum collections,339 conditional statements,https://hscurriculum.uncommonschools.org/collection/339-conditional-statements/,yes,Undecided,Behind a sign-in; Hub owner decides.
Curriculum Hub,460,4 Content not readable from outside,Curriculum collections,340 while loops,https://hscurriculum.uncommonschools.org/collection/340-while-loops/,yes,Undecided,Behind a sign-in; Hub owner decides.
Curriculum Hub,461,4 Content not readable from outside,Curriculum collections,341 while loops,https://hscurriculum.uncommonschools.org/collection/341-while-loops/,yes,Undecided,Behind a sign-in; Hub owner decides.
Curriculum Hub,462,4 Content not readable from outside,Curriculum collections,342 while loops,https://hscurriculum.uncommonschools.org/collection/342-while-loops/,yes,Undecided,Behind a sign-in; Hub owner decides.
Curriculum Hub,463,4 Content not readable from outside,Curriculum collections,343 while loops,https://hscurriculum.uncommonschools.org/collection/343-while-loops/,yes,Undecided,Behind a sign-in; Hub owner decides.
Curriculum Hub,464,4 Content not readable from outside,Curriculum collections,344 review,https://hscurriculum.uncommonschools.org/collection/344-review/,yes,Undecided,Behind a sign-in; Hub owner decides.
Curriculum Hub,465,4 Content not readable from outside,Curriculum collections,345 methods,https://hscurriculum.uncommonschools.org/collection/345-methods/,yes,Undecided,Behind a sign-in; Hub owner decides.
Curriculum Hub,466,4 Content not readable from outside,Curriculum collections,346 methods,https://hscurriculum.uncommonschools.org/collection/346-methods/,yes,Undecided,Behind a sign-in; Hub owner decides.
Curriculum Hub,467,4 Content not readable from outside,Curriculum collections,347 methods,https://hscurriculum.uncommonschools.org/collection/347-methods/,yes,Undecided,Behind a sign-in; Hub owner decides.
Curriculum Hub,468,4 Content not readable from outside,Curriculum collections,348 methods,https://hscurriculum.uncommonschools.org/collection/348-methods/,yes,Undecided,Behind a sign-in; Hub owner decides.
Curriculum Hub,469,4 Content not readable from outside,Curriculum collections,349 review,https://hscurriculum.uncommonschools.org/collection/349-review/,yes,Undecided,Behind a sign-in; Hub owner decides.
Curriculum Hub,470,4 Content not readable from outside,Curriculum collections,350 review,https://hscurriculum.uncommonschools.org/collection/350-review/,yes,Undecided,Behind a sign-in; Hub owner decides.
Curriculum Hub,471,4 Content not readable from outside,Curriculum collections,351 implementing methods,https://hscurriculum.uncommonschools.org/collection/351-implementing-methods/,yes,Undecided,Behind a sign-in; Hub owner decides.
Curriculum Hub,472,4 Content not readable from outside,Curriculum collections,352 implementing methods,https://hscurriculum.uncommonschools.org/collection/352-implementing-methods/,yes,Undecided,Behind a sign-in; Hub owner decides.
Curriculum Hub,473,4 Content not readable from outside,Curriculum collections,353 implementing methods,https://hscurriculum.uncommonschools.org/collection/353-implementing-methods/,yes,Undecided,Behind a sign-in; Hub owner decides.
Curriculum Hub,474,4 Content not readable from outside,Curriculum collections,354 implementing methods,https://hscurriculum.uncommonschools.org/collection/354-implementing-methods/,yes,Undecided,Behind a sign-in; Hub owner decides.
Curriculum Hub,475,4 Content not readable from outside,Curriculum collections,355 implementing methods,https://hscurriculum.uncommonschools.org/collection/355-implementing-methods/,yes,Undecided,Behind a sign-in; Hub owner decides.
Curriculum Hub,476,4 Content not readable from outside,Curriculum collections,356 implementing methods,https://hscurriculum.uncommonschools.org/collection/356-implementing-methods/,yes,Undecided,Behind a sign-in; Hub owner decides.
Curriculum Hub,477,4 Content not readable from outside,Curriculum collections,4 01 presentation introduction practice,https://hscurriculum.uncommonschools.org/collection/4-01-presentation-introduction-practice/,yes,Undecided,Behind a sign-in; Hub owner decides.
Curriculum Hub,478,4 Content not readable from outside,Curriculum collections,4 01 reaction rates,https://hscurriculum.uncommonschools.org/collection/4-01-reaction-rates/,yes,Undecided,Behind a sign-in; Hub owner decides.
Curriculum Hub,479,4 Content not readable from outside,Curriculum collections,4 01 trigonometric ratios,https://hscurriculum.uncommonschools.org/collection/4-01-trigonometric-ratios/,yes,Undecided,Behind a sign-in; Hub owner decides.
Curriculum Hub,480,4 Content not readable from outside,Curriculum collections,4 02 coterminal angles,https://hscurriculum.uncommonschools.org/collection/4-02-coterminal-angles/,yes,Undecided,Behind a sign-in; Hub owner decides.
Curriculum Hub,481,4 Content not readable from outside,Curriculum collections,4 02 derivative rate law,https://hscurriculum.uncommonschools.org/collection/4-02-derivative-rate-law/,yes,Undecided,Behind a sign-in; Hub owner decides.
Curriculum Hub,482,4 Content not readable from outside,Curriculum collections,4 02 presentation lit review and method practice,https://hscurriculum.uncommonschools.org/collection/4-02-presentation-lit-review-and-method-practice/,yes,Undecided,Behind a sign-in; Hub owner decides.
Curriculum Hub,483,4 Content not readable from outside,Curriculum collections,4 03 integrated rate law,https://hscurriculum.uncommonschools.org/collection/4-03-integrated-rate-law/,yes,Undecided,Behind a sign-in; Hub owner decides.
Curriculum Hub,484,4 Content not readable from outside,Curriculum collections,4 03 presentation argument practice,https://hscurriculum.uncommonschools.org/collection/4-03-presentation-argument-practice/,yes,Undecided,Behind a sign-in; Hub owner decides.
Curriculum Hub,485,4 Content not readable from outside,Curriculum collections,4 03 pythagorean identities,https://hscurriculum.uncommonschools.org/collection/4-03-pythagorean-identities/,yes,Undecided,Behind a sign-in; Hub owner decides.
Curriculum Hub,486,4 Content not readable from outside,Curriculum collections,4 04 evaluating trigonometric functions,https://hscurriculum.uncommonschools.org/collection/4-04-evaluating-trigonometric-functions/,yes,Undecided,Behind a sign-in; Hub owner decides.
Curriculum Hub,487,4 Content not readable from outside,Curriculum collections,4 04 half life of a first order reaction,https://hscurriculum.uncommonschools.org/collection/4-04-half-life-of-a-first-order-reaction/,yes,Undecided,Behind a sign-in; Hub owner decides.
Curriculum Hub,488,4 Content not readable from outside,Curriculum collections,4 04 presentation conclusion practice,https://hscurriculum.uncommonschools.org/collection/4-04-presentation-conclusion-practice/,yes,Undecided,Behind a sign-in; Hub owner decides.
Curriculum Hub,489,4 Content not readable from outside,Curriculum collections,4 05 graphing sinusoids,https://hscurriculum.uncommonschools.org/collection/4-05-graphing-sinusoids/,yes,Undecided,Behind a sign-in; Hub owner decides.
Curriculum Hub,490,4 Content not readable from outside,Curriculum collections,4 05 practice oral defense,https://hscurriculum.uncommonschools.org/collection/4-05-practice-oral-defense/,yes,Undecided,Behind a sign-in; Hub owner decides.
Curriculum Hub,491,4 Content not readable from outside,Curriculum collections,4 05 reaction mechanisms day 1,https://hscurriculum.uncommonschools.org/collection/4-05-reaction-mechanisms-day-1/,yes,Undecided,Behind a sign-in; Hub owner decides.
Curriculum Hub,492,4 Content not readable from outside,Curriculum collections,4 06 graphs of the six trigonometric functions,https://hscurriculum.uncommonschools.org/collection/4-06-graphs-of-the-six-trigonometric-functions/,yes,Undecided,Behind a sign-in; Hub owner decides.
Curriculum Hub,493,4 Content not readable from outside,Curriculum collections,4 06 presentation practice,https://hscurriculum.uncommonschools.org/collection/4-06-presentation-practice/,yes,Undecided,Behind a sign-in; Hub owner decides.
Curriculum Hub,494,4 Content not readable from outside,Curriculum collections,4 06 reaction mechanisms day 2,https://hscurriculum.uncommonschools.org/collection/4-06-reaction-mechanisms-day-2/,yes,Undecided,Behind a sign-in; Hub owner decides.
Curriculum Hub,495,4 Content not readable from outside,Curriculum collections,4 07 presentation practice,https://hscurriculum.uncommonschools.org/collection/4-07-presentation-practice/,yes,Undecided,Behind a sign-in; Hub owner decides.
Curriculum Hub,496,4 Content not readable from outside,Curriculum collections,4 07 reaction rates experiment,https://hscurriculum.uncommonschools.org/collection/4-07-reaction-rates-experiment/,yes,Undecided,Behind a sign-in; Hub owner decides.
Curriculum Hub,497,4 Content not readable from outside,Curriculum collections,4 07 the sum and difference formulas,https://hscurriculum.uncommonschools.org/collection/4-07-the-sum-and-difference-formulas/,yes,Undecided,Behind a sign-in; Hub owner decides.
Curriculum Hub,498,4 Content not readable from outside,Curriculum collections,4 08 presentation practice,https://hscurriculum.uncommonschools.org/collection/4-08-presentation-practice/,yes,Undecided,Behind a sign-in; Hub owner decides.
Curriculum Hub,499,4 Content not readable from outside,Curriculum collections,4 08 reaction rate factors,https://hscurriculum.uncommonschools.org/collection/4-08-reaction-rate-factors/,yes,Undecided,Behind a sign-in; Hub owner decides.
Curriculum Hub,500,4 Content not readable from outside,Curriculum collections,4 08 trigonometric identities,https://hscurriculum.uncommonschools.org/collection/4-08-trigonometric-identities/,yes,Undecided,Behind a sign-in; Hub owner decides.
Curriculum Hub,501,4 Content not readable from outside,Curriculum collections,4 09 presentation practice,https://hscurriculum.uncommonschools.org/collection/4-09-presentation-practice/,yes,Undecided,Behind a sign-in; Hub owner decides.
Curriculum Hub,502,4 Content not readable from outside,Curriculum collections,4 09 the inverse trigonometric functions,https://hscurriculum.uncommonschools.org/collection/4-09-the-inverse-trigonometric-functions/,yes,Undecided,Behind a sign-in; Hub owner decides.
Curriculum Hub,503,4 Content not readable from outside,Curriculum collections,4 1 script 1,https://hscurriculum.uncommonschools.org/collection/4-1-script-1/,yes,Undecided,Behind a sign-in; Hub owner decides.
Curriculum Hub,504,4 Content not readable from outside,Curriculum collections,4 10 inverse trigonometric composition expressions,https://hscurriculum.uncommonschools.org/collection/4-10-inverse-trigonometric-composition-expressions/,yes,Undecided,Behind a sign-in; Hub owner decides.
Curriculum Hub,505,4 Content not readable from outside,Curriculum collections,4 10 presentation practice,https://hscurriculum.uncommonschools.org/collection/4-10-presentation-practice/,yes,Undecided,Behind a sign-in; Hub owner decides.
Curriculum Hub,506,4 Content not readable from outside,Curriculum collections,4 10 rehearsal 4,https://hscurriculum.uncommonschools.org/collection/4-10-rehearsal-4/,yes,Undecided,Behind a sign-in; Hub owner decides.
Curriculum Hub,507,4 Content not readable from outside,Curriculum collections,4 11 presentation practice,https://hscurriculum.uncommonschools.org/collection/4-11-presentation-practice/,yes,Undecided,Behind a sign-in; Hub owner decides.
Curriculum Hub,508,4 Content not readable from outside,Curriculum collections,4 11 rehearsal 5,https://hscurriculum.uncommonschools.org/collection/4-11-rehearsal-5/,yes,Undecided,Behind a sign-in; Hub owner decides.
Curriculum Hub,509,4 Content not readable from outside,Curriculum collections,4 11 solving right triangles,https://hscurriculum.uncommonschools.org/collection/4-11-solving-right-triangles/,yes,Undecided,Behind a sign-in; Hub owner decides.
Curriculum Hub,510,4 Content not readable from outside,Curriculum collections,4 12 presentation practice,https://hscurriculum.uncommonschools.org/collection/4-12-presentation-practice/,yes,Undecided,Behind a sign-in; Hub owner decides.
Curriculum Hub,511,4 Content not readable from outside,Curriculum collections,4 12 rehearsal 6,https://hscurriculum.uncommonschools.org/collection/4-12-rehearsal-6/,yes,Undecided,Behind a sign-in; Hub owner decides.
Curriculum Hub,512,4 Content not readable from outside,Curriculum collections,4 12 solving linear trigonometric equations,https://hscurriculum.uncommonschools.org/collection/4-12-solving-linear-trigonometric-equations/,yes,Undecided,Behind a sign-in; Hub owner decides.
Curriculum Hub,513,4 Content not readable from outside,Curriculum collections,4 13 imp 1,https://hscurriculum.uncommonschools.org/collection/4-13-imp-1/,yes,Undecided,Behind a sign-in; Hub owner decides.
Curriculum Hub,514,4 Content not readable from outside,Curriculum collections,4 13 presentation practice,https://hscurriculum.uncommonschools.org/collection/4-13-presentation-practice/,yes,Undecided,Behind a sign-in; Hub owner decides.
Curriculum Hub,515,4 Content not readable from outside,Curriculum collections,4 13 solving quadratic trigonometric equations,https://hscurriculum.uncommonschools.org/collection/4-13-solving-quadratic-trigonometric-equations/,yes,Undecided,Behind a sign-in; Hub owner decides.
Curriculum Hub,516,4 Content not readable from outside,Curriculum collections,4 14 imp 2,https://hscurriculum.uncommonschools.org/collection/4-14-imp-2/,yes,Undecided,Behind a sign-in; Hub owner decides.
Curriculum Hub,517,4 Content not readable from outside,Curriculum collections,4 14 presentation practice,https://hscurriculum.uncommonschools.org/collection/4-14-presentation-practice/,yes,Undecided,Behind a sign-in; Hub owner decides.
Curriculum Hub,518,4 Content not readable from outside,Curriculum collections,4 14 solving complex equations by factoring,https://hscurriculum.uncommonschools.org/collection/4-14-solving-complex-equations-by-factoring/,yes,Undecided,Behind a sign-in; Hub owner decides.
Curriculum Hub,519,4 Content not readable from outside,Curriculum collections,4 15 eoc b lor 1,https://hscurriculum.uncommonschools.org/collection/4-15-eoc-b-lor-1/,yes,Undecided,Behind a sign-in; Hub owner decides.
Curriculum Hub,520,4 Content not readable from outside,Curriculum collections,4 15 presentation practice,https://hscurriculum.uncommonschools.org/collection/4-15-presentation-practice/,yes,Undecided,Behind a sign-in; Hub owner decides.
Curriculum Hub,521,4 Content not readable from outside,Curriculum collections,4 15 unit 4 review,https://hscurriculum.uncommonschools.org/collection/4-15-unit-4-review/,yes,Undecided,Behind a sign-in; Hub owner decides.
Curriculum Hub,522,4 Content not readable from outside,Curriculum collections,4 16 eoc b lor 2,https://hscurriculum.uncommonschools.org/collection/4-16-eoc-b-lor-2/,yes,Undecided,Behind a sign-in; Hub owner decides.
Curriculum Hub,523,4 Content not readable from outside,Curriculum collections,4 16 presentation practice,https://hscurriculum.uncommonschools.org/collection/4-16-presentation-practice/,yes,Undecided,Behind a sign-in; Hub owner decides.
Curriculum Hub,524,4 Content not readable from outside,Curriculum collections,4 16 unit 4 test,https://hscurriculum.uncommonschools.org/collection/4-16-unit-4-test/,yes,Undecided,Behind a sign-in; Hub owner decides.
Curriculum Hub,525,4 Content not readable from outside,Curriculum collections,4 17 eoc b evidence,https://hscurriculum.uncommonschools.org/collection/4-17-eoc-b-evidence/,yes,Undecided,Behind a sign-in; Hub owner decides.
Curriculum Hub,526,4 Content not readable from outside,Curriculum collections,4 17 presentation practice,https://hscurriculum.uncommonschools.org/collection/4-17-presentation-practice/,yes,Undecided,Behind a sign-in; Hub owner decides.
Curriculum Hub,527,4 Content not readable from outside,Curriculum collections,4 18 eoc b analyze,https://hscurriculum.uncommonschools.org/collection/4-18-eoc-b-analyze/,yes,Undecided,Behind a sign-in; Hub owner decides.
Curriculum Hub,528,4 Content not readable from outside,Curriculum collections,4 18 presentation practice,https://hscurriculum.uncommonschools.org/collection/4-18-presentation-practice/,yes,Undecided,Behind a sign-in; Hub owner decides.
Curriculum Hub,529,4 Content not readable from outside,Curriculum collections,4 19 eoc b outline,https://hscurriculum.uncommonschools.org/collection/4-19-eoc-b-outline/,yes,Undecided,Behind a sign-in; Hub owner decides.
Curriculum Hub,530,4 Content not readable from outside,Curriculum collections,4 19 reflections on research,https://hscurriculum.uncommonschools.org/collection/4-19-reflections-on-research/,yes,Undecided,Behind a sign-in; Hub owner decides.
Curriculum Hub,531,4 Content not readable from outside,Curriculum collections,4 2 script 2,https://hscurriculum.uncommonschools.org/collection/4-2-script-2/,yes,Undecided,Behind a sign-in; Hub owner decides.
Curriculum Hub,532,4 Content not readable from outside,Curriculum collections,4 20 draft abstract,https://hscurriculum.uncommonschools.org/collection/4-20-draft-abstract/,yes,Undecided,Behind a sign-in; Hub owner decides.
Curriculum Hub,533,4 Content not readable from outside,Curriculum collections,4 20 eoc a evidence 1,https://hscurriculum.uncommonschools.org/collection/4-20-eoc-a-evidence-1/,yes,Undecided,Behind a sign-in; Hub owner decides.
Curriculum Hub,534,4 Content not readable from outside,Curriculum collections,4 21 draft letter to ap seminar student,https://hscurriculum.uncommonschools.org/collection/4-21-draft-letter-to-ap-seminar-student/,yes,Undecided,Behind a sign-in; Hub owner decides.
Curriculum Hub,535,4 Content not readable from outside,Curriculum collections,4 21 eoc a evidence 2,https://hscurriculum.uncommonschools.org/collection/4-21-eoc-a-evidence-2/,yes,Undecided,Behind a sign-in; Hub owner decides.
Curriculum Hub,536,4 Content not readable from outside,Curriculum collections,4 22 eoc a lor,https://hscurriculum.uncommonschools.org/collection/4-22-eoc-a-lor/,yes,Undecided,Behind a sign-in; Hub owner decides.
Curriculum Hub,537,4 Content not readable from outside,Curriculum collections,4 22 finalize letter to ap seminar student,https://hscurriculum.uncommonschools.org/collection/4-22-finalize-letter-to-ap-seminar-student/,yes,Undecided,Behind a sign-in; Hub owner decides.
Curriculum Hub,538,4 Content not readable from outside,Curriculum collections,4 23 eoc a practice,https://hscurriculum.uncommonschools.org/collection/4-23-eoc-a-practice/,yes,Undecided,Behind a sign-in; Hub owner decides.
Curriculum Hub,539,4 Content not readable from outside,Curriculum collections,4 23 explore connections to college research,https://hscurriculum.uncommonschools.org/collection/4-23-explore-connections-to-college-research/,yes,Undecided,Behind a sign-in; Hub owner decides.
Curriculum Hub,540,4 Content not readable from outside,Curriculum collections,4 24 eoc review,https://hscurriculum.uncommonschools.org/collection/4-24-eoc-review/,yes,Undecided,Behind a sign-in; Hub owner decides.
Curriculum Hub,541,4 Content not readable from outside,Curriculum collections,4 24 explore connections to real world research,https://hscurriculum.uncommonschools.org/collection/4-24-explore-connections-to-real-world-research/,yes,Undecided,Behind a sign-in; Hub owner decides.
Curriculum Hub,542,4 Content not readable from outside,Curriculum collections,4 25 explore humanities,https://hscurriculum.uncommonschools.org/collection/4-25-explore-humanities/,yes,Undecided,Behind a sign-in; Hub owner decides.
Curriculum Hub,543,4 Content not readable from outside,Curriculum collections,4 26 explore stem,https://hscurriculum.uncommonschools.org/collection/4-26-explore-stem/,yes,Undecided,Behind a sign-in; Hub owner decides.
Curriculum Hub,544,4 Content not readable from outside,Curriculum collections,4 27 explore social sciences,https://hscurriculum.uncommonschools.org/collection/4-27-explore-social-sciences/,yes,Undecided,Behind a sign-in; Hub owner decides.
Curriculum Hub,545,4 Content not readable from outside,Curriculum collections,4 28 begin choice project,https://hscurriculum.uncommonschools.org/collection/4-28-begin-choice-project/,yes,Undecided,Behind a sign-in; Hub owner decides.
Curriculum Hub,546,4 Content not readable from outside,Curriculum collections,4 29 continue choice project,https://hscurriculum.uncommonschools.org/collection/4-29-continue-choice-project/,yes,Undecided,Behind a sign-in; Hub owner decides.
Curriculum Hub,547,4 Content not readable from outside,Curriculum collections,4 3 script 3,https://hscurriculum.uncommonschools.org/collection/4-3-script-3/,yes,Undecided,Behind a sign-in; Hub owner decides.
Curriculum Hub,548,4 Content not readable from outside,Curriculum collections,4 4 slides 1,https://hscurriculum.uncommonschools.org/collection/4-4-slides-1/,yes,Undecided,Behind a sign-in; Hub owner decides.
Curriculum Hub,549,4 Content not readable from outside,Curriculum collections,4 5 slides 2,https://hscurriculum.uncommonschools.org/collection/4-5-slides-2/,yes,Undecided,Behind a sign-in; Hub owner decides.
Curriculum Hub,550,4 Content not readable from outside,Curriculum collections,4 6 slides 3,https://hscurriculum.uncommonschools.org/collection/4-6-slides-3/,yes,Undecided,Behind a sign-in; Hub owner decides.
Curriculum Hub,551,4 Content not readable from outside,Curriculum collections,4 7 rehearsal 1,https://hscurriculum.uncommonschools.org/collection/4-7-rehearsal-1/,yes,Undecided,Behind a sign-in; Hub owner decides.
Curriculum Hub,552,4 Content not readable from outside,Curriculum collections,4 8 rehearsal 2,https://hscurriculum.uncommonschools.org/collection/4-8-rehearsal-2/,yes,Undecided,Behind a sign-in; Hub owner decides.
Curriculum Hub,553,4 Content not readable from outside,Curriculum collections,4 9 rehearsal 3,https://hscurriculum.uncommonschools.org/collection/4-9-rehearsal-3/,yes,Undecided,Behind a sign-in; Hub owner decides.
Curriculum Hub,554,4 Content not readable from outside,Curriculum collections,401 intro to cell signaling,https://hscurriculum.uncommonschools.org/collection/401-intro-to-cell-signaling/,yes,Undecided,Behind a sign-in; Hub owner decides.
Curriculum Hub,555,4 Content not readable from outside,Curriculum collections,402 signal transduction pathway,https://hscurriculum.uncommonschools.org/collection/402-signal-transduction-pathway/,yes,Undecided,Behind a sign-in; Hub owner decides.
Curriculum Hub,556,4 Content not readable from outside,Curriculum collections,403 modeling signal transduction,https://hscurriculum.uncommonschools.org/collection/403-modeling-signal-transduction/,yes,Undecided,Behind a sign-in; Hub owner decides.
Curriculum Hub,557,4 Content not readable from outside,Curriculum collections,404 signal transduction practice,https://hscurriculum.uncommonschools.org/collection/404-signal-transduction-practice/,yes,Undecided,Behind a sign-in; Hub owner decides.
Curriculum Hub,558,4 Content not readable from outside,Curriculum collections,405 feedback loops,https://hscurriculum.uncommonschools.org/collection/405-feedback-loops/,yes,Undecided,Behind a sign-in; Hub owner decides.
Curriculum Hub,559,4 Content not readable from outside,Curriculum collections,406 mitosis,https://hscurriculum.uncommonschools.org/collection/406-mitosis/,yes,Undecided,Behind a sign-in; Hub owner decides.
Curriculum Hub,560,4 Content not readable from outside,Curriculum collections,407 cell cycle,https://hscurriculum.uncommonschools.org/collection/407-cell-cycle/,yes,Undecided,Behind a sign-in; Hub owner decides.
Curriculum Hub,561,4 Content not readable from outside,Curriculum collections,408 chi square,https://hscurriculum.uncommonschools.org/collection/408-chi-square/,yes,Undecided,Behind a sign-in; Hub owner decides.
Curriculum Hub,562,4 Content not readable from outside,Curriculum collections,457 the acbs of classes,https://hscurriculum.uncommonschools.org/collection/457-the-acbs-of-classes/,yes,Undecided,Behind a sign-in; Hub owner decides.
Curriculum Hub,563,4 Content not readable from outside,Curriculum collections,458 the acbs of classes,https://hscurriculum.uncommonschools.org/collection/458-the-acbs-of-classes/,yes,Undecided,Behind a sign-in; Hub owner decides.
Curriculum Hub,564,4 Content not readable from outside,Curriculum collections,459 the acbs of classes,https://hscurriculum.uncommonschools.org/collection/459-the-acbs-of-classes/,yes,Undecided,Behind a sign-in; Hub owner decides.
Curriculum Hub,565,4 Content not readable from outside,Curriculum collections,460 the acbs of classes,https://hscurriculum.uncommonschools.org/collection/460-the-acbs-of-classes/,yes,Undecided,Behind a sign-in; Hub owner decides.
Curriculum Hub,566,4 Content not readable from outside,Curriculum collections,461 the acbs of classes,https://hscurriculum.uncommonschools.org/collection/461-the-acbs-of-classes/,yes,Undecided,Behind a sign-in; Hub owner decides.
Curriculum Hub,567,4 Content not readable from outside,Curriculum collections,462 the acbs of classes,https://hscurriculum.uncommonschools.org/collection/462-the-acbs-of-classes/,yes,Undecided,Behind a sign-in; Hub owner decides.
Curriculum Hub,568,4 Content not readable from outside,Curriculum collections,463 implementing classes,https://hscurriculum.uncommonschools.org/collection/463-implementing-classes/,yes,Undecided,Behind a sign-in; Hub owner decides.
Curriculum Hub,569,4 Content not readable from outside,Curriculum collections,464 implementing classes,https://hscurriculum.uncommonschools.org/collection/464-implementing-classes/,yes,Undecided,Behind a sign-in; Hub owner decides.
Curriculum Hub,570,4 Content not readable from outside,Curriculum collections,465 implementing classes,https://hscurriculum.uncommonschools.org/collection/465-implementing-classes/,yes,Undecided,Behind a sign-in; Hub owner decides.
Curriculum Hub,571,4 Content not readable from outside,Curriculum collections,466 implementing classes,https://hscurriculum.uncommonschools.org/collection/466-implementing-classes/,yes,Undecided,Behind a sign-in; Hub owner decides.
Curriculum Hub,572,4 Content not readable from outside,Curriculum collections,467 implementing classes,https://hscurriculum.uncommonschools.org/collection/467-implementing-classes/,yes,Undecided,Behind a sign-in; Hub owner decides.
Curriculum Hub,573,4 Content not readable from outside,Curriculum collections,468 implementing classes,https://hscurriculum.uncommonschools.org/collection/468-implementing-classes/,yes,Undecided,Behind a sign-in; Hub owner decides.
Curriculum Hub,574,4 Content not readable from outside,Curriculum collections,469 implementing classes,https://hscurriculum.uncommonschools.org/collection/469-implementing-classes/,yes,Undecided,Behind a sign-in; Hub owner decides.
Curriculum Hub,575,4 Content not readable from outside,Curriculum collections,470 implementing classes,https://hscurriculum.uncommonschools.org/collection/470-implementing-classes/,yes,Undecided,Behind a sign-in; Hub owner decides.
Curriculum Hub,576,4 Content not readable from outside,Curriculum collections,471 implementing classes,https://hscurriculum.uncommonschools.org/collection/471-implementing-classes/,yes,Undecided,Behind a sign-in; Hub owner decides.
Curriculum Hub,577,4 Content not readable from outside,Curriculum collections,472 implementing classes,https://hscurriculum.uncommonschools.org/collection/472-implementing-classes/,yes,Undecided,Behind a sign-in; Hub owner decides.
Curriculum Hub,578,4 Content not readable from outside,Curriculum collections,473 implementing classes,https://hscurriculum.uncommonschools.org/collection/473-implementing-classes/,yes,Undecided,Behind a sign-in; Hub owner decides.
Curriculum Hub,579,4 Content not readable from outside,Curriculum collections,474 implementing classes,https://hscurriculum.uncommonschools.org/collection/474-implementing-classes/,yes,Undecided,Behind a sign-in; Hub owner decides.
Curriculum Hub,580,4 Content not readable from outside,Curriculum collections,475 review,https://hscurriculum.uncommonschools.org/collection/475-review/,yes,Undecided,Behind a sign-in; Hub owner decides.
Curriculum Hub,581,4 Content not readable from outside,Curriculum collections,476 unit 4 test,https://hscurriculum.uncommonschools.org/collection/476-unit-4-test/,yes,Undecided,Behind a sign-in; Hub owner decides.
Curriculum Hub,582,4 Content not readable from outside,Curriculum collections,5 01 introduction to equilibrium,https://hscurriculum.uncommonschools.org/collection/5-01-introduction-to-equilibrium/,yes,Undecided,Behind a sign-in; Hub owner decides.
Curriculum Hub,583,4 Content not readable from outside,Curriculum collections,5 01 properties of exponents,https://hscurriculum.uncommonschools.org/collection/5-01-properties-of-exponents/,yes,Undecided,Behind a sign-in; Hub owner decides.
Curriculum Hub,584,4 Content not readable from outside,Curriculum collections,5 02 evaluating logarithms,https://hscurriculum.uncommonschools.org/collection/5-02-evaluating-logarithms/,yes,Undecided,Behind a sign-in; Hub owner decides.
Curriculum Hub,585,4 Content not readable from outside,Curriculum collections,5 02 k vs 1,https://hscurriculum.uncommonschools.org/collection/5-02-k-vs-1/,yes,Undecided,Behind a sign-in; Hub owner decides.
Curriculum Hub,586,4 Content not readable from outside,Curriculum collections,5 03 properties of logarithms,https://hscurriculum.uncommonschools.org/collection/5-03-properties-of-logarithms/,yes,Undecided,Behind a sign-in; Hub owner decides.
Curriculum Hub,587,4 Content not readable from outside,Curriculum collections,5 03 q vs k,https://hscurriculum.uncommonschools.org/collection/5-03-q-vs-k/,yes,Undecided,Behind a sign-in; Hub owner decides.
Curriculum Hub,588,4 Content not readable from outside,Curriculum collections,5 04 rice tables,https://hscurriculum.uncommonschools.org/collection/5-04-rice-tables/,yes,Undecided,Behind a sign-in; Hub owner decides.
Curriculum Hub,589,4 Content not readable from outside,Curriculum collections,5 04 solving exponential and logarithmic equations,https://hscurriculum.uncommonschools.org/collection/5-04-solving-exponential-and-logarithmic-equations/,yes,Undecided,Behind a sign-in; Hub owner decides.
Curriculum Hub,590,4 Content not readable from outside,Curriculum collections,5 05 le chateliers principle,https://hscurriculum.uncommonschools.org/collection/5-05-le-chateliers-principle/,yes,Undecided,Behind a sign-in; Hub owner decides.
Curriculum Hub,591,4 Content not readable from outside,Curriculum collections,5 05 logarithmic and exponential graphs,https://hscurriculum.uncommonschools.org/collection/5-05-logarithmic-and-exponential-graphs/,yes,Undecided,Behind a sign-in; Hub owner decides.
Curriculum Hub,592,4 Content not readable from outside,Curriculum collections,5 06 equilibrium practice,https://hscurriculum.uncommonschools.org/collection/5-06-equilibrium-practice/,yes,Undecided,Behind a sign-in; Hub owner decides.
Curriculum Hub,593,4 Content not readable from outside,Curriculum collections,5 06 logarithmic exponential and logistic models,https://hscurriculum.uncommonschools.org/collection/5-06-logarithmic-exponential-and-logistic-models/,yes,Undecided,Behind a sign-in; Hub owner decides.
Curriculum Hub,594,4 Content not readable from outside,Curriculum collections,5 07 arithmetic and geometric sequences 1,https://hscurriculum.uncommonschools.org/collection/5-07-arithmetic-and-geometric-sequences-1/,yes,Undecided,Behind a sign-in; Hub owner decides.
Curriculum Hub,595,4 Content not readable from outside,Curriculum collections,5 07 solubility product constant,https://hscurriculum.uncommonschools.org/collection/5-07-solubility-product-constant/,yes,Undecided,Behind a sign-in; Hub owner decides.
Curriculum Hub,596,4 Content not readable from outside,Curriculum collections,5 08 arithmetic and geometric sequences 2,https://hscurriculum.uncommonschools.org/collection/5-08-arithmetic-and-geometric-sequences-2/,yes,Undecided,Behind a sign-in; Hub owner decides.
Curriculum Hub,597,4 Content not readable from outside,Curriculum collections,5 08 le chateliers lab,https://hscurriculum.uncommonschools.org/collection/5-08-le-chateliers-lab/,yes,Undecided,Behind a sign-in; Hub owner decides.
Curriculum Hub,598,4 Content not readable from outside,Curriculum collections,5 09 choosing the appropriate function,https://hscurriculum.uncommonschools.org/collection/5-09-choosing-the-appropriate-function/,yes,Undecided,Behind a sign-in; Hub owner decides.
Curriculum Hub,599,4 Content not readable from outside,Curriculum collections,5 09 ksp practice,https://hscurriculum.uncommonschools.org/collection/5-09-ksp-practice/,yes,Undecided,Behind a sign-in; Hub owner decides.
Curriculum Hub,600,4 Content not readable from outside,Curriculum collections,5 10 unit 5 review,https://hscurriculum.uncommonschools.org/collection/5-10-unit-5-review/,yes,Undecided,Behind a sign-in; Hub owner decides.
Curriculum Hub,601,4 Content not readable from outside,Curriculum collections,5 11 unit 5 test,https://hscurriculum.uncommonschools.org/collection/5-11-unit-5-test/,yes,Undecided,Behind a sign-in; Hub owner decides.
Curriculum Hub,602,4 Content not readable from outside,Curriculum collections,501 meiosis,https://hscurriculum.uncommonschools.org/collection/501-meiosis/,yes,Undecided,Behind a sign-in; Hub owner decides.
Curriculum Hub,603,4 Content not readable from outside,Curriculum collections,502 genetic diversity,https://hscurriculum.uncommonschools.org/collection/502-genetic-diversity/,yes,Undecided,Behind a sign-in; Hub owner decides.
Curriculum Hub,604,4 Content not readable from outside,Curriculum collections,503 punnett squares day 1,https://hscurriculum.uncommonschools.org/collection/503-punnett-squares-day-1/,yes,Undecided,Behind a sign-in; Hub owner decides.
Curriculum Hub,605,4 Content not readable from outside,Curriculum collections,504 punnett squares day 2,https://hscurriculum.uncommonschools.org/collection/504-punnett-squares-day-2/,yes,Undecided,Behind a sign-in; Hub owner decides.
Curriculum Hub,606,4 Content not readable from outside,Curriculum collections,505 sex linked traits,https://hscurriculum.uncommonschools.org/collection/505-sex-linked-traits/,yes,Undecided,Behind a sign-in; Hub owner decides.
Curriculum Hub,607,4 Content not readable from outside,Curriculum collections,506 pedigrees,https://hscurriculum.uncommonschools.org/collection/506-pedigrees/,yes,Undecided,Behind a sign-in; Hub owner decides.
Curriculum Hub,608,4 Content not readable from outside,Curriculum collections,507 linked genes,https://hscurriculum.uncommonschools.org/collection/507-linked-genes/,yes,Undecided,Behind a sign-in; Hub owner decides.
Curriculum Hub,609,4 Content not readable from outside,Curriculum collections,508 chi square and linked genes,https://hscurriculum.uncommonschools.org/collection/508-chi-square-and-linked-genes/,yes,Undecided,Behind a sign-in; Hub owner decides.
Curriculum Hub,610,4 Content not readable from outside,Curriculum collections,583 primitives v objects,https://hscurriculum.uncommonschools.org/collection/583-primitives-v-objects/,yes,Undecided,Behind a sign-in; Hub owner decides.
Curriculum Hub,611,4 Content not readable from outside,Curriculum collections,584 primitives v objects,https://hscurriculum.uncommonschools.org/collection/584-primitives-v-objects/,yes,Undecided,Behind a sign-in; Hub owner decides.
Curriculum Hub,612,4 Content not readable from outside,Curriculum collections,585 primitives v objects,https://hscurriculum.uncommonschools.org/collection/585-primitives-v-objects/,yes,Undecided,Behind a sign-in; Hub owner decides.
Curriculum Hub,613,4 Content not readable from outside,Curriculum collections,586 primitives v objects,https://hscurriculum.uncommonschools.org/collection/586-primitives-v-objects/,yes,Undecided,Behind a sign-in; Hub owner decides.
Curriculum Hub,614,4 Content not readable from outside,Curriculum collections,587 primitives v objects,https://hscurriculum.uncommonschools.org/collection/587-primitives-v-objects/,yes,Undecided,Behind a sign-in; Hub owner decides.
Curriculum Hub,615,4 Content not readable from outside,Curriculum collections,588 primitives v objects,https://hscurriculum.uncommonschools.org/collection/588-primitives-v-objects/,yes,Undecided,Behind a sign-in; Hub owner decides.
Curriculum Hub,616,4 Content not readable from outside,Curriculum collections,589 arrays of objects,https://hscurriculum.uncommonschools.org/collection/589-arrays-of-objects/,yes,Undecided,Behind a sign-in; Hub owner decides.
Curriculum Hub,617,4 Content not readable from outside,Curriculum collections,590 arrays of objects,https://hscurriculum.uncommonschools.org/collection/590-arrays-of-objects/,yes,Undecided,Behind a sign-in; Hub owner decides.
Curriculum Hub,618,4 Content not readable from outside,Curriculum collections,591 arrays of objects,https://hscurriculum.uncommonschools.org/collection/591-arrays-of-objects/,yes,Undecided,Behind a sign-in; Hub owner decides.
Curriculum Hub,619,4 Content not readable from outside,Curriculum collections,592 arrays of objects,https://hscurriculum.uncommonschools.org/collection/592-arrays-of-objects/,yes,Undecided,Behind a sign-in; Hub owner decides.
Curriculum Hub,620,4 Content not readable from outside,Curriculum collections,593 unit 5 test,https://hscurriculum.uncommonschools.org/collection/593-unit-5-test/,yes,Undecided,Behind a sign-in; Hub owner decides.
Curriculum Hub,621,4 Content not readable from outside,Curriculum collections,594 arrays of objects,https://hscurriculum.uncommonschools.org/collection/594-arrays-of-objects/,yes,Undecided,Behind a sign-in; Hub owner decides.
Curriculum Hub,622,4 Content not readable from outside,Curriculum collections,6 01 acid base introduction,https://hscurriculum.uncommonschools.org/collection/6-01-acid-base-introduction/,yes,Undecided,Behind a sign-in; Hub owner decides.
Curriculum Hub,623,4 Content not readable from outside,Curriculum collections,6 01 polar coordinates,https://hscurriculum.uncommonschools.org/collection/6-01-polar-coordinates/,yes,Undecided,Behind a sign-in; Hub owner decides.
Curriculum Hub,624,4 Content not readable from outside,Curriculum collections,6 02 acid and base dissociation constants,https://hscurriculum.uncommonschools.org/collection/6-02-acid-and-base-dissociation-constants/,yes,Undecided,Behind a sign-in; Hub owner decides.
Curriculum Hub,625,4 Content not readable from outside,Curriculum collections,6 02 converting between cartesian and polar coordinates,https://hscurriculum.uncommonschools.org/collection/6-02-converting-between-cartesian-and-polar-coordinates/,yes,Undecided,Behind a sign-in; Hub owner decides.
Curriculum Hub,626,4 Content not readable from outside,Curriculum collections,6 03 graphing and converting polar equations,https://hscurriculum.uncommonschools.org/collection/6-03-graphing-and-converting-polar-equations/,yes,Undecided,Behind a sign-in; Hub owner decides.
Curriculum Hub,627,4 Content not readable from outside,Curriculum collections,6 03 ph and poh,https://hscurriculum.uncommonschools.org/collection/6-03-ph-and-poh/,yes,Undecided,Behind a sign-in; Hub owner decides.
Curriculum Hub,628,4 Content not readable from outside,Curriculum collections,6 04 ka and kb calculations day 1,https://hscurriculum.uncommonschools.org/collection/6-04-ka-and-kb-calculations-day-1/,yes,Undecided,Behind a sign-in; Hub owner decides.
Curriculum Hub,629,4 Content not readable from outside,Curriculum collections,6 04 rose curves,https://hscurriculum.uncommonschools.org/collection/6-04-rose-curves/,yes,Undecided,Behind a sign-in; Hub owner decides.
Curriculum Hub,630,4 Content not readable from outside,Curriculum collections,6 05 graphing circles in the cartesian plane,https://hscurriculum.uncommonschools.org/collection/6-05-graphing-circles-in-the-cartesian-plane/,yes,Undecided,Behind a sign-in; Hub owner decides.
Curriculum Hub,631,4 Content not readable from outside,Curriculum collections,6 05 ka and kb calculations day 2,https://hscurriculum.uncommonschools.org/collection/6-05-ka-and-kb-calculations-day-2/,yes,Undecided,Behind a sign-in; Hub owner decides.
Curriculum Hub,632,4 Content not readable from outside,Curriculum collections,6 06 graphing circles in the polar plane,https://hscurriculum.uncommonschools.org/collection/6-06-graphing-circles-in-the-polar-plane/,yes,Undecided,Behind a sign-in; Hub owner decides.
Curriculum Hub,633,4 Content not readable from outside,Curriculum collections,6 06 introduction to buffers,https://hscurriculum.uncommonschools.org/collection/6-06-introduction-to-buffers/,yes,Undecided,Behind a sign-in; Hub owner decides.
Curriculum Hub,634,4 Content not readable from outside,Curriculum collections,6 07 creating buffers,https://hscurriculum.uncommonschools.org/collection/6-07-creating-buffers/,yes,Undecided,Behind a sign-in; Hub owner decides.
Curriculum Hub,635,4 Content not readable from outside,Curriculum collections,6 07 particle motion,https://hscurriculum.uncommonschools.org/collection/6-07-particle-motion/,yes,Undecided,Behind a sign-in; Hub owner decides.
Curriculum Hub,636,4 Content not readable from outside,Curriculum collections,6 08 buffers comparing ph and pka,https://hscurriculum.uncommonschools.org/collection/6-08-buffers-comparing-ph-and-pka/,yes,Undecided,Behind a sign-in; Hub owner decides.
Curriculum Hub,637,4 Content not readable from outside,Curriculum collections,6 08 particle motion,https://hscurriculum.uncommonschools.org/collection/6-08-particle-motion/,yes,Undecided,Behind a sign-in; Hub owner decides.
Curriculum Hub,638,4 Content not readable from outside,Curriculum collections,6 09 calculating acceleration,https://hscurriculum.uncommonschools.org/collection/6-09-calculating-acceleration/,yes,Undecided,Behind a sign-in; Hub owner decides.
Curriculum Hub,639,4 Content not readable from outside,Curriculum collections,6 09 strong acid strong base titrations,https://hscurriculum.uncommonschools.org/collection/6-09-strong-acid-strong-base-titrations/,yes,Undecided,Behind a sign-in; Hub owner decides.
Curriculum Hub,640,4 Content not readable from outside,Curriculum collections,6 10 particle motion with a calculator,https://hscurriculum.uncommonschools.org/collection/6-10-particle-motion-with-a-calculator/,yes,Undecided,Behind a sign-in; Hub owner decides.
Curriculum Hub,641,4 Content not readable from outside,Curriculum collections,6 10 weak acid strong base and weak base strong acid titrations,https://hscurriculum.uncommonschools.org/collection/6-10-weak-acid-strong-base-and-weak-base-strong-acid-titrations/,yes,Undecided,Behind a sign-in; Hub owner decides.
Curriculum Hub,642,4 Content not readable from outside,Curriculum collections,6 11 parametric equations,https://hscurriculum.uncommonschools.org/collection/6-11-parametric-equations/,yes,Undecided,Behind a sign-in; Hub owner decides.
Curriculum Hub,643,4 Content not readable from outside,Curriculum collections,6 11 titrations practice day,https://hscurriculum.uncommonschools.org/collection/6-11-titrations-practice-day/,yes,Undecided,Behind a sign-in; Hub owner decides.
Curriculum Hub,644,4 Content not readable from outside,Curriculum collections,6 12 acid base frq practice,https://hscurriculum.uncommonschools.org/collection/6-12-acid-base-frq-practice/,yes,Undecided,Behind a sign-in; Hub owner decides.
Curriculum Hub,645,4 Content not readable from outside,Curriculum collections,6 12 parametric equations,https://hscurriculum.uncommonschools.org/collection/6-12-parametric-equations/,yes,Undecided,Behind a sign-in; Hub owner decides.
Curriculum Hub,646,4 Content not readable from outside,Curriculum collections,6 13 converting parametric equations,https://hscurriculum.uncommonschools.org/collection/6-13-converting-parametric-equations/,yes,Undecided,Behind a sign-in; Hub owner decides.
Curriculum Hub,647,4 Content not readable from outside,Curriculum collections,6 13 titration virtual lab,https://hscurriculum.uncommonschools.org/collection/6-13-titration-virtual-lab/,yes,Undecided,Behind a sign-in; Hub owner decides.
Curriculum Hub,648,4 Content not readable from outside,Curriculum collections,601 dna structure,https://hscurriculum.uncommonschools.org/collection/601-dna-structure/,yes,Undecided,Behind a sign-in; Hub owner decides.
Curriculum Hub,649,4 Content not readable from outside,Curriculum collections,602 dna replication,https://hscurriculum.uncommonschools.org/collection/602-dna-replication/,yes,Undecided,Behind a sign-in; Hub owner decides.
Curriculum Hub,650,4 Content not readable from outside,Curriculum collections,603 gene expression overview,https://hscurriculum.uncommonschools.org/collection/603-gene-expression-overview/,yes,Undecided,Behind a sign-in; Hub owner decides.
Curriculum Hub,651,4 Content not readable from outside,Curriculum collections,604 transcription,https://hscurriculum.uncommonschools.org/collection/604-transcription/,yes,Undecided,Behind a sign-in; Hub owner decides.
Curriculum Hub,652,4 Content not readable from outside,Curriculum collections,605 translation,https://hscurriculum.uncommonschools.org/collection/605-translation/,yes,Undecided,Behind a sign-in; Hub owner decides.
Curriculum Hub,653,4 Content not readable from outside,Curriculum collections,606 regulation of gene expression,https://hscurriculum.uncommonschools.org/collection/606-regulation-of-gene-expression/,yes,Undecided,Behind a sign-in; Hub owner decides.
Curriculum Hub,654,4 Content not readable from outside,Curriculum collections,607 operons,https://hscurriculum.uncommonschools.org/collection/607-operons/,yes,Undecided,Behind a sign-in; Hub owner decides.
Curriculum Hub,655,4 Content not readable from outside,Curriculum collections,608 mutations,https://hscurriculum.uncommonschools.org/collection/608-mutations/,yes,Undecided,Behind a sign-in; Hub owner decides.
Curriculum Hub,656,4 Content not readable from outside,Curriculum collections,609 unit 6 frqs,https://hscurriculum.uncommonschools.org/collection/609-unit-6-frqs/,yes,Undecided,Behind a sign-in; Hub owner decides.
Curriculum Hub,657,4 Content not readable from outside,Curriculum collections,610 gel electrophoresis,https://hscurriculum.uncommonschools.org/collection/610-gel-electrophoresis/,yes,Undecided,Behind a sign-in; Hub owner decides.
Curriculum Hub,658,4 Content not readable from outside,Curriculum collections,6100 arraylist class,https://hscurriculum.uncommonschools.org/collection/6100-arraylist-class/,yes,Undecided,Behind a sign-in; Hub owner decides.
Curriculum Hub,659,4 Content not readable from outside,Curriculum collections,6101 arraylist class,https://hscurriculum.uncommonschools.org/collection/6101-arraylist-class/,yes,Undecided,Behind a sign-in; Hub owner decides.
Curriculum Hub,660,4 Content not readable from outside,Curriculum collections,611 bacterial transformation lab overview,https://hscurriculum.uncommonschools.org/collection/611-bacterial-transformation-lab-overview/,yes,Undecided,Behind a sign-in; Hub owner decides.
Curriculum Hub,661,4 Content not readable from outside,Curriculum collections,612 bacterial transformation lab dry run,https://hscurriculum.uncommonschools.org/collection/612-bacterial-transformation-lab-dry-run/,yes,Undecided,Behind a sign-in; Hub owner decides.
Curriculum Hub,662,4 Content not readable from outside,Curriculum collections,613 bacterial transformation lab execution,https://hscurriculum.uncommonschools.org/collection/613-bacterial-transformation-lab-execution/,yes,Undecided,Behind a sign-in; Hub owner decides.
Curriculum Hub,663,4 Content not readable from outside,Curriculum collections,614 bacterial transformation lab analysis,https://hscurriculum.uncommonschools.org/collection/614-bacterial-transformation-lab-analysis/,yes,Undecided,Behind a sign-in; Hub owner decides.
Curriculum Hub,664,4 Content not readable from outside,Curriculum collections,695 arraylist class,https://hscurriculum.uncommonschools.org/collection/695-arraylist-class/,yes,Undecided,Behind a sign-in; Hub owner decides.
Curriculum Hub,665,4 Content not readable from outside,Curriculum collections,696 arraylist class,https://hscurriculum.uncommonschools.org/collection/696-arraylist-class/,yes,Undecided,Behind a sign-in; Hub owner decides.
Curriculum Hub,666,4 Content not readable from outside,Curriculum collections,697 arraylist class,https://hscurriculum.uncommonschools.org/collection/697-arraylist-class/,yes,Undecided,Behind a sign-in; Hub owner decides.
Curriculum Hub,667,4 Content not readable from outside,Curriculum collections,698 arraylist class,https://hscurriculum.uncommonschools.org/collection/698-arraylist-class/,yes,Undecided,Behind a sign-in; Hub owner decides.
Curriculum Hub,668,4 Content not readable from outside,Curriculum collections,699 arraylist class,https://hscurriculum.uncommonschools.org/collection/699-arraylist-class/,yes,Undecided,Behind a sign-in; Hub owner decides.
Curriculum Hub,669,4 Content not readable from outside,Curriculum collections,7 01 calorimetry,https://hscurriculum.uncommonschools.org/collection/7-01-calorimetry/,yes,Undecided,Behind a sign-in; Hub owner decides.
Curriculum Hub,670,4 Content not readable from outside,Curriculum collections,7 01 graphing basic parametric equations,https://hscurriculum.uncommonschools.org/collection/7-01-graphing-basic-parametric-equations/,yes,Undecided,Behind a sign-in; Hub owner decides.
Curriculum Hub,671,4 Content not readable from outside,Curriculum collections,7 02 calorimetry and enthalpy,https://hscurriculum.uncommonschools.org/collection/7-02-calorimetry-and-enthalpy/,yes,Undecided,Behind a sign-in; Hub owner decides.
Curriculum Hub,672,4 Content not readable from outside,Curriculum collections,7 02 graphing basic parametric equations part 2,https://hscurriculum.uncommonschools.org/collection/7-02-graphing-basic-parametric-equations-part-2/,yes,Undecided,Behind a sign-in; Hub owner decides.
Curriculum Hub,673,4 Content not readable from outside,Curriculum collections,7 03 calorimetry free response practice,https://hscurriculum.uncommonschools.org/collection/7-03-calorimetry-free-response-practice/,yes,Undecided,Behind a sign-in; Hub owner decides.
Curriculum Hub,674,4 Content not readable from outside,Curriculum collections,7 03 converting parametric and rectangular,https://hscurriculum.uncommonschools.org/collection/7-03-converting-parametric-and-rectangular/,yes,Undecided,Behind a sign-in; Hub owner decides.
Curriculum Hub,675,4 Content not readable from outside,Curriculum collections,7 04 bond enthalpies and %ce%b4hrxn,https://hscurriculum.uncommonschools.org/collection/7-04-bond-enthalpies-and-%ce%b4hrxn/,yes,Undecided,Behind a sign-in; Hub owner decides.
Curriculum Hub,676,4 Content not readable from outside,Curriculum collections,7 04 defiition of continuity,https://hscurriculum.uncommonschools.org/collection/7-04-defiition-of-continuity/,yes,Undecided,Behind a sign-in; Hub owner decides.
Curriculum Hub,677,4 Content not readable from outside,Curriculum collections,7 05 classifying discontinuities,https://hscurriculum.uncommonschools.org/collection/7-05-classifying-discontinuities/,yes,Undecided,Behind a sign-in; Hub owner decides.
Curriculum Hub,678,4 Content not readable from outside,Curriculum collections,7 05 heat of solution,https://hscurriculum.uncommonschools.org/collection/7-05-heat-of-solution/,yes,Undecided,Behind a sign-in; Hub owner decides.
Curriculum Hub,679,4 Content not readable from outside,Curriculum collections,7 06 discontinuities of piecewise defined functions,https://hscurriculum.uncommonschools.org/collection/7-06-discontinuities-of-piecewise-defined-functions/,yes,Undecided,Behind a sign-in; Hub owner decides.
Curriculum Hub,680,4 Content not readable from outside,Curriculum collections,7 06 hess law,https://hscurriculum.uncommonschools.org/collection/7-06-hess-law/,yes,Undecided,Behind a sign-in; Hub owner decides.
Curriculum Hub,681,4 Content not readable from outside,Curriculum collections,7 07 continuous extensions,https://hscurriculum.uncommonschools.org/collection/7-07-continuous-extensions/,yes,Undecided,Behind a sign-in; Hub owner decides.
Curriculum Hub,682,4 Content not readable from outside,Curriculum collections,7 07 hess law lab,https://hscurriculum.uncommonschools.org/collection/7-07-hess-law-lab/,yes,Undecided,Behind a sign-in; Hub owner decides.
Curriculum Hub,683,4 Content not readable from outside,Curriculum collections,7 08 standard enthalpy and entropy,https://hscurriculum.uncommonschools.org/collection/7-08-standard-enthalpy-and-entropy/,yes,Undecided,Behind a sign-in; Hub owner decides.
Curriculum Hub,684,4 Content not readable from outside,Curriculum collections,7 08 the limit laws,https://hscurriculum.uncommonschools.org/collection/7-08-the-limit-laws/,yes,Undecided,Behind a sign-in; Hub owner decides.
Curriculum Hub,685,4 Content not readable from outside,Curriculum collections,7 09 entropy,https://hscurriculum.uncommonschools.org/collection/7-09-entropy/,yes,Undecided,Behind a sign-in; Hub owner decides.
Curriculum Hub,686,4 Content not readable from outside,Curriculum collections,7 09 trigonometric limits,https://hscurriculum.uncommonschools.org/collection/7-09-trigonometric-limits/,yes,Undecided,Behind a sign-in; Hub owner decides.
Curriculum Hub,687,4 Content not readable from outside,Curriculum collections,7 10 gibbs free energy,https://hscurriculum.uncommonschools.org/collection/7-10-gibbs-free-energy/,yes,Undecided,Behind a sign-in; Hub owner decides.
Curriculum Hub,688,4 Content not readable from outside,Curriculum collections,7 10 infinite limits and limits at infinity,https://hscurriculum.uncommonschools.org/collection/7-10-infinite-limits-and-limits-at-infinity/,yes,Undecided,Behind a sign-in; Hub owner decides.
Curriculum Hub,689,4 Content not readable from outside,Curriculum collections,7 11 gibbs free energy and temperatures,https://hscurriculum.uncommonschools.org/collection/7-11-gibbs-free-energy-and-temperatures/,yes,Undecided,Behind a sign-in; Hub owner decides.
Curriculum Hub,690,4 Content not readable from outside,Curriculum collections,7 11 hierarchy of dominance,https://hscurriculum.uncommonschools.org/collection/7-11-hierarchy-of-dominance/,yes,Undecided,Behind a sign-in; Hub owner decides.
Curriculum Hub,691,4 Content not readable from outside,Curriculum collections,7 12 asympotes and rational functions,https://hscurriculum.uncommonschools.org/collection/7-12-asympotes-and-rational-functions/,yes,Undecided,Behind a sign-in; Hub owner decides.
Curriculum Hub,692,4 Content not readable from outside,Curriculum collections,7 12 thermodynamic and kinetic control,https://hscurriculum.uncommonschools.org/collection/7-12-thermodynamic-and-kinetic-control/,yes,Undecided,Behind a sign-in; Hub owner decides.
Curriculum Hub,693,4 Content not readable from outside,Curriculum collections,7 13 mixed review,https://hscurriculum.uncommonschools.org/collection/7-13-mixed-review/,yes,Undecided,Behind a sign-in; Hub owner decides.
Curriculum Hub,694,4 Content not readable from outside,Curriculum collections,7 13 thermodynamics frq practice,https://hscurriculum.uncommonschools.org/collection/7-13-thermodynamics-frq-practice/,yes,Undecided,Behind a sign-in; Hub owner decides.
Curriculum Hub,695,4 Content not readable from outside,Curriculum collections,7 14 open ended limits and continuity,https://hscurriculum.uncommonschools.org/collection/7-14-open-ended-limits-and-continuity/,yes,Undecided,Behind a sign-in; Hub owner decides.
Curriculum Hub,696,4 Content not readable from outside,Curriculum collections,701 intro to natural selection,https://hscurriculum.uncommonschools.org/collection/701-intro-to-natural-selection/,yes,Undecided,Behind a sign-in; Hub owner decides.
Curriculum Hub,697,4 Content not readable from outside,Curriculum collections,702 natural selection ebola virus,https://hscurriculum.uncommonschools.org/collection/702-natural-selection-ebola-virus/,yes,Undecided,Behind a sign-in; Hub owner decides.
Curriculum Hub,698,4 Content not readable from outside,Curriculum collections,703 genetic drift and gene flow,https://hscurriculum.uncommonschools.org/collection/703-genetic-drift-and-gene-flow/,yes,Undecided,Behind a sign-in; Hub owner decides.
Curriculum Hub,699,4 Content not readable from outside,Curriculum collections,704 hardy weinberg day 1,https://hscurriculum.uncommonschools.org/collection/704-hardy-weinberg-day-1/,yes,Undecided,Behind a sign-in; Hub owner decides.
Curriculum Hub,700,4 Content not readable from outside,Curriculum collections,705 hardy weinberg day 2,https://hscurriculum.uncommonschools.org/collection/705-hardy-weinberg-day-2/,yes,Undecided,Behind a sign-in; Hub owner decides.
Curriculum Hub,701,4 Content not readable from outside,Curriculum collections,706 artificial selection,https://hscurriculum.uncommonschools.org/collection/706-artificial-selection/,yes,Undecided,Behind a sign-in; Hub owner decides.
Curriculum Hub,702,4 Content not readable from outside,Curriculum collections,707 speciation,https://hscurriculum.uncommonschools.org/collection/707-speciation/,yes,Undecided,Behind a sign-in; Hub owner decides.
Curriculum Hub,703,4 Content not readable from outside,Curriculum collections,708 evidence for evolution,https://hscurriculum.uncommonschools.org/collection/708-evidence-for-evolution/,yes,Undecided,Behind a sign-in; Hub owner decides.
Curriculum Hub,704,4 Content not readable from outside,Curriculum collections,709 phylogeny day 1,https://hscurriculum.uncommonschools.org/collection/709-phylogeny-day-1/,yes,Undecided,Behind a sign-in; Hub owner decides.
Curriculum Hub,705,4 Content not readable from outside,Curriculum collections,710 phylogeny day 2,https://hscurriculum.uncommonschools.org/collection/710-phylogeny-day-2/,yes,Undecided,Behind a sign-in; Hub owner decides.
Curriculum Hub,706,4 Content not readable from outside,Curriculum collections,7102 create and manipulate 2d arrays,https://hscurriculum.uncommonschools.org/collection/7102-create-and-manipulate-2d-arrays/,yes,Undecided,Behind a sign-in; Hub owner decides.
Curriculum Hub,707,4 Content not readable from outside,Curriculum collections,7103 create and manipulate 2d arrays,https://hscurriculum.uncommonschools.org/collection/7103-create-and-manipulate-2d-arrays/,yes,Undecided,Behind a sign-in; Hub owner decides.
Curriculum Hub,708,4 Content not readable from outside,Curriculum collections,7104 create and manipulate 2d arrays,https://hscurriculum.uncommonschools.org/collection/7104-create-and-manipulate-2d-arrays/,yes,Undecided,Behind a sign-in; Hub owner decides.
Curriculum Hub,709,4 Content not readable from outside,Curriculum collections,7105 create and manipulate 2d arrays,https://hscurriculum.uncommonschools.org/collection/7105-create-and-manipulate-2d-arrays/,yes,Undecided,Behind a sign-in; Hub owner decides.
Curriculum Hub,710,4 Content not readable from outside,Curriculum collections,7106 create and manipulate 2d arrays,https://hscurriculum.uncommonschools.org/collection/7106-create-and-manipulate-2d-arrays/,yes,Undecided,Behind a sign-in; Hub owner decides.
Curriculum Hub,711,4 Content not readable from outside,Curriculum collections,711 genetic diversity,https://hscurriculum.uncommonschools.org/collection/711-genetic-diversity/,yes,Undecided,Behind a sign-in; Hub owner decides.
Curriculum Hub,712,4 Content not readable from outside,Curriculum collections,712 extinction and conservation,https://hscurriculum.uncommonschools.org/collection/712-extinction-and-conservation/,yes,Undecided,Behind a sign-in; Hub owner decides.
Curriculum Hub,713,4 Content not readable from outside,Curriculum collections,713 evolution frqs,https://hscurriculum.uncommonschools.org/collection/713-evolution-frqs/,yes,Undecided,Behind a sign-in; Hub owner decides.
Curriculum Hub,714,4 Content not readable from outside,Curriculum collections,714 data representation,https://hscurriculum.uncommonschools.org/collection/714-data-representation/,yes,Undecided,Behind a sign-in; Hub owner decides.
Curriculum Hub,715,4 Content not readable from outside,Curriculum collections,715 salivary amylase data,https://hscurriculum.uncommonschools.org/collection/715-salivary-amylase-data/,yes,Undecided,Behind a sign-in; Hub owner decides.
Curriculum Hub,716,4 Content not readable from outside,Curriculum collections,716 salivary amylase analysis,https://hscurriculum.uncommonschools.org/collection/716-salivary-amylase-analysis/,yes,Undecided,Behind a sign-in; Hub owner decides.
Curriculum Hub,717,4 Content not readable from outside,Curriculum collections,8 009 electrochemistry frq practice,https://hscurriculum.uncommonschools.org/collection/8-009-electrochemistry-frq-practice/,yes,Undecided,Behind a sign-in; Hub owner decides.
Curriculum Hub,718,4 Content not readable from outside,Curriculum collections,8 01 identifying redox reactions,https://hscurriculum.uncommonschools.org/collection/8-01-identifying-redox-reactions/,yes,Undecided,Behind a sign-in; Hub owner decides.
Curriculum Hub,719,4 Content not readable from outside,Curriculum collections,8 01 tangent and secant lines,https://hscurriculum.uncommonschools.org/collection/8-01-tangent-and-secant-lines/,yes,Undecided,Behind a sign-in; Hub owner decides.
Curriculum Hub,720,4 Content not readable from outside,Curriculum collections,8 02 calculating reduction potential,https://hscurriculum.uncommonschools.org/collection/8-02-calculating-reduction-potential/,yes,Undecided,Behind a sign-in; Hub owner decides.
Curriculum Hub,721,4 Content not readable from outside,Curriculum collections,8 02 the limit definition of the derivative,https://hscurriculum.uncommonschools.org/collection/8-02-the-limit-definition-of-the-derivative/,yes,Undecided,Behind a sign-in; Hub owner decides.
Curriculum Hub,722,4 Content not readable from outside,Curriculum collections,8 03 sketching the graph of %e2%80%b2,https://hscurriculum.uncommonschools.org/collection/8-03-sketching-the-graph-of-%e2%80%b2/,yes,Undecided,Behind a sign-in; Hub owner decides.
Curriculum Hub,723,4 Content not readable from outside,Curriculum collections,8 03 voltaic cells,https://hscurriculum.uncommonschools.org/collection/8-03-voltaic-cells/,yes,Undecided,Behind a sign-in; Hub owner decides.
Curriculum Hub,724,4 Content not readable from outside,Curriculum collections,8 04 differentiability,https://hscurriculum.uncommonschools.org/collection/8-04-differentiability/,yes,Undecided,Behind a sign-in; Hub owner decides.
Curriculum Hub,725,4 Content not readable from outside,Curriculum collections,8 04 voltaic cells practice,https://hscurriculum.uncommonschools.org/collection/8-04-voltaic-cells-practice/,yes,Undecided,Behind a sign-in; Hub owner decides.
Curriculum Hub,726,4 Content not readable from outside,Curriculum collections,8 05 free energy and voltaic cells,https://hscurriculum.uncommonschools.org/collection/8-05-free-energy-and-voltaic-cells/,yes,Undecided,Behind a sign-in; Hub owner decides.
Curriculum Hub,727,4 Content not readable from outside,Curriculum collections,8 05 the power rule,https://hscurriculum.uncommonschools.org/collection/8-05-the-power-rule/,yes,Undecided,Behind a sign-in; Hub owner decides.
Curriculum Hub,728,4 Content not readable from outside,Curriculum collections,8 06 basica derivative rules,https://hscurriculum.uncommonschools.org/collection/8-06-basica-derivative-rules/,yes,Undecided,Behind a sign-in; Hub owner decides.
Curriculum Hub,729,4 Content not readable from outside,Curriculum collections,8 06 nonstandard reduction potential,https://hscurriculum.uncommonschools.org/collection/8-06-nonstandard-reduction-potential/,yes,Undecided,Behind a sign-in; Hub owner decides.
Curriculum Hub,730,4 Content not readable from outside,Curriculum collections,8 07 chemical electrolysis,https://hscurriculum.uncommonschools.org/collection/8-07-chemical-electrolysis/,yes,Undecided,Behind a sign-in; Hub owner decides.
Curriculum Hub,731,4 Content not readable from outside,Curriculum collections,8 07 tangent and normal lines,https://hscurriculum.uncommonschools.org/collection/8-07-tangent-and-normal-lines/,yes,Undecided,Behind a sign-in; Hub owner decides.
Curriculum Hub,732,4 Content not readable from outside,Curriculum collections,8 08 derivatives of sine and cosine,https://hscurriculum.uncommonschools.org/collection/8-08-derivatives-of-sine-and-cosine/,yes,Undecided,Behind a sign-in; Hub owner decides.
Curriculum Hub,733,4 Content not readable from outside,Curriculum collections,8 08 electrochemistry virtual lab,https://hscurriculum.uncommonschools.org/collection/8-08-electrochemistry-virtual-lab/,yes,Undecided,Behind a sign-in; Hub owner decides.
Curriculum Hub,734,4 Content not readable from outside,Curriculum collections,8 09 the product rule,https://hscurriculum.uncommonschools.org/collection/8-09-the-product-rule/,yes,Undecided,Behind a sign-in; Hub owner decides.
Curriculum Hub,735,4 Content not readable from outside,Curriculum collections,8 10 the quotient rule,https://hscurriculum.uncommonschools.org/collection/8-10-the-quotient-rule/,yes,Undecided,Behind a sign-in; Hub owner decides.
Curriculum Hub,736,4 Content not readable from outside,Curriculum collections,8 11 derivatives of the other 4 trig functions,https://hscurriculum.uncommonschools.org/collection/8-11-derivatives-of-the-other-4-trig-functions/,yes,Undecided,Behind a sign-in; Hub owner decides.
Curriculum Hub,737,4 Content not readable from outside,Curriculum collections,8 12 derivatives from graphs and tables of values,https://hscurriculum.uncommonschools.org/collection/8-12-derivatives-from-graphs-and-tables-of-values/,yes,Undecided,Behind a sign-in; Hub owner decides.
Curriculum Hub,738,4 Content not readable from outside,Curriculum collections,801 organization of living systems,https://hscurriculum.uncommonschools.org/collection/801-organization-of-living-systems/,yes,Undecided,Behind a sign-in; Hub owner decides.
Curriculum Hub,739,4 Content not readable from outside,Curriculum collections,802 population dynamics,https://hscurriculum.uncommonschools.org/collection/802-population-dynamics/,yes,Undecided,Behind a sign-in; Hub owner decides.
Curriculum Hub,740,4 Content not readable from outside,Curriculum collections,803 carrying capacity,https://hscurriculum.uncommonschools.org/collection/803-carrying-capacity/,yes,Undecided,Behind a sign-in; Hub owner decides.
Curriculum Hub,741,4 Content not readable from outside,Curriculum collections,804 community structure and biodiversity,https://hscurriculum.uncommonschools.org/collection/804-community-structure-and-biodiversity/,yes,Undecided,Behind a sign-in; Hub owner decides.
Curriculum Hub,742,4 Content not readable from outside,Curriculum collections,805 community interactions,https://hscurriculum.uncommonschools.org/collection/805-community-interactions/,yes,Undecided,Behind a sign-in; Hub owner decides.
Curriculum Hub,743,4 Content not readable from outside,Curriculum collections,806 keystone species,https://hscurriculum.uncommonschools.org/collection/806-keystone-species/,yes,Undecided,Behind a sign-in; Hub owner decides.
Curriculum Hub,744,4 Content not readable from outside,Curriculum collections,807 invasive species,https://hscurriculum.uncommonschools.org/collection/807-invasive-species/,yes,Undecided,Behind a sign-in; Hub owner decides.
Curriculum Hub,745,4 Content not readable from outside,Curriculum collections,808 human impact on ecosystems,https://hscurriculum.uncommonschools.org/collection/808-human-impact-on-ecosystems/,yes,Undecided,Behind a sign-in; Hub owner decides.
Curriculum Hub,746,4 Content not readable from outside,Curriculum collections,809 ecology frq practice,https://hscurriculum.uncommonschools.org/collection/809-ecology-frq-practice/,yes,Undecided,Behind a sign-in; Hub owner decides.
Curriculum Hub,747,4 Content not readable from outside,Curriculum collections,810 response to stimuli,https://hscurriculum.uncommonschools.org/collection/810-response-to-stimuli/,yes,Undecided,Behind a sign-in; Hub owner decides.
Curriculum Hub,748,4 Content not readable from outside,Curriculum collections,811 transpiration lab design,https://hscurriculum.uncommonschools.org/collection/811-transpiration-lab-design/,yes,Undecided,Behind a sign-in; Hub owner decides.
Curriculum Hub,749,4 Content not readable from outside,Curriculum collections,8118 polymorphism,https://hscurriculum.uncommonschools.org/collection/8118-polymorphism/,yes,Undecided,Behind a sign-in; Hub owner decides.
Curriculum Hub,750,4 Content not readable from outside,Curriculum collections,8119 polymorphism,https://hscurriculum.uncommonschools.org/collection/8119-polymorphism/,yes,Undecided,Behind a sign-in; Hub owner decides.
Curriculum Hub,751,4 Content not readable from outside,Curriculum collections,812 transpiration lab execution,https://hscurriculum.uncommonschools.org/collection/812-transpiration-lab-execution/,yes,Undecided,Behind a sign-in; Hub owner decides.
Curriculum Hub,752,4 Content not readable from outside,Curriculum collections,8120 polymorphism,https://hscurriculum.uncommonschools.org/collection/8120-polymorphism/,yes,Undecided,Behind a sign-in; Hub owner decides.
Curriculum Hub,753,4 Content not readable from outside,Curriculum collections,8121 polymorphism,https://hscurriculum.uncommonschools.org/collection/8121-polymorphism/,yes,Undecided,Behind a sign-in; Hub owner decides.
Curriculum Hub,754,4 Content not readable from outside,Curriculum collections,8122 polymorphism,https://hscurriculum.uncommonschools.org/collection/8122-polymorphism/,yes,Undecided,Behind a sign-in; Hub owner decides.
Curriculum Hub,755,4 Content not readable from outside,Curriculum collections,8123 polymorphism,https://hscurriculum.uncommonschools.org/collection/8123-polymorphism/,yes,Undecided,Behind a sign-in; Hub owner decides.
Curriculum Hub,756,4 Content not readable from outside,Curriculum collections,813 transpiration lab analysis,https://hscurriculum.uncommonschools.org/collection/813-transpiration-lab-analysis/,yes,Undecided,Behind a sign-in; Hub owner decides.
Curriculum Hub,757,4 Content not readable from outside,Curriculum collections,9 01 the chain rule,https://hscurriculum.uncommonschools.org/collection/9-01-the-chain-rule/,yes,Undecided,Behind a sign-in; Hub owner decides.
Curriculum Hub,758,4 Content not readable from outside,Curriculum collections,9 02 implicit differentiation,https://hscurriculum.uncommonschools.org/collection/9-02-implicit-differentiation/,yes,Undecided,Behind a sign-in; Hub owner decides.
Curriculum Hub,759,4 Content not readable from outside,Curriculum collections,9 03 derivatives of logarithmic and exponential functions,https://hscurriculum.uncommonschools.org/collection/9-03-derivatives-of-logarithmic-and-exponential-functions/,yes,Undecided,Behind a sign-in; Hub owner decides.
Curriculum Hub,760,4 Content not readable from outside,Curriculum collections,9 04 horizontal and vertical tangents,https://hscurriculum.uncommonschools.org/collection/9-04-horizontal-and-vertical-tangents/,yes,Undecided,Behind a sign-in; Hub owner decides.
Curriculum Hub,761,4 Content not readable from outside,Curriculum collections,9 05 derivative and tangent lines with a calculator,https://hscurriculum.uncommonschools.org/collection/9-05-derivative-and-tangent-lines-with-a-calculator/,yes,Undecided,Behind a sign-in; Hub owner decides.
Curriculum Hub,762,4 Content not readable from outside,Curriculum collections,9 06 lhospitals rule,https://hscurriculum.uncommonschools.org/collection/9-06-lhospitals-rule/,yes,Undecided,Behind a sign-in; Hub owner decides.
Curriculum Hub,763,4 Content not readable from outside,Curriculum collections,9 07 power rule for derivatives,https://hscurriculum.uncommonschools.org/collection/9-07-power-rule-for-derivatives/,yes,Undecided,Behind a sign-in; Hub owner decides.
Curriculum Hub,764,4 Content not readable from outside,Curriculum collections,9 08 basic derivative rules,https://hscurriculum.uncommonschools.org/collection/9-08-basic-derivative-rules/,yes,Undecided,Behind a sign-in; Hub owner decides.
Curriculum Hub,765,4 Content not readable from outside,Curriculum collections,9 09 piecewise function differentiability,https://hscurriculum.uncommonschools.org/collection/9-09-piecewise-function-differentiability/,yes,Undecided,Behind a sign-in; Hub owner decides.
Curriculum Hub,766,4 Content not readable from outside,Curriculum collections,9 10 derivatives of inverse trig functions,https://hscurriculum.uncommonschools.org/collection/9-10-derivatives-of-inverse-trig-functions/,yes,Undecided,Behind a sign-in; Hub owner decides.
Curriculum Hub,767,4 Content not readable from outside,Curriculum collections,9 11 derivatives in disguise,https://hscurriculum.uncommonschools.org/collection/9-11-derivatives-in-disguise/,yes,Undecided,Behind a sign-in; Hub owner decides.
Curriculum Hub,768,4 Content not readable from outside,Curriculum collections,9 12 the 2nd derivative,https://hscurriculum.uncommonschools.org/collection/9-12-the-2nd-derivative/,yes,Undecided,Behind a sign-in; Hub owner decides.
Curriculum Hub,769,4 Content not readable from outside,Curriculum collections,9 13 unknown coefficients and constants,https://hscurriculum.uncommonschools.org/collection/9-13-unknown-coefficients-and-constants/,yes,Undecided,Behind a sign-in; Hub owner decides.
Curriculum Hub,770,4 Content not readable from outside,Curriculum collections,9124 recursion,https://hscurriculum.uncommonschools.org/collection/9124-recursion/,yes,Undecided,Behind a sign-in; Hub owner decides.
Curriculum Hub,771,4 Content not readable from outside,Curriculum collections,9125 recursion,https://hscurriculum.uncommonschools.org/collection/9125-recursion/,yes,Undecided,Behind a sign-in; Hub owner decides.
Curriculum Hub,772,4 Content not readable from outside,Curriculum collections,9126 recursion,https://hscurriculum.uncommonschools.org/collection/9126-recursion/,yes,Undecided,Behind a sign-in; Hub owner decides.
Curriculum Hub,773,4 Content not readable from outside,Curriculum collections,9127 recursion,https://hscurriculum.uncommonschools.org/collection/9127-recursion/,yes,Undecided,Behind a sign-in; Hub owner decides.
Curriculum Hub,774,4 Content not readable from outside,Curriculum collections,9128 recursion,https://hscurriculum.uncommonschools.org/collection/9128-recursion/,yes,Undecided,Behind a sign-in; Hub owner decides.
Curriculum Hub,775,4 Content not readable from outside,Curriculum collections,9130 recursion,https://hscurriculum.uncommonschools.org/collection/9130-recursion/,yes,Undecided,Behind a sign-in; Hub owner decides.
Curriculum Hub,776,4 Content not readable from outside,Curriculum collections,9131 recursion,https://hscurriculum.uncommonschools.org/collection/9131-recursion/,yes,Undecided,Behind a sign-in; Hub owner decides.
Curriculum Hub,777,4 Content not readable from outside,Curriculum collections,9132 recursion,https://hscurriculum.uncommonschools.org/collection/9132-recursion/,yes,Undecided,Behind a sign-in; Hub owner decides.
Curriculum Hub,778,4 Content not readable from outside,Curriculum collections,9133 recursion,https://hscurriculum.uncommonschools.org/collection/9133-recursion/,yes,Undecided,Behind a sign-in; Hub owner decides.
Curriculum Hub,779,4 Content not readable from outside,Curriculum collections,9134 recursion,https://hscurriculum.uncommonschools.org/collection/9134-recursion/,yes,Undecided,Behind a sign-in; Hub owner decides.
Curriculum Hub,780,4 Content not readable from outside,Curriculum collections,9136 recursion,https://hscurriculum.uncommonschools.org/collection/9136-recursion/,yes,Undecided,Behind a sign-in; Hub owner decides.
Curriculum Hub,781,4 Content not readable from outside,Curriculum collections,9137 recursion,https://hscurriculum.uncommonschools.org/collection/9137-recursion/,yes,Undecided,Behind a sign-in; Hub owner decides.
Curriculum Hub,782,4 Content not readable from outside,Curriculum collections,9138 recursion,https://hscurriculum.uncommonschools.org/collection/9138-recursion/,yes,Undecided,Behind a sign-in; Hub owner decides.
Curriculum Hub,783,4 Content not readable from outside,Curriculum collections,9139 recursion,https://hscurriculum.uncommonschools.org/collection/9139-recursion/,yes,Undecided,Behind a sign-in; Hub owner decides.
Curriculum Hub,784,4 Content not readable from outside,Curriculum collections,9140 recursion,https://hscurriculum.uncommonschools.org/collection/9140-recursion/,yes,Undecided,Behind a sign-in; Hub owner decides.
Curriculum Hub,785,4 Content not readable from outside,Curriculum collections,9141 recursion,https://hscurriculum.uncommonschools.org/collection/9141-recursion/,yes,Undecided,Behind a sign-in; Hub owner decides.
Curriculum Hub,786,4 Content not readable from outside,Curriculum collections,Ap biology unit 1 assessments,https://hscurriculum.uncommonschools.org/collection/ap-biology-unit-1-assessments/,yes,Undecided,Behind a sign-in; Hub owner decides.
Curriculum Hub,787,4 Content not readable from outside,Curriculum collections,Ap biology unit 1 plan,https://hscurriculum.uncommonschools.org/collection/ap-biology-unit-1-plan/,yes,Undecided,Behind a sign-in; Hub owner decides.
Curriculum Hub,788,4 Content not readable from outside,Curriculum collections,Ap biology unit 2 assessments,https://hscurriculum.uncommonschools.org/collection/ap-biology-unit-2-assessments/,yes,Undecided,Behind a sign-in; Hub owner decides.
Curriculum Hub,789,4 Content not readable from outside,Curriculum collections,Ap biology unit 2 plan,https://hscurriculum.uncommonschools.org/collection/ap-biology-unit-2-plan/,yes,Undecided,Behind a sign-in; Hub owner decides.
Curriculum Hub,790,4 Content not readable from outside,Curriculum collections,Ap biology unit 3 assessments,https://hscurriculum.uncommonschools.org/collection/ap-biology-unit-3-assessments/,yes,Undecided,Behind a sign-in; Hub owner decides.
Curriculum Hub,791,4 Content not readable from outside,Curriculum collections,Ap biology unit 3 plan,https://hscurriculum.uncommonschools.org/collection/ap-biology-unit-3-plan/,yes,Undecided,Behind a sign-in; Hub owner decides.
Curriculum Hub,792,4 Content not readable from outside,Curriculum collections,Ap biology unit 4 assessments,https://hscurriculum.uncommonschools.org/collection/ap-biology-unit-4-assessments/,yes,Undecided,Behind a sign-in; Hub owner decides.
Curriculum Hub,793,4 Content not readable from outside,Curriculum collections,Ap biology unit 4 plan,https://hscurriculum.uncommonschools.org/collection/ap-biology-unit-4-plan/,yes,Undecided,Behind a sign-in; Hub owner decides.
Curriculum Hub,794,4 Content not readable from outside,Curriculum collections,Ap biology unit 5 assessments,https://hscurriculum.uncommonschools.org/collection/ap-biology-unit-5-assessments/,yes,Undecided,Behind a sign-in; Hub owner decides.
Curriculum Hub,795,4 Content not readable from outside,Curriculum collections,Ap biology unit 5 plan,https://hscurriculum.uncommonschools.org/collection/ap-biology-unit-5-plan/,yes,Undecided,Behind a sign-in; Hub owner decides.
Curriculum Hub,796,4 Content not readable from outside,Curriculum collections,Ap biology unit 6 assessments,https://hscurriculum.uncommonschools.org/collection/ap-biology-unit-6-assessments/,yes,Undecided,Behind a sign-in; Hub owner decides.
Curriculum Hub,797,4 Content not readable from outside,Curriculum collections,Ap biology unit 6 plan,https://hscurriculum.uncommonschools.org/collection/ap-biology-unit-6-plan/,yes,Undecided,Behind a sign-in; Hub owner decides.
Curriculum Hub,798,4 Content not readable from outside,Curriculum collections,Ap biology unit 7 assessments,https://hscurriculum.uncommonschools.org/collection/ap-biology-unit-7-assessments/,yes,Undecided,Behind a sign-in; Hub owner decides.
Curriculum Hub,799,4 Content not readable from outside,Curriculum collections,Ap biology unit 7 plan,https://hscurriculum.uncommonschools.org/collection/ap-biology-unit-7-plan/,yes,Undecided,Behind a sign-in; Hub owner decides.
Curriculum Hub,800,4 Content not readable from outside,Curriculum collections,Ap biology unit 8 assessments,https://hscurriculum.uncommonschools.org/collection/ap-biology-unit-8-assessments/,yes,Undecided,Behind a sign-in; Hub owner decides.
Curriculum Hub,801,4 Content not readable from outside,Curriculum collections,Ap biology unit 8 plan,https://hscurriculum.uncommonschools.org/collection/ap-biology-unit-8-plan/,yes,Undecided,Behind a sign-in; Hub owner decides.
Curriculum Hub,802,4 Content not readable from outside,Curriculum collections,Ap chemistry q1 interim assessment,https://hscurriculum.uncommonschools.org/collection/ap-chemistry-q1-interim-assessment/,yes,Undecided,Behind a sign-in; Hub owner decides.
Curriculum Hub,803,4 Content not readable from outside,Curriculum collections,Ap chemistry q2 interim assessment,https://hscurriculum.uncommonschools.org/collection/ap-chemistry-q2-interim-assessment/,yes,Undecided,Behind a sign-in; Hub owner decides.
Curriculum Hub,804,4 Content not readable from outside,Curriculum collections,Ap chemistry q3 interim assessment,https://hscurriculum.uncommonschools.org/collection/ap-chemistry-q3-interim-assessment/,yes,Undecided,Behind a sign-in; Hub owner decides.
Curriculum Hub,805,4 Content not readable from outside,Curriculum collections,Ap chemistry scope and sequence,https://hscurriculum.uncommonschools.org/collection/ap-chemistry-scope-and-sequence/,yes,Undecided,Behind a sign-in; Hub owner decides.
Curriculum Hub,806,4 Content not readable from outside,Curriculum collections,Ap chemistry unit 1 assessments,https://hscurriculum.uncommonschools.org/collection/ap-chemistry-unit-1-assessments/,yes,Undecided,Behind a sign-in; Hub owner decides.
Curriculum Hub,807,4 Content not readable from outside,Curriculum collections,Ap chemistry unit 1 plan,https://hscurriculum.uncommonschools.org/collection/ap-chemistry-unit-1-plan/,yes,Undecided,Behind a sign-in; Hub owner decides.
Curriculum Hub,808,4 Content not readable from outside,Curriculum collections,Ap chemistry unit 2 assessments,https://hscurriculum.uncommonschools.org/collection/ap-chemistry-unit-2-assessments/,yes,Undecided,Behind a sign-in; Hub owner decides.
Curriculum Hub,809,4 Content not readable from outside,Curriculum collections,Ap chemistry unit 2 plan,https://hscurriculum.uncommonschools.org/collection/ap-chemistry-unit-2-plan/,yes,Undecided,Behind a sign-in; Hub owner decides.
Curriculum Hub,810,4 Content not readable from outside,Curriculum collections,Ap chemistry unit 3 assessments,https://hscurriculum.uncommonschools.org/collection/ap-chemistry-unit-3-assessments/,yes,Undecided,Behind a sign-in; Hub owner decides.
Curriculum Hub,811,4 Content not readable from outside,Curriculum collections,Ap chemistry unit 3 plan,https://hscurriculum.uncommonschools.org/collection/ap-chemistry-unit-3-plan/,yes,Undecided,Behind a sign-in; Hub owner decides.
Curriculum Hub,812,4 Content not readable from outside,Curriculum collections,Ap chemistry unit 4 assessments,https://hscurriculum.uncommonschools.org/collection/ap-chemistry-unit-4-assessments/,yes,Undecided,Behind a sign-in; Hub owner decides.
Curriculum Hub,813,4 Content not readable from outside,Curriculum collections,Ap chemistry unit 4 plan,https://hscurriculum.uncommonschools.org/collection/ap-chemistry-unit-4-plan/,yes,Undecided,Behind a sign-in; Hub owner decides.
Curriculum Hub,814,4 Content not readable from outside,Curriculum collections,Ap chemistry unit 5 assessments,https://hscurriculum.uncommonschools.org/collection/ap-chemistry-unit-5-assessments/,yes,Undecided,Behind a sign-in; Hub owner decides.
Curriculum Hub,815,4 Content not readable from outside,Curriculum collections,Ap chemistry unit 5 plan,https://hscurriculum.uncommonschools.org/collection/ap-chemistry-unit-5-plan/,yes,Undecided,Behind a sign-in; Hub owner decides.
Curriculum Hub,816,4 Content not readable from outside,Curriculum collections,Ap chemistry unit 6 assessments,https://hscurriculum.uncommonschools.org/collection/ap-chemistry-unit-6-assessments/,yes,Undecided,Behind a sign-in; Hub owner decides.
Curriculum Hub,817,4 Content not readable from outside,Curriculum collections,Ap chemistry unit 6 plan,https://hscurriculum.uncommonschools.org/collection/ap-chemistry-unit-6-plan/,yes,Undecided,Behind a sign-in; Hub owner decides.
Curriculum Hub,818,4 Content not readable from outside,Curriculum collections,Ap chemistry unit 7 assessments,https://hscurriculum.uncommonschools.org/collection/ap-chemistry-unit-7-assessments/,yes,Undecided,Behind a sign-in; Hub owner decides.
Curriculum Hub,819,4 Content not readable from outside,Curriculum collections,Ap chemistry unit 7 plan,https://hscurriculum.uncommonschools.org/collection/ap-chemistry-unit-7-plan/,yes,Undecided,Behind a sign-in; Hub owner decides.
Curriculum Hub,820,4 Content not readable from outside,Curriculum collections,Ap chemistry unit 8 assessments,https://hscurriculum.uncommonschools.org/collection/ap-chemistry-unit-8-assessments/,yes,Undecided,Behind a sign-in; Hub owner decides.
Curriculum Hub,821,4 Content not readable from outside,Curriculum collections,Ap chemistry unit 8 plan,https://hscurriculum.uncommonschools.org/collection/ap-chemistry-unit-8-plan/,yes,Undecided,Behind a sign-in; Hub owner decides.
Curriculum Hub,822,4 Content not readable from outside,Curriculum collections,Ap comp sci a 577,https://hscurriculum.uncommonschools.org/collection/ap-comp-sci-a-577/,yes,Undecided,Behind a sign-in; Hub owner decides.
Curriculum Hub,823,4 Content not readable from outside,Curriculum collections,Ap comp sci a 578,https://hscurriculum.uncommonschools.org/collection/ap-comp-sci-a-578/,yes,Undecided,Behind a sign-in; Hub owner decides.
Curriculum Hub,824,4 Content not readable from outside,Curriculum collections,Ap comp sci a 579,https://hscurriculum.uncommonschools.org/collection/ap-comp-sci-a-579/,yes,Undecided,Behind a sign-in; Hub owner decides.
Curriculum Hub,825,4 Content not readable from outside,Curriculum collections,Ap comp sci a 580,https://hscurriculum.uncommonschools.org/collection/ap-comp-sci-a-580/,yes,Undecided,Behind a sign-in; Hub owner decides.
Curriculum Hub,826,4 Content not readable from outside,Curriculum collections,Ap comp sci a 581,https://hscurriculum.uncommonschools.org/collection/ap-comp-sci-a-581/,yes,Undecided,Behind a sign-in; Hub owner decides.
Curriculum Hub,827,4 Content not readable from outside,Curriculum collections,Ap comp sci a 582,https://hscurriculum.uncommonschools.org/collection/ap-comp-sci-a-582/,yes,Undecided,Behind a sign-in; Hub owner decides.
Curriculum Hub,828,4 Content not readable from outside,Curriculum collections,Ap comp sci a q1 interim assessments,https://hscurriculum.uncommonschools.org/collection/ap-comp-sci-a-q1-interim-assessments/,yes,Undecided,Behind a sign-in; Hub owner decides.
Curriculum Hub,829,4 Content not readable from outside,Curriculum collections,Ap comp sci a q3 interim assessments,https://hscurriculum.uncommonschools.org/collection/ap-comp-sci-a-q3-interim-assessments/,yes,Undecided,Behind a sign-in; Hub owner decides.
Curriculum Hub,830,4 Content not readable from outside,Curriculum collections,Ap comp sci a quarter 2 interim assessments,https://hscurriculum.uncommonschools.org/collection/ap-comp-sci-a-quarter-2-interim-assessments/,yes,Undecided,Behind a sign-in; Hub owner decides.
Curriculum Hub,831,4 Content not readable from outside,Curriculum collections,Ap comp sci a scope and sequence,https://hscurriculum.uncommonschools.org/collection/ap-comp-sci-a-scope-and-sequence/,yes,Undecided,Behind a sign-in; Hub owner decides.
Curriculum Hub,832,4 Content not readable from outside,Curriculum collections,Ap comp sci a unit 1 plan,https://hscurriculum.uncommonschools.org/collection/ap-comp-sci-a-unit-1-plan/,yes,Undecided,Behind a sign-in; Hub owner decides.
Curriculum Hub,833,4 Content not readable from outside,Curriculum collections,Ap comp sci a unit 2 plan,https://hscurriculum.uncommonschools.org/collection/ap-comp-sci-a-unit-2-plan/,yes,Undecided,Behind a sign-in; Hub owner decides.
Curriculum Hub,834,4 Content not readable from outside,Curriculum collections,Ap comp sci a unit 3 plan,https://hscurriculum.uncommonschools.org/collection/ap-comp-sci-a-unit-3-plan/,yes,Undecided,Behind a sign-in; Hub owner decides.
Curriculum Hub,835,4 Content not readable from outside,Curriculum collections,Ap comp sci a unit 4 plan,https://hscurriculum.uncommonschools.org/collection/ap-comp-sci-a-unit-4-plan/,yes,Undecided,Behind a sign-in; Hub owner decides.
Curriculum Hub,836,4 Content not readable from outside,Curriculum collections,Ap comp sci a unit 5 plan,https://hscurriculum.uncommonschools.org/collection/ap-comp-sci-a-unit-5-plan/,yes,Undecided,Behind a sign-in; Hub owner decides.
Curriculum Hub,837,4 Content not readable from outside,Curriculum collections,Ap comp sci a unit 6 plan,https://hscurriculum.uncommonschools.org/collection/ap-comp-sci-a-unit-6-plan/,yes,Undecided,Behind a sign-in; Hub owner decides.
Curriculum Hub,838,4 Content not readable from outside,Curriculum collections,Ap comp sci a unit 7 plan,https://hscurriculum.uncommonschools.org/collection/ap-comp-sci-a-unit-7-plan/,yes,Undecided,Behind a sign-in; Hub owner decides.
Curriculum Hub,839,4 Content not readable from outside,Curriculum collections,Ap comp sci a unit 8 plan,https://hscurriculum.uncommonschools.org/collection/ap-comp-sci-a-unit-8-plan/,yes,Undecided,Behind a sign-in; Hub owner decides.
Curriculum Hub,840,4 Content not readable from outside,Curriculum collections,Ap research q4 plan,https://hscurriculum.uncommonschools.org/collection/ap-research-q4-plan/,yes,Undecided,Behind a sign-in; Hub owner decides.
Curriculum Hub,841,4 Content not readable from outside,Curriculum collections,Ap research resource materials,https://hscurriculum.uncommonschools.org/collection/ap-research-resource-materials/,yes,Undecided,Behind a sign-in; Hub owner decides.
Curriculum Hub,842,4 Content not readable from outside,Curriculum collections,Ap research scope and sequence and syllabus,https://hscurriculum.uncommonschools.org/collection/ap-research-scope-and-sequence-and-syllabus/,yes,Undecided,Behind a sign-in; Hub owner decides.
Curriculum Hub,843,4 Content not readable from outside,Curriculum collections,Ap research u1 interim assessment,https://hscurriculum.uncommonschools.org/collection/ap-research-u1-interim-assessment/,yes,Undecided,Behind a sign-in; Hub owner decides.
Curriculum Hub,844,4 Content not readable from outside,Curriculum collections,Ap research u1 plan,https://hscurriculum.uncommonschools.org/collection/ap-research-u1-plan/,yes,Undecided,Behind a sign-in; Hub owner decides.
Curriculum Hub,845,4 Content not readable from outside,Curriculum collections,Ap research u2 interim assessment,https://hscurriculum.uncommonschools.org/collection/ap-research-u2-interim-assessment/,yes,Undecided,Behind a sign-in; Hub owner decides.
Curriculum Hub,846,4 Content not readable from outside,Curriculum collections,Ap research u3 interim assessment,https://hscurriculum.uncommonschools.org/collection/ap-research-u3-interim-assessment/,yes,Undecided,Behind a sign-in; Hub owner decides.
Curriculum Hub,847,4 Content not readable from outside,Curriculum collections,Ap research u3 plan,https://hscurriculum.uncommonschools.org/collection/ap-research-u3-plan/,yes,Undecided,Behind a sign-in; Hub owner decides.
Curriculum Hub,848,4 Content not readable from outside,Curriculum collections,Ap seminar course rubrics,https://hscurriculum.uncommonschools.org/collection/ap-seminar-course-rubrics/,yes,Undecided,Behind a sign-in; Hub owner decides.
Curriculum Hub,849,4 Content not readable from outside,Curriculum collections,Ap seminar digital portfolio submission,https://hscurriculum.uncommonschools.org/collection/ap-seminar-digital-portfolio-submission/,yes,Undecided,Behind a sign-in; Hub owner decides.
Curriculum Hub,850,4 Content not readable from outside,Curriculum collections,Ap seminar google templates,https://hscurriculum.uncommonschools.org/collection/ap-seminar-google-templates/,yes,Undecided,Behind a sign-in; Hub owner decides.
Curriculum Hub,851,4 Content not readable from outside,Curriculum collections,Ap seminar resource binder,https://hscurriculum.uncommonschools.org/collection/ap-seminar-resource-binder/,yes,Undecided,Behind a sign-in; Hub owner decides.
Curriculum Hub,852,4 Content not readable from outside,Curriculum collections,Ap seminar scope sequence and syllabus,https://hscurriculum.uncommonschools.org/collection/ap-seminar-scope-sequence-and-syllabus/,yes,Undecided,Behind a sign-in; Hub owner decides.
Curriculum Hub,853,4 Content not readable from outside,Curriculum collections,Ap seminar summer assignment for ap research,https://hscurriculum.uncommonschools.org/collection/ap-seminar-summer-assignment-for-ap-research/,yes,Undecided,Behind a sign-in; Hub owner decides.
Curriculum Hub,854,4 Content not readable from outside,Curriculum collections,Ap seminar task progress trackers,https://hscurriculum.uncommonschools.org/collection/ap-seminar-task-progress-trackers/,yes,Undecided,Behind a sign-in; Hub owner decides.
Curriculum Hub,855,4 Content not readable from outside,Curriculum collections,Ap seminar unit 1 interim assessment,https://hscurriculum.uncommonschools.org/collection/ap-seminar-unit-1-interim-assessment/,yes,Undecided,Behind a sign-in; Hub owner decides.
Curriculum Hub,856,4 Content not readable from outside,Curriculum collections,Ap seminar unit 1 plan,https://hscurriculum.uncommonschools.org/collection/ap-seminar-unit-1-plan/,yes,Undecided,Behind a sign-in; Hub owner decides.
Curriculum Hub,857,4 Content not readable from outside,Curriculum collections,Ap seminar unit 2 interim assessment,https://hscurriculum.uncommonschools.org/collection/ap-seminar-unit-2-interim-assessment/,yes,Undecided,Behind a sign-in; Hub owner decides.
Curriculum Hub,858,4 Content not readable from outside,Curriculum collections,Ap seminar unit 2 plan,https://hscurriculum.uncommonschools.org/collection/ap-seminar-unit-2-plan/,yes,Undecided,Behind a sign-in; Hub owner decides.
Curriculum Hub,859,4 Content not readable from outside,Curriculum collections,Ap seminar unit 3 interim assessment,https://hscurriculum.uncommonschools.org/collection/ap-seminar-unit-3-interim-assessment/,yes,Undecided,Behind a sign-in; Hub owner decides.
Curriculum Hub,860,4 Content not readable from outside,Curriculum collections,Ap seminar unit 3 plan,https://hscurriculum.uncommonschools.org/collection/ap-seminar-unit-3-plan/,yes,Undecided,Behind a sign-in; Hub owner decides.
Curriculum Hub,861,4 Content not readable from outside,Curriculum collections,Ap seminar unit 4 plan,https://hscurriculum.uncommonschools.org/collection/ap-seminar-unit-4-plan/,yes,Undecided,Behind a sign-in; Hub owner decides.
Curriculum Hub,862,4 Content not readable from outside,Curriculum collections,Ap seminar visual materials,https://hscurriculum.uncommonschools.org/collection/ap-seminar-visual-materials/,yes,Undecided,Behind a sign-in; Hub owner decides.
Curriculum Hub,863,4 Content not readable from outside,Curriculum collections,Exam review plan,https://hscurriculum.uncommonschools.org/collection/exam-review-plan/,yes,Undecided,Behind a sign-in; Hub owner decides.
Curriculum Hub,864,4 Content not readable from outside,Curriculum collections,Pre ap calculus q1 interim assessment,https://hscurriculum.uncommonschools.org/collection/pre-ap-calculus-q1-interim-assessment/,yes,Undecided,Behind a sign-in; Hub owner decides.
Curriculum Hub,865,4 Content not readable from outside,Curriculum collections,Pre ap calculus q2 interim assessment,https://hscurriculum.uncommonschools.org/collection/pre-ap-calculus-q2-interim-assessment/,yes,Undecided,Behind a sign-in; Hub owner decides.
Curriculum Hub,866,4 Content not readable from outside,Curriculum collections,Pre ap calculus q3 interim assessment,https://hscurriculum.uncommonschools.org/collection/pre-ap-calculus-q3-interim-assessment/,yes,Undecided,Behind a sign-in; Hub owner decides.
Curriculum Hub,867,4 Content not readable from outside,Curriculum collections,Pre ap calculus q4 interim assessment,https://hscurriculum.uncommonschools.org/collection/pre-ap-calculus-q4-interim-assessment/,yes,Undecided,Behind a sign-in; Hub owner decides.
Curriculum Hub,868,4 Content not readable from outside,Curriculum collections,Pre ap calculus scope and sequence,https://hscurriculum.uncommonschools.org/collection/pre-ap-calculus-scope-and-sequence/,yes,Undecided,Behind a sign-in; Hub owner decides.
Curriculum Hub,869,4 Content not readable from outside,Curriculum collections,Pre ap calculus unit 10 assessments,https://hscurriculum.uncommonschools.org/collection/pre-ap-calculus-unit-10-assessments/,yes,Undecided,Behind a sign-in; Hub owner decides.
Curriculum Hub,870,4 Content not readable from outside,Curriculum collections,Pre ap calculus unit 10 plan,https://hscurriculum.uncommonschools.org/collection/pre-ap-calculus-unit-10-plan/,yes,Undecided,Behind a sign-in; Hub owner decides.
Curriculum Hub,871,4 Content not readable from outside,Curriculum collections,Pre ap calculus unit 11 plan,https://hscurriculum.uncommonschools.org/collection/pre-ap-calculus-unit-11-plan/,yes,Undecided,Behind a sign-in; Hub owner decides.
Curriculum Hub,872,4 Content not readable from outside,Curriculum collections,Pre ap calculus unit 7 assessments,https://hscurriculum.uncommonschools.org/collection/pre-ap-calculus-unit-7-assessments/,yes,Undecided,Behind a sign-in; Hub owner decides.
Curriculum Hub,873,4 Content not readable from outside,Curriculum collections,Pre ap calculus unit 7 plan,https://hscurriculum.uncommonschools.org/collection/pre-ap-calculus-unit-7-plan/,yes,Undecided,Behind a sign-in; Hub owner decides.
Curriculum Hub,874,4 Content not readable from outside,Curriculum collections,Pre ap calculus unit 8 assessments,https://hscurriculum.uncommonschools.org/collection/pre-ap-calculus-unit-8-assessments/,yes,Undecided,Behind a sign-in; Hub owner decides.
Curriculum Hub,875,4 Content not readable from outside,Curriculum collections,Pre ap calculus unit 8 plan,https://hscurriculum.uncommonschools.org/collection/pre-ap-calculus-unit-8-plan/,yes,Undecided,Behind a sign-in; Hub owner decides.
Curriculum Hub,876,4 Content not readable from outside,Curriculum collections,Pre ap calculus unit 9 assessments,https://hscurriculum.uncommonschools.org/collection/pre-ap-calculus-unit-9-assessments/,yes,Undecided,Behind a sign-in; Hub owner decides.
Curriculum Hub,877,4 Content not readable from outside,Curriculum collections,Pre ap calculus unit 9 plan,https://hscurriculum.uncommonschools.org/collection/pre-ap-calculus-unit-9-plan/,yes,Undecided,Behind a sign-in; Hub owner decides.
Curriculum Hub,878,4 Content not readable from outside,Curriculum collections,Scope and sequence,https://hscurriculum.uncommonschools.org/collection/scope-and-sequence/,yes,Undecided,Behind a sign-in; Hub owner decides.
Curriculum Hub,879,4 Content not readable from outside,Curriculum collections,Unit 2 plan,https://hscurriculum.uncommonschools.org/collection/unit-2-plan/,yes,Undecided,Behind a sign-in; Hub owner decides.
Curriculum Hub,880,4 Content not readable from outside,Auto-generated listing pages,Assessments,https://hscurriculum.uncommonschools.org/subject/assessments/,yes,Undecided,Behind a sign-in; Hub owner decides.
Curriculum Hub,881,4 Content not readable from outside,Auto-generated listing pages,Course resources,https://hscurriculum.uncommonschools.org/subject/course-resources/,yes,Undecided,Behind a sign-in; Hub owner decides.
Curriculum Hub,882,4 Content not readable from outside,Auto-generated listing pages,Lesson materials,https://hscurriculum.uncommonschools.org/subject/lesson-materials/,yes,Undecided,Behind a sign-in; Hub owner decides.
Curriculum Hub,883,4 Content not readable from outside,Auto-generated listing pages,Unit resources,https://hscurriculum.uncommonschools.org/subject/unit-resources/,yes,Undecided,Behind a sign-in; Hub owner decides.
Curriculum Hub,884,5 Thin pages nothing links to,Site pages,My account,https://hscurriculum.uncommonschools.org/my-account/,yes,Keep,Part of the Hub's sign-in and account flow.
Curriculum Hub,885,5 Thin pages nothing links to,Site pages,Registration,https://hscurriculum.uncommonschools.org/registration/,yes,Keep,Part of the Hub's sign-in and account flow.
Curriculum Hub,886,5 Thin pages nothing links to,Site pages,Sample page,https://hscurriculum.uncommonschools.org/sample-page/,yes,Kill,WordPress leftover.
Curriculum Hub,887,5 Thin pages nothing links to,Posts,Hello world,https://hscurriculum.uncommonschools.org/2020/05/28/hello-world/,yes,Kill,WordPress leftover.
Curriculum Hub,888,5 Thin pages nothing links to,Auto-generated listing pages,Sitecare,https://hscurriculum.uncommonschools.org/author/sitecare/,yes,Kill,WordPress leftover.
Curriculum Hub,889,5 Thin pages nothing links to,Auto-generated listing pages,Uncategorized,https://hscurriculum.uncommonschools.org/category/uncategorized/,yes,Kill,WordPress leftover.
Curriculum Hub,890,7 Dead or moved,Subject listings,All 57 dead subject pages (one pick covers the set),,set,Kill,Dead: all 57 return an error.
Curriculum Hub,891,7 Dead or moved,Subject listings,Ap biology,https://hscurriculum.uncommonschools.org/subject/ap-biology/,in a set,Kill,Dead: the address returns an error.
Curriculum Hub,892,7 Dead or moved,Subject listings,Ap chemistry,https://hscurriculum.uncommonschools.org/subject/ap-chemistry/,in a set,Kill,Dead: the address returns an error.
Curriculum Hub,893,7 Dead or moved,Subject listings,Ap comp sci a,https://hscurriculum.uncommonschools.org/subject/ap-comp-sci-a/,in a set,Kill,Dead: the address returns an error.
Curriculum Hub,894,7 Dead or moved,Subject listings,Ap research,https://hscurriculum.uncommonschools.org/subject/ap-research/,in a set,Kill,Dead: the address returns an error.
Curriculum Hub,895,7 Dead or moved,Subject listings,Ap seminar,https://hscurriculum.uncommonschools.org/subject/ap-seminar/,in a set,Kill,Dead: the address returns an error.
Curriculum Hub,896,7 Dead or moved,Subject listings,Course resources ap biology,https://hscurriculum.uncommonschools.org/subject/ap-biology/course-resources-ap-biology/,in a set,Kill,Dead: the address returns an error.
Curriculum Hub,897,7 Dead or moved,Subject listings,Course resources ap chemistry,https://hscurriculum.uncommonschools.org/subject/ap-chemistry/course-resources-ap-chemistry/,in a set,Kill,Dead: the address returns an error.
Curriculum Hub,898,7 Dead or moved,Subject listings,Course resources ap comp sci a,https://hscurriculum.uncommonschools.org/subject/ap-comp-sci-a/course-resources-ap-comp-sci-a/,in a set,Kill,Dead: the address returns an error.
Curriculum Hub,899,7 Dead or moved,Subject listings,Course resources ap research,https://hscurriculum.uncommonschools.org/subject/ap-research/course-resources-ap-research/,in a set,Kill,Dead: the address returns an error.
Curriculum Hub,900,7 Dead or moved,Subject listings,Course resources ap seminar,https://hscurriculum.uncommonschools.org/subject/ap-seminar/course-resources-ap-seminar/,in a set,Kill,Dead: the address returns an error.
Curriculum Hub,901,7 Dead or moved,Subject listings,Course resources pre ap calculus,https://hscurriculum.uncommonschools.org/subject/pre-ap-calculus/course-resources-pre-ap-calculus/,in a set,Kill,Dead: the address returns an error.
Curriculum Hub,902,7 Dead or moved,Subject listings,Pre ap calculus,https://hscurriculum.uncommonschools.org/subject/pre-ap-calculus/,in a set,Kill,Dead: the address returns an error.
Curriculum Hub,903,7 Dead or moved,Subject listings,Unit 1 atomic structure periodicity,https://hscurriculum.uncommonschools.org/subject/ap-chemistry/unit-1-atomic-structure-periodicity/,in a set,Kill,Dead: the address returns an error.
Curriculum Hub,904,7 Dead or moved,Subject listings,Unit 1 establishing foundations of research,https://hscurriculum.uncommonschools.org/subject/ap-research/unit-1-establishing-foundations-of-research/,in a set,Kill,Dead: the address returns an error.
Curriculum Hub,905,7 Dead or moved,Subject listings,Unit 1 function analysis,https://hscurriculum.uncommonschools.org/subject/pre-ap-calculus/unit-1-function-analysis/,in a set,Kill,Dead: the address returns an error.
Curriculum Hub,906,7 Dead or moved,Subject listings,Unit 1 introduction to research and argumentation,https://hscurriculum.uncommonschools.org/subject/ap-seminar/unit-1-introduction-to-research-and-argumentation/,in a set,Kill,Dead: the address returns an error.
Curriculum Hub,907,7 Dead or moved,Subject listings,Unit 1 java basics,https://hscurriculum.uncommonschools.org/subject/ap-comp-sci-a/unit-1-java-basics/,in a set,Kill,Dead: the address returns an error.
Curriculum Hub,908,7 Dead or moved,Subject listings,Unit 1 the chemistry of life,https://hscurriculum.uncommonschools.org/subject/ap-biology/unit-1-the-chemistry-of-life/,in a set,Kill,Dead: the address returns an error.
Curriculum Hub,909,7 Dead or moved,Subject listings,Unit 10 analyzing fx and fx,https://hscurriculum.uncommonschools.org/subject/pre-ap-calculus/unit-10-analyzing-fx-and-fx/,in a set,Kill,Dead: the address returns an error.
Curriculum Hub,910,7 Dead or moved,Subject listings,Unit 10 ap review,https://hscurriculum.uncommonschools.org/subject/ap-comp-sci-a/unit-10-ap-review/,in a set,Kill,Dead: the address returns an error.
Curriculum Hub,911,7 Dead or moved,Subject listings,Unit 11 applications of derivatives,https://hscurriculum.uncommonschools.org/subject/pre-ap-calculus/unit-11-applications-of-derivatives/,in a set,Kill,Dead: the address returns an error.
Curriculum Hub,912,7 Dead or moved,Subject listings,Unit 2 cell structure and function,https://hscurriculum.uncommonschools.org/subject/ap-biology/unit-2-cell-structure-and-function/,in a set,Kill,Dead: the address returns an error.
Curriculum Hub,913,7 Dead or moved,Subject listings,Unit 2 drafting the ap research paper,https://hscurriculum.uncommonschools.org/subject/ap-research/unit-2-drafting-the-ap-research-paper/,in a set,Kill,Dead: the address returns an error.
Curriculum Hub,914,7 Dead or moved,Subject listings,Unit 2 linear and polynomial functions,https://hscurriculum.uncommonschools.org/subject/pre-ap-calculus/unit-2-linear-and-polynomial-functions/,in a set,Kill,Dead: the address returns an error.
Curriculum Hub,915,7 Dead or moved,Subject listings,Unit 2 molecular structure and properties,https://hscurriculum.uncommonschools.org/subject/ap-chemistry/unit-2-molecular-structure-and-properties/,in a set,Kill,Dead: the address returns an error.
Curriculum Hub,916,7 Dead or moved,Subject listings,Unit 2 performance task 1 team project presentations,https://hscurriculum.uncommonschools.org/subject/ap-seminar/unit-2-performance-task-1-team-project-presentations/,in a set,Kill,Dead: the address returns an error.
Curriculum Hub,917,7 Dead or moved,Subject listings,Unit 2 strings and objects,https://hscurriculum.uncommonschools.org/subject/ap-comp-sci-a/unit-2-strings-and-objects/,in a set,Kill,Dead: the address returns an error.
Curriculum Hub,918,7 Dead or moved,Subject listings,Unit 3 ap performance task 2 individual evidence based essay presentation,https://hscurriculum.uncommonschools.org/subject/ap-seminar/unit-3-ap-performance-task-2-individual-evidence-based-essay-presentation/,in a set,Kill,Dead: the address returns an error.
Curriculum Hub,919,7 Dead or moved,Subject listings,Unit 3 cellular energetics,https://hscurriculum.uncommonschools.org/subject/ap-biology/unit-3-cellular-energetics/,in a set,Kill,Dead: the address returns an error.
Curriculum Hub,920,7 Dead or moved,Subject listings,Unit 3 conditionals while loops and methods,https://hscurriculum.uncommonschools.org/subject/ap-comp-sci-a/unit-3-conditionals-while-loops-and-methods/,in a set,Kill,Dead: the address returns an error.
Curriculum Hub,921,7 Dead or moved,Subject listings,Unit 3 rational radical and piecewise functions,https://hscurriculum.uncommonschools.org/subject/pre-ap-calculus/unit-3-rational-radical-and-piecewise-functions/,in a set,Kill,Dead: the address returns an error.
Curriculum Hub,922,7 Dead or moved,Subject listings,Unit 3 stoichiometry,https://hscurriculum.uncommonschools.org/subject/ap-chemistry/unit-3-stoichiometry/,in a set,Kill,Dead: the address returns an error.
Curriculum Hub,923,7 Dead or moved,Subject listings,Unit 3 submitting the academic paper,https://hscurriculum.uncommonschools.org/subject/ap-research/unit-3-submitting-the-academic-paper/,in a set,Kill,Dead: the address returns an error.
Curriculum Hub,924,7 Dead or moved,Subject listings,Unit 4 argument analysis and synthesis,https://hscurriculum.uncommonschools.org/subject/ap-seminar/unit-4-argument-analysis-and-synthesis/,in a set,Kill,Dead: the address returns an error.
Curriculum Hub,925,7 Dead or moved,Subject listings,Unit 4 cell communication and the cell cycle,https://hscurriculum.uncommonschools.org/subject/ap-biology/unit-4-cell-communication-and-the-cell-cycle/,in a set,Kill,Dead: the address returns an error.
Curriculum Hub,926,7 Dead or moved,Subject listings,Unit 4 classes objects and methods,https://hscurriculum.uncommonschools.org/subject/ap-comp-sci-a/unit-4-classes-objects-and-methods/,in a set,Kill,Dead: the address returns an error.
Curriculum Hub,927,7 Dead or moved,Subject listings,Unit 4 kinetics,https://hscurriculum.uncommonschools.org/subject/ap-chemistry/unit-4-kinetics/,in a set,Kill,Dead: the address returns an error.
Curriculum Hub,928,7 Dead or moved,Subject listings,Unit 4 presenting academic research,https://hscurriculum.uncommonschools.org/subject/ap-research/unit-4-presenting-academic-research/,in a set,Kill,Dead: the address returns an error.
Curriculum Hub,929,7 Dead or moved,Subject listings,Unit 4 trigonometry for calculus,https://hscurriculum.uncommonschools.org/subject/pre-ap-calculus/unit-4-trigonometry-for-calculus/,in a set,Kill,Dead: the address returns an error.
Curriculum Hub,930,7 Dead or moved,Subject listings,Unit 5 arrays,https://hscurriculum.uncommonschools.org/subject/ap-comp-sci-a/unit-5-arrays/,in a set,Kill,Dead: the address returns an error.
Curriculum Hub,931,7 Dead or moved,Subject listings,Unit 5 equilibrium,https://hscurriculum.uncommonschools.org/subject/ap-chemistry/unit-5-equilibrium/,in a set,Kill,Dead: the address returns an error.
Curriculum Hub,932,7 Dead or moved,Subject listings,Unit 5 exponential and logarithmic functions,https://hscurriculum.uncommonschools.org/subject/pre-ap-calculus/unit-5-exponential-and-logarithmic-functions/,in a set,Kill,Dead: the address returns an error.
Curriculum Hub,933,7 Dead or moved,Subject listings,Unit 5 heredity,https://hscurriculum.uncommonschools.org/subject/ap-biology/unit-5-heredity/,in a set,Kill,Dead: the address returns an error.
Curriculum Hub,934,7 Dead or moved,Subject listings,Unit 6 acids and bases,https://hscurriculum.uncommonschools.org/subject/ap-chemistry/unit-6-acids-and-bases/,in a set,Kill,Dead: the address returns an error.
Curriculum Hub,935,7 Dead or moved,Subject listings,Unit 6 arraylist class,https://hscurriculum.uncommonschools.org/subject/ap-comp-sci-a/unit-6-arraylist-class/,in a set,Kill,Dead: the address returns an error.
Curriculum Hub,936,7 Dead or moved,Subject listings,Unit 6 gene expression and regulation,https://hscurriculum.uncommonschools.org/subject/ap-biology/unit-6-gene-expression-and-regulation/,in a set,Kill,Dead: the address returns an error.
Curriculum Hub,937,7 Dead or moved,Subject listings,Unit 6 polar and parametric curves,https://hscurriculum.uncommonschools.org/subject/pre-ap-calculus/unit-6-polar-and-parametric-curves/,in a set,Kill,Dead: the address returns an error.
Curriculum Hub,938,7 Dead or moved,Subject listings,Unit 7 2d arrays,https://hscurriculum.uncommonschools.org/subject/ap-comp-sci-a/unit-7-2d-arrays/,in a set,Kill,Dead: the address returns an error.
Curriculum Hub,939,7 Dead or moved,Subject listings,Unit 7 evolution,https://hscurriculum.uncommonschools.org/subject/ap-biology/unit-7-evolution/,in a set,Kill,Dead: the address returns an error.
Curriculum Hub,940,7 Dead or moved,Subject listings,Unit 7 rational function analysis,https://hscurriculum.uncommonschools.org/subject/pre-ap-calculus/unit-7-rational-function-analysis/,in a set,Kill,Dead: the address returns an error.
Curriculum Hub,941,7 Dead or moved,Subject listings,Unit 7 thermodynamics,https://hscurriculum.uncommonschools.org/subject/ap-chemistry/unit-7-thermodynamics/,in a set,Kill,Dead: the address returns an error.
Curriculum Hub,942,7 Dead or moved,Subject listings,Unit 8 ecology,https://hscurriculum.uncommonschools.org/subject/ap-biology/unit-8-ecology/,in a set,Kill,Dead: the address returns an error.
Curriculum Hub,943,7 Dead or moved,Subject listings,Unit 8 electrochemistry,https://hscurriculum.uncommonschools.org/subject/ap-chemistry/unit-8-electrochemistry/,in a set,Kill,Dead: the address returns an error.
Curriculum Hub,944,7 Dead or moved,Subject listings,Unit 8 inheritance,https://hscurriculum.uncommonschools.org/subject/ap-comp-sci-a/unit-8-inheritance/,in a set,Kill,Dead: the address returns an error.
Curriculum Hub,945,7 Dead or moved,Subject listings,Unit 8 limits and continuity,https://hscurriculum.uncommonschools.org/subject/pre-ap-calculus/unit-8-limits-and-continuity/,in a set,Kill,Dead: the address returns an error.
Curriculum Hub,946,7 Dead or moved,Subject listings,Unit 9 recursion searching and sorting,https://hscurriculum.uncommonschools.org/subject/ap-comp-sci-a/unit-9-recursion-searching-and-sorting/,in a set,Kill,Dead: the address returns an error.
Curriculum Hub,947,7 Dead or moved,Subject listings,Unit 9 the derivative,https://hscurriculum.uncommonschools.org/subject/pre-ap-calculus/unit-9-the-derivative/,in a set,Kill,Dead: the address returns an error.
