Web address,Site,Loads OK,Redirects to,Hidden from Google,Word count,Content amount,Other pages linking to it,In site menu,Links to broken pages,Nearly identical to,Similarity,Likely required (legal/compliance),"On enrollment, donation, or careers path",Mobile speed score (audited pages),Page size MB (audited pages),What the data suggests
https://uncommonschools.org/people/norman-atkins/,uncommonschools.org,redirects,https://uncommonschools.org/our-people/,,283,loads by script (not readable here),1,,0,,,,,,,Address changed: update links pointing here
https://uncommonschools.org/people/laura-blankfein/,uncommonschools.org,redirects,https://uncommonschools.org/our-people/,,283,loads by script (not readable here),1,,0,,,,,,,Address changed: update links pointing here
https://uncommonschools.org/people/cecily-m-carson/,uncommonschools.org,redirects,https://uncommonschools.org/our-people/,,283,loads by script (not readable here),1,,0,,,,,,,Address changed: update links pointing here
https://uncommonschools.org/people/neal-moszkowski/,uncommonschools.org,yes,,,113,loads by script (not readable here),1,,0,,,,,,,
https://uncommonschools.org/people/brooke-reid/,uncommonschools.org,redirects,https://uncommonschools.org/our-people/,,283,loads by script (not readable here),1,,0,,,,,,,Address changed: update links pointing here
https://uncommonschools.org/people/rondo-moses/,uncommonschools.org,redirects,https://uncommonschools.org/our-people/,,283,loads by script (not readable here),1,,0,,,,,,,Address changed: update links pointing here
https://uncommonschools.org/people/robert-marcus/,uncommonschools.org,yes,,,271,loads by script (not readable here),1,,0,,,,,,,
https://uncommonschools.org/people/david-cooper/,uncommonschools.org,redirects,https://uncommonschools.org/our-people/,,283,loads by script (not readable here),1,,0,,,,,,,Address changed: update links pointing here
https://uncommonschools.org/people/pearl-rock-kane/,uncommonschools.org,yes,,,159,loads by script (not readable here),1,,0,,,,,,,
https://uncommonschools.org/people/robert-karr/,uncommonschools.org,redirects,https://uncommonschools.org/our-people/,,283,loads by script (not readable here),1,,0,,,,,,,Address changed: update links pointing here
https://uncommonschools.org/people/donald-r-katz/,uncommonschools.org,redirects,https://uncommonschools.org/our-people/,,283,loads by script (not readable here),1,,0,,,,,,,Address changed: update links pointing here
https://uncommonschools.org/people/william-m-lewis-jr/,uncommonschools.org,redirects,https://uncommonschools.org/our-people/,,283,loads by script (not readable here),1,,0,,,,,,,Address changed: update links pointing here
https://uncommonschools.org/people/serena-savarirayan/,uncommonschools.org,yes,,,118,loads by script (not readable here),0,,0,,,,,,,
https://uncommonschools.org/people/uncommon-schools/,uncommonschools.org,yes,,,16,loads by script (not readable here),0,,0,,,,,,,
https://uncommonschools.org/people/ebony-lawhorn/,uncommonschools.org,yes,,,98,loads by script (not readable here),0,,0,,,,,,,
https://uncommonschools.org/people/aisha-butcher/,uncommonschools.org,yes,,,99,loads by script (not readable here),0,,0,,,,,,,
https://uncommonschools.org/people/stephen-chiger/,uncommonschools.org,yes,,,129,loads by script (not readable here),0,,0,,,,,,,
https://uncommonschools.org/people/katie-mcnickle/,uncommonschools.org,yes,,,103,loads by script (not readable here),0,,0,,,,,,,
https://uncommonschools.org/people/brendan-campbell/,uncommonschools.org,yes,,,89,loads by script (not readable here),0,,0,,,,,,,
https://uncommonschools.org/people/david-deatherage/,uncommonschools.org,yes,,,82,loads by script (not readable here),0,,0,,,,,,,
https://uncommonschools.org/people/christine-algozo/,uncommonschools.org,yes,,,121,loads by script (not readable here),0,,0,,,,,,,
https://uncommonschools.org/people/erin-michels/,uncommonschools.org,yes,,,104,loads by script (not readable here),0,,0,,,,,,,
https://uncommonschools.org/people/amy-parsons/,uncommonschools.org,yes,,,187,loads by script (not readable here),0,,0,,,,,,,
https://uncommonschools.org/people/equel-easterling/,uncommonschools.org,yes,,,120,loads by script (not readable here),0,,0,,,,,,,
https://uncommonschools.org/people/jody-jones/,uncommonschools.org,yes,,,349,loads by script (not readable here),0,,0,,,,,,,
https://uncommonschools.org/people/adam-feiler/,uncommonschools.org,yes,,,16,loads by script (not readable here),0,,0,,,,,,,
https://uncommonschools.org/people/taylor-martin/,uncommonschools.org,yes,,,16,loads by script (not readable here),0,,0,,,,,,,
https://uncommonschools.org/people/abena-tetteh/,uncommonschools.org,yes,,,761,loads by script (not readable here),1,,0,,,,,,,
https://uncommonschools.org/people/zaire-mcmican/,uncommonschools.org,yes,,,962,loads by script (not readable here),1,,0,,,,,,,
https://uncommonschools.org/people/shadell-purefoy/,uncommonschools.org,yes,,,200,loads by script (not readable here),2,,0,,,,,,,
https://uncommonschools.org/people/tara-marlovits/,uncommonschools.org,yes,,,129,loads by script (not readable here),0,,0,,,,,,,
https://uncommonschools.org/people/ashley-williams/,uncommonschools.org,yes,,,457,loads by script (not readable here),1,,0,,,,,,,
https://uncommonschools.org/people/oshaun-berridge/,uncommonschools.org,yes,,,172,loads by script (not readable here),1,,0,,,,,,,
https://uncommonschools.org/people/zhane-flowers/,uncommonschools.org,yes,,,298,loads by script (not readable here),1,,0,,,,,,,
https://uncommonschools.org/people/tariah-badwah/,uncommonschools.org,yes,,,178,loads by script (not readable here),1,,0,,,,,,,
https://uncommonschools.org/people/allison-johnson/,uncommonschools.org,yes,,,126,loads by script (not readable here),0,,0,,,,,,,
https://uncommonschools.org/people/mary-ann-villanueva/,uncommonschools.org,yes,,,231,loads by script (not readable here),1,,0,,,,,,,
https://uncommonschools.org/people/ally-jimenez/,uncommonschools.org,yes,,,269,loads by script (not readable here),1,,0,,,,,,,
https://uncommonschools.org/people/chynah-tyler/,uncommonschools.org,yes,,,166,loads by script (not readable here),1,,0,,,,,,,
https://uncommonschools.org/people/emmett-jones/,uncommonschools.org,yes,,,200,loads by script (not readable here),1,,0,,,,,,,
https://uncommonschools.org/people/flor-reyes-silvestre-and-angel-saldivar/,uncommonschools.org,yes,,,341,loads by script (not readable here),1,,0,,,,,,,
https://uncommonschools.org/people/natasha-lewis/,uncommonschools.org,yes,,,301,loads by script (not readable here),2,,0,,,,,,,
https://uncommonschools.org/people/elijah-agyemang/,uncommonschools.org,yes,,,320,loads by script (not readable here),2,,0,,,,,,,
https://uncommonschools.org/people/yanassia-whetstone/,uncommonschools.org,yes,,,830,loads by script (not readable here),2,,0,,,,,,,
https://uncommonschools.org/people/sharyanna-harvey-wyatt/,uncommonschools.org,yes,,,295,loads by script (not readable here),2,,0,,,,,,,
https://uncommonschools.org/people/stanaelle-celestin/,uncommonschools.org,yes,,,266,loads by script (not readable here),2,,0,,,,,,,
https://uncommonschools.org/people/folusho-olawole/,uncommonschools.org,yes,,,297,loads by script (not readable here),2,,0,,,,,,,
https://uncommonschools.org/people/samantha-haynes/,uncommonschools.org,yes,,,340,loads by script (not readable here),2,,0,,,,,,,
https://uncommonschools.org/people/katherine-santana/,uncommonschools.org,yes,,,312,loads by script (not readable here),2,,0,,,,,,,
https://uncommonschools.org/people/april-kirkland/,uncommonschools.org,yes,,,309,loads by script (not readable here),2,,0,,,,,,,
https://uncommonschools.org/people/kayla-miller/,uncommonschools.org,yes,,,433,loads by script (not readable here),2,,0,,,,,,,
https://uncommonschools.org/people/yarleny-andeliz/,uncommonschools.org,yes,,,802,loads by script (not readable here),2,,0,,,,,,,
https://uncommonschools.org/people/annabella-adragna/,uncommonschools.org,yes,,,729,loads by script (not readable here),2,,0,,,,,,,
https://uncommonschools.org/people/julissa-palmero/,uncommonschools.org,yes,,,555,loads by script (not readable here),2,,0,,,,,,,
https://uncommonschools.org/people/julissa-coplin/,uncommonschools.org,yes,,,382,loads by script (not readable here),2,,0,,,,,,,
https://uncommonschools.org/people/jessica-rosado/,uncommonschools.org,yes,,,268,loads by script (not readable here),2,,0,,,,,,,
https://uncommonschools.org/people/michael-blake/,uncommonschools.org,yes,,,138,loads by script (not readable here),1,,0,,,,,,,
https://uncommonschools.org/people/chief-operating-officer/,uncommonschools.org,yes,,,118,loads by script (not readable here),1,,0,,,,,,,
https://uncommonschools.org/people/jennifer-consilvio/,uncommonschools.org,yes,,,213,loads by script (not readable here),0,,0,,,,,,,
https://uncommonschools.org/people/art-worrell/,uncommonschools.org,yes,,,194,loads by script (not readable here),0,,0,,,,,,,
https://uncommonschools.org/people/john-powell/,uncommonschools.org,yes,,,125,loads by script (not readable here),1,,0,,,,,,,
https://uncommonschools.org/people/katie-abrams-mcnickle/,uncommonschools.org,yes,,,18,loads by script (not readable here),0,,0,,,,,,,
https://uncommonschools.org/people/ward-dillon/,uncommonschools.org,yes,,,16,loads by script (not readable here),0,,0,,,,,,,
https://uncommonschools.org/people/naliaka-wakhisi/,uncommonschools.org,yes,,,16,loads by script (not readable here),0,,0,,,,,,,
https://uncommonschools.org/people/chantaya-king/,uncommonschools.org,yes,,,663,loads by script (not readable here),2,,0,,,,,,,
https://uncommonschools.org/people/jovan-tyler-graham/,uncommonschools.org,yes,,,234,loads by script (not readable here),2,,0,,,,,,,
https://uncommonschools.org/people/kelith-appolon/,uncommonschools.org,yes,,,207,loads by script (not readable here),1,,0,,,,,,,
https://uncommonschools.org/people/joselyn-quinsa/,uncommonschools.org,yes,,,200,loads by script (not readable here),2,,0,,,,,,,
https://uncommonschools.org/people/amari-glover/,uncommonschools.org,yes,,,637,loads by script (not readable here),2,,0,,,,,,,
https://uncommonschools.org/people/jahneyce-washington/,uncommonschools.org,yes,,,159,loads by script (not readable here),2,,0,,,,,,,
https://uncommonschools.org/people/adiatu-jalloh/,uncommonschools.org,yes,,,428,loads by script (not readable here),2,,0,,,,,,,
https://uncommonschools.org/people/christina-anglin/,uncommonschools.org,yes,,,633,loads by script (not readable here),2,,0,,,,,,,
https://uncommonschools.org/people/tianna-elliott/,uncommonschools.org,yes,,,254,loads by script (not readable here),2,,0,,,,,,,
https://uncommonschools.org/people/nosagiegbon-igiede/,uncommonschools.org,yes,,,255,loads by script (not readable here),1,,0,,,,,,,
https://uncommonschools.org/people/zavier-perez/,uncommonschools.org,yes,,,264,loads by script (not readable here),1,,0,,,,,,,
https://uncommonschools.org/people/patrick-rametti/,uncommonschools.org,yes,,,140,loads by script (not readable here),0,,0,,,,,,,
https://uncommonschools.org/people/alison-washabaugh/,uncommonschools.org,yes,,,121,loads by script (not readable here),1,,0,,,,,,,
https://uncommonschools.org/people/najee-carter/,uncommonschools.org,yes,,,122,loads by script (not readable here),0,,0,,,,,,,
https://uncommonschools.org/people/taijuan-ferrell/,uncommonschools.org,yes,,,248,loads by script (not readable here),1,,0,,,,,,,
https://uncommonschools.org/people/ahshar-brown/,uncommonschools.org,yes,,,452,loads by script (not readable here),2,,0,,,,,,,
https://uncommonschools.org/people/nardelle-thelus/,uncommonschools.org,yes,,,231,loads by script (not readable here),2,,0,,,,,,,
https://uncommonschools.org/people/danfernee-cush/,uncommonschools.org,yes,,,301,loads by script (not readable here),2,,0,,,,,,,
https://uncommonschools.org/people/shana-pyatt/,uncommonschools.org,yes,,,127,loads by script (not readable here),0,,0,,,,,,,
https://uncommonschools.org/people/laura-fern/,uncommonschools.org,yes,,,64,loads by script (not readable here),0,,0,,,,,,,
https://uncommonschools.org/people/nastasjia-burke/,uncommonschools.org,yes,,,281,loads by script (not readable here),1,,0,,,,,,,
https://uncommonschools.org/people/gigi-gebre-giorgis/,uncommonschools.org,yes,,,339,loads by script (not readable here),1,,0,,,,,,,
https://uncommonschools.org/people/omotola-akinsiku/,uncommonschools.org,yes,,,333,loads by script (not readable here),1,,0,,,,,,,
https://uncommonschools.org/people/rashaud-barrow/,uncommonschools.org,yes,,,263,loads by script (not readable here),1,,0,,,,,,,
https://uncommonschools.org/people/mackenzie-morrison/,uncommonschools.org,yes,,,258,loads by script (not readable here),1,,0,,,,,,,
https://uncommonschools.org/people/zaccheus-greene/,uncommonschools.org,yes,,,256,loads by script (not readable here),1,,0,,,,,,,
https://uncommonschools.org/people/brielle-velez/,uncommonschools.org,yes,,,496,loads by script (not readable here),1,,0,,,,,,,
https://uncommonschools.org/people/mekhi-addison/,uncommonschools.org,yes,,,332,loads by script (not readable here),1,,0,,,,,,,
https://uncommonschools.org/people/dariela-morrobel-villar/,uncommonschools.org,yes,,,341,loads by script (not readable here),1,,0,,,,,,,
https://uncommonschools.org/people/ashton-coppin/,uncommonschools.org,yes,,,163,loads by script (not readable here),1,,0,,,,,,,
https://uncommonschools.org/people/cynthia-leger/,uncommonschools.org,yes,,,161,loads by script (not readable here),0,,0,,,,,,,
https://uncommonschools.org/people/paul-bambrick-santoyo/,uncommonschools.org,yes,,,222,loads by script (not readable here),0,,0,,,,,,,
https://uncommonschools.org/people/morayo-faleyimu/,uncommonschools.org,yes,,,16,loads by script (not readable here),0,,0,,,,,,,
https://uncommonschools.org/people/rachel-decima/,uncommonschools.org,yes,,,16,loads by script (not readable here),0,,0,,,,,,,
https://uncommonschools.org/people/lizzie-garson/,uncommonschools.org,yes,,,16,loads by script (not readable here),0,,0,,,,,,,
https://uncommonschools.org/people/marvin-jaquez/,uncommonschools.org,yes,,,752,loads by script (not readable here),2,,0,,,,,,,
https://uncommonschools.org/people/anthony-morocho-and-johnatan-cuenca/,uncommonschools.org,yes,,,538,loads by script (not readable here),2,,0,,,,,,,
https://uncommonschools.org/people/barbara-douglas-lindo/,uncommonschools.org,yes,,,922,loads by script (not readable here),2,,0,,,,,,,
https://uncommonschools.org/people/selene-bourne/,uncommonschools.org,yes,,,507,loads by script (not readable here),2,,0,,,,,,,
https://uncommonschools.org/people/theodora-hoegah/,uncommonschools.org,yes,,,401,loads by script (not readable here),2,,0,,,,,,,
https://uncommonschools.org/people/daniel-danquah/,uncommonschools.org,yes,,,179,loads by script (not readable here),2,,0,,,,,,,
https://uncommonschools.org/people/jasmine-bastien/,uncommonschools.org,yes,,,307,loads by script (not readable here),1,,0,,,,,,,
https://uncommonschools.org/people/joshua-gomes/,uncommonschools.org,yes,,,319,loads by script (not readable here),2,,0,,,,,,,
https://uncommonschools.org/people/habibatou-koureichi/,uncommonschools.org,yes,,,220,loads by script (not readable here),2,,0,,,,,,,
https://uncommonschools.org/people/malaki-cuevas/,uncommonschools.org,yes,,,305,loads by script (not readable here),2,,0,,,,,,,
https://uncommonschools.org/people/deena-brown/,uncommonschools.org,yes,,,208,loads by script (not readable here),2,,0,,,,,,,
https://uncommonschools.org/people/uncommon-schools-staff/,uncommonschools.org,yes,,,18,loads by script (not readable here),0,,0,,,,,,,
https://uncommonschools.org/people/brett-peiser/,uncommonschools.org,yes,,,122,loads by script (not readable here),1,,0,,,,,,,
https://uncommonschools.org/people/julie-jackson-2/,uncommonschools.org,yes,,,254,loads by script (not readable here),1,,0,,,,,,,
https://uncommonschools.org/people/juliana-worrell/,uncommonschools.org,yes,,,315,loads by script (not readable here),1,,0,,,,,,,
https://uncommonschools.org/people/alex-bronson/,uncommonschools.org,yes,,,16,loads by script (not readable here),0,,0,,,,,,,
https://uncommonschools.org/,uncommonschools.org,yes,,,341,ok,13,yes,0,https://uncommonschools.org/homepage-2/,88%,,,55,17.1,
https://uncommonschools.org/find-a-school/,uncommonschools.org,yes,,,15,very thin,1,yes,0,,,,yes,,,
https://uncommonschools.org/3002-2/,uncommonschools.org,yes,,,14,very thin,0,,0,,,,,,,Almost no content and nothing links to it: likely remove
https://uncommonschools.org/roxbury-prep-enrollment/,uncommonschools.org,redirects,https://roxburyprep.uncommonschools.org/enroll/,,1315,ok,0,,0,https://roxburyprep.uncommonschools.org/enroll/,100%,,yes,,,Address changed: update links pointing here
https://uncommonschools.org/nyc-school-tours/,uncommonschools.org,yes,,,460,ok,0,,0,,,,,,,
https://uncommonschools.org/uncommon-leadership-charter-high-school/,uncommonschools.org,yes,,,336,ok,1,,0,,,,,,,
https://uncommonschools.org/uncommon-nyc-handbooks/,uncommonschools.org,redirects,https://nyc.uncommonschools.org/family-resources/,,486,ok,0,,0,https://nyc.uncommonschools.org/family-resources/,100%,,,,,Address changed: update links pointing here
https://uncommonschools.org/newyorkcity-enrollment-spanish/,uncommonschools.org,redirects,https://nyc.uncommonschools.org/es/enroll-esp/,,1594,ok,0,,0,https://nyc.uncommonschools.org/enroll-spanish/,100%,,yes,,,Address changed: update links pointing here
https://uncommonschools.org/teaching-at-uncommon/,uncommonschools.org,yes,,,56,very thin,0,,0,,,,,,,Almost no content and nothing links to it: likely remove
https://uncommonschools.org/news/,uncommonschools.org,yes,,,15,very thin,0,yes,0,,,,,,,
https://uncommonschools.org/new-york-city-enrollment/,uncommonschools.org,redirects,https://nyc.uncommonschools.org/enroll/,,941,ok,1,,0,https://nyc.uncommonschools.org/enroll/,100%,,yes,,,Address changed: update links pointing here
https://uncommonschools.org/nyc-enrollment/,uncommonschools.org,yes,,,131,thin,0,,0,,,,yes,,,
https://uncommonschools.org/nyc-enrollment-confirm/,uncommonschools.org,yes,,,124,thin,0,,0,,,,yes,,,
https://uncommonschools.org/teach-at-uncommon-schools/,uncommonschools.org,yes,,,376,ok,0,,0,,,,,,,
https://uncommonschools.org/apprentice-teachers/,uncommonschools.org,yes,,,387,ok,0,,0,,,,,,,
https://uncommonschools.org/standard-page/,uncommonschools.org,yes,,,1937,ok,0,,0,,,,,,,
https://uncommonschools.org/teach-at-uncommon-schools-ps/,uncommonschools.org,yes,,,188,thin,0,,0,,,,,,,
https://uncommonschools.org/subscribe-to-uncommon-sense/,uncommonschools.org,yes,,,300,ok,22,,0,,,,,,,
https://uncommonschools.org/careers/thank-you/,uncommonschools.org,yes,,,122,thin,0,,0,,,,yes,,,
https://uncommonschools.org/i3-evaluation/,uncommonschools.org,yes,,,328,ok,0,,0,,,,,,,
https://uncommonschools.org/school-operations/,uncommonschools.org,yes,,,288,ok,2,,0,,,,,,,
https://uncommonschools.org/faq/,uncommonschools.org,yes,,,614,ok,1,yes,0,https://nyc.uncommonschools.org/what-is-a-charter-school/,70%,,,65,2.0,
https://uncommonschools.org/ready4k/,uncommonschools.org,yes,,,255,ok,0,,0,,,,,,,
https://uncommonschools.org/health-and-safety-policies/,uncommonschools.org,yes,,,281,ok,0,,0,,,yes,,,,
https://uncommonschools.org/our-schools/uncommon-new-york-city-schools/,uncommonschools.org,no response,,,,,1,,0,,,,,,,
https://uncommonschools.org/uncommon-sense-faq/,uncommonschools.org,yes,,,449,ok,0,,0,https://uncommonschools.org/uncommon-sense/frequently-asked-questions/,100%,,,,,Nearly identical to another page: consider consolidating
https://uncommonschools.org/sms/,uncommonschools.org,yes,,,150,thin,1,,0,,,,,,,
https://uncommonschools.org/world-autism-day/,uncommonschools.org,yes,,,480,ok,0,,0,,,,,,,
https://uncommonschools.org/the-student-experience/,uncommonschools.org,yes,,,468,ok,3,yes,0,,,,,,,
https://uncommonschools.org/vote/,uncommonschools.org,yes,,,354,ok,1,,0,,,,,,,
https://uncommonschools.org/ada-notice/,uncommonschools.org,yes,,,91,very thin,0,yes,0,,,yes,,,,
https://uncommonschools.org/kellyclarksonshow/,uncommonschools.org,yes,,,293,ok,0,,0,,,,,,,
https://uncommonschools.org/data-privacy-notice/,uncommonschools.org,yes,,,630,ok,1,yes,0,,,yes,,,,
https://uncommonschools.org/uncommon-schools-student-data-privacy-notice/,uncommonschools.org,yes,,,60,very thin,0,yes,0,https://nyc.uncommonschools.org/student-data-privacy-notice/,87%,yes,,,,
https://uncommonschools.org/results-2-2/,uncommonschools.org,yes,,,624,ok,0,,0,,,,,,,
https://uncommonschools.org/enroll-1/,uncommonschools.org,redirects,https://uncommonschools.org/enroll/,,44,very thin,0,yes,0,https://uncommonschools.org/enroll/,100%,,yes,,,Address changed: update links pointing here
https://uncommonschools.org/north-star-on-gma/,uncommonschools.org,yes,,,185,thin,0,,0,https://uncommonschools.org/northstar-gma/,98%,,,,,Nearly identical to another page: consider consolidating
https://uncommonschools.org/northstar-gma/,uncommonschools.org,yes,,,181,thin,0,,0,https://uncommonschools.org/north-star-on-gma/,98%,,,,,Nearly identical to another page: consider consolidating
https://uncommonschools.org/ea-newsletter/,uncommonschools.org,yes,,,67,very thin,0,,0,,,,,,,Almost no content and nothing links to it: likely remove
https://uncommonschools.org/progressive-pathways-resources/,uncommonschools.org,redirects,https://airtable.com/appQmOIqJM5h3hLo1/shrqbOjR600xh4elG/tblvDgwNaXISOL0S0,yes,18,very thin,0,,0,,,,,,,Address changed: update links pointing here
https://uncommonschools.org/enroll/,uncommonschools.org,yes,,,44,very thin,5,yes,0,https://uncommonschools.org/enroll-1/,100%,,yes,66,2.8,
https://uncommonschools.org/sharing-our-practices/,uncommonschools.org,yes,,,414,ok,10,yes,0,,,,,,,
https://uncommonschools.org/gma/,uncommonschools.org,yes,,,266,ok,3,,0,,,,,,,
https://uncommonschools.org/what-matters-in-math/,uncommonschools.org,yes,,,922,ok,0,,0,https://uncommonschools.org/uncommon-sense/teaching-what-really-matters-in-math/,78%,,,,,
https://uncommonschools.org/alumni-impact-contact-us/,uncommonschools.org,yes,,,83,very thin,8,,0,,,,,,,
https://uncommonschools.org/subscribe-to-uncommon-alumni-newsletters/,uncommonschools.org,yes,,,222,thin,8,,0,,,,,,,
https://uncommonschools.org/mobile-terms-and-conditions/,uncommonschools.org,yes,,,300,ok,1,,0,,,,,,,
https://uncommonschools.org/mobile-keyword-cta/,uncommonschools.org,yes,,,76,very thin,0,,0,,,,,,,Almost no content and nothing links to it: likely remove
https://uncommonschools.org/alumni-events/,uncommonschools.org,yes,,,352,ok,1,,0,,,,,,,
https://uncommonschools.org/donation-failed/,uncommonschools.org,yes,,,14,very thin,0,,0,,,,yes,,,
https://uncommonschools.org/donation-confirmation/,uncommonschools.org,yes,,,14,very thin,0,,0,,,,yes,,,
https://uncommonschools.org/donor-dashboard/,uncommonschools.org,yes,,,14,very thin,0,,0,,,,yes,,,
https://uncommonschools.org/match-your-donation/,uncommonschools.org,yes,,,127,thin,2,,0,,,,yes,,,
https://uncommonschools.org/contact-us/,uncommonschools.org,yes,,,107,thin,1,yes,0,,,,,73,1.8,
https://uncommonschools.org/uncommon-excellence-girls-featured-on-good-morning-america/,uncommonschools.org,yes,,,175,thin,0,,0,,,,,,,
https://uncommonschools.org/2425survey-guidelines/,uncommonschools.org,yes,,,374,ok,0,,0,,,,,,,
https://uncommonschools.org/professional-development/,uncommonschools.org,yes,,,398,ok,13,yes,0,,,,,,,
https://uncommonschools.org/student-support/,uncommonschools.org,yes,,,296,ok,3,,0,,,,,,,
https://uncommonschools.org/press/,uncommonschools.org,yes,,,24,very thin,0,yes,0,,,,,,,
https://uncommonschools.org/marketingrequests/,uncommonschools.org,yes,,,94,very thin,0,,0,,,,,,,Almost no content and nothing links to it: likely remove
https://uncommonschools.org/why-uncommon/,uncommonschools.org,yes,,,564,ok,2,yes,0,,,,,67,2.9,
https://uncommonschools.org/home-office/,uncommonschools.org,yes,,,462,ok,2,,0,,,,,,,
https://uncommonschools.org/careers/,uncommonschools.org,yes,,,472,ok,14,yes,0,,,,yes,70,21.2,
https://uncommonschools.org/teachers/,uncommonschools.org,yes,,,751,ok,5,,0,,,,,,,
https://uncommonschools.org/careers/jobs/,uncommonschools.org,yes,,,68,very thin,7,yes,0,,,,yes,62,2.2,
https://uncommonschools.org/refer-a-family/,uncommonschools.org,yes,,,111,thin,0,,0,,,,,,,
https://uncommonschools.org/support-fund/,uncommonschools.org,redirects,https://uncommonschools.org/donate/,,456,ok,2,,0,https://uncommonschools.org/donate/,100%,,,,,Address changed: update links pointing here
https://uncommonschools.org/our-approach/,uncommonschools.org,yes,,,561,ok,3,yes,0,,,,,,,
https://uncommonschools.org/results/,uncommonschools.org,yes,,,565,ok,9,yes,0,,,,,67,87.1,
https://uncommonschools.org/about-us/,uncommonschools.org,yes,,,691,ok,6,yes,0,,,,,66,9.9,
https://uncommonschools.org/donate/,uncommonschools.org,yes,,,456,ok,9,yes,0,https://uncommonschools.org/support-fund/,100%,,yes,67,5.7,
https://uncommonschools.org/uncommon-sense/,uncommonschools.org,yes,,,174,thin,42,yes,0,,,,,,,
https://uncommonschools.org/alumni-success-coaches/,uncommonschools.org,yes,,,1246,ok,1,,0,,,,,,,
https://uncommonschools.org/uncommon-congratulates-questbridge-recipients/,uncommonschools.org,yes,,,224,thin,0,,0,,,,,,,
https://uncommonschools.org/alumni-spotlights/,uncommonschools.org,yes,,,1158,ok,3,,0,,,,,,,
https://uncommonschools.org/alumni-newsletter-resources/,uncommonschools.org,yes,,,61,very thin,8,,0,,,,,,,
https://uncommonschools.org/sharing-our-practices/new-principal-residency-program/,uncommonschools.org,yes,,,279,ok,0,,0,,,,,,,
https://uncommonschools.org/alumni/,uncommonschools.org,yes,,,400,ok,0,,0,,,,,,,
https://uncommonschools.org/college-career-resources/,uncommonschools.org,yes,,,204,thin,1,,0,,,,,,,
https://uncommonschools.org/our-people/,uncommonschools.org,yes,,,283,ok,0,yes,0,https://uncommonschools.org/people/norman-atkins/,100%,,,,,
https://uncommonschools.org/our-roles/,uncommonschools.org,yes,,,298,ok,1,yes,0,,,,,,,
https://uncommonschools.org/alumni-college-grads/,uncommonschools.org,yes,,,1374,ok,1,,0,,,,,,,
https://uncommonschools.org/alumni-deans-list/,uncommonschools.org,yes,,,556,ok,1,,0,,,,,,,
https://uncommonschools.org/alumni-spotlights-2026-highlights/,uncommonschools.org,yes,,,303,ok,0,,0,,,,,,,
https://uncommonschools.org/referrals/,uncommonschools.org,yes,,,881,ok,0,yes,0,,,,,,,
https://uncommonschools.org/school-leaders/,uncommonschools.org,yes,,,399,ok,5,,0,,,,,,,
https://uncommonschools.org/homepage-2/,uncommonschools.org,yes,,,367,ok,0,,0,https://uncommonschools.org/,88%,,,,,Nearly identical to another page: consider consolidating
https://uncommonschools.org/our-schools/,uncommonschools.org,yes,,,570,ok,1,yes,0,,,,,,,
https://uncommonschools.org/current-legal-notices/,uncommonschools.org,yes,,,243,thin,0,yes,0,https://nyc.uncommonschools.org/current-legal-notices/,97%,yes,,,,
https://uncommonschools.org/regions/boston/,uncommonschools.org,yes,,,16,very thin,0,,0,,,,,,,Almost no content and nothing links to it: likely remove
https://uncommonschools.org/regions/camden/,uncommonschools.org,yes,,,16,very thin,0,,0,,,,,,,Almost no content and nothing links to it: likely remove
https://uncommonschools.org/regions/newark/,uncommonschools.org,yes,,,16,very thin,0,,0,,,,,,,Almost no content and nothing links to it: likely remove
https://uncommonschools.org/regions/nyc/,uncommonschools.org,yes,,,16,very thin,0,,0,,,,,,,Almost no content and nothing links to it: likely remove
https://uncommonschools.org/regions/rochester/,uncommonschools.org,yes,,,16,very thin,0,,0,,,,,,,Almost no content and nothing links to it: likely remove
https://uncommonschools.org/uncommon-sense/frequently-asked-questions/,uncommonschools.org,redirects,https://uncommonschools.org/uncommon-sense-faq/,,449,ok,0,,0,https://uncommonschools.org/uncommon-sense-faq/,100%,,,,,Address changed: update links pointing here
https://uncommonschools.org/uncommon-sense/are-students-learning-growing-thriving/,uncommonschools.org,yes,,,1289,ok,16,,0,,,,,,,
https://uncommonschools.org/uncommon-sense/maximize-summer-school-double-down-reading/,uncommonschools.org,yes,,,962,ok,13,,0,,,,,,,
https://uncommonschools.org/uncommon-sense/desmos-drive-mathematical-dscourse/,uncommonschools.org,yes,,,1255,ok,11,,0,,,,,,,
https://uncommonschools.org/uncommon-sense/build-better-writers/,uncommonschools.org,yes,,,662,ok,12,,0,,,,,,,
https://uncommonschools.org/uncommon-sense/foster-self-love-celebrate-identity-elementary-classroom/,uncommonschools.org,yes,,,939,ok,5,,0,,,,,,,
https://uncommonschools.org/uncommon-sense/plan-reverse-covid-learning-loss/,uncommonschools.org,yes,,,1372,ok,10,,0,,,,,,,
https://uncommonschools.org/uncommon-sense/introducing-open-source-ap-curriculum-hub/,uncommonschools.org,yes,,,996,ok,16,,0,,,,,,,
https://uncommonschools.org/uncommon-sense/viola-davis-teach-us-about-preparing-discourse/,uncommonschools.org,yes,,,1062,ok,5,,0,,,,,,,
https://uncommonschools.org/uncommon-sense/using-just-in-time-instruction-address-covid-learning-loss/,uncommonschools.org,yes,,,1034,ok,7,,0,,,,,,,
https://uncommonschools.org/uncommon-sense/developing-inspirational-leaders-connections-purpose/,uncommonschools.org,yes,,,1409,ok,9,,0,,,,,,,
https://uncommonschools.org/uncommon-sense/one-year-anniversary/,uncommonschools.org,yes,,,710,ok,8,,0,,,,,,,
https://uncommonschools.org/uncommon-sense/yes-you-can-teach-sight-words-efficiently-heres-how/,uncommonschools.org,yes,,,1304,ok,5,,0,,,,,,,
https://uncommonschools.org/uncommon-sense/look-whos-talking-building-a-brave-space-in-class/,uncommonschools.org,yes,,,1070,ok,5,,0,,,,,,,
https://uncommonschools.org/uncommon-sense/22-23-school-year-plans/,uncommonschools.org,yes,,,1118,ok,5,,0,,,,,,,
https://uncommonschools.org/uncommon-sense/why-trust-and-rapport-matter-to-school-leadership-and-how-to-foster-it/,uncommonschools.org,yes,,,1781,ok,4,,0,,,,,,,
https://uncommonschools.org/uncommon-sense/surprising-secrets-to-academic-success/,uncommonschools.org,yes,,,1069,ok,4,,0,,,,,,,
https://uncommonschools.org/uncommon-sense/studying-our-nations-complicated-history-leveraging-productive-struggle-for-student-growth/,uncommonschools.org,yes,,,953,ok,4,,0,,,,,,,
https://uncommonschools.org/uncommon-sense/sold-a-story-is-a-renewed-call-to-action/,uncommonschools.org,yes,,,1429,ok,5,,0,,,,,,,
https://uncommonschools.org/uncommon-sense/breaking-barriers-to-computer-science/,uncommonschools.org,yes,,,1802,ok,4,,0,,,,,,,
https://uncommonschools.org/uncommon-sense/the-power-of-peer-mentorship/,uncommonschools.org,yes,,,1212,ok,3,,0,,,,,,,
https://uncommonschools.org/uncommon-sense/make-history-real-activate-student-engagement-by-giving-access/,uncommonschools.org,yes,,,1297,ok,3,,0,,,,,,,
https://uncommonschools.org/uncommon-sense/transforming-principal-diversity-uncommon-schools-lead-from-within-fellowship-program-empowers-leaders-of-color/,uncommonschools.org,yes,,,602,ok,3,,0,,,,,,,
https://uncommonschools.org/uncommon-sense/the-missing-ingredient-in-science-of-reading-teacher-and-leader-training/,uncommonschools.org,yes,,,890,ok,3,,0,,,,,,,
https://uncommonschools.org/uncommon-sense/why-we-held-a-coding-camp-for-teachers-this-summer/,uncommonschools.org,yes,,,950,ok,2,,0,,,,,,,
https://uncommonschools.org/uncommon-sense/understanding-complex-history-texts/,uncommonschools.org,yes,,,1100,ok,2,,0,,,,,,,
https://uncommonschools.org/uncommon-sense/why-your-students-should-apply-early-decision/,uncommonschools.org,yes,,,985,ok,3,,0,,,,yes,,,
https://uncommonschools.org/uncommon-sense/teaching-what-really-matters-in-math/,uncommonschools.org,yes,,,1055,ok,3,,0,https://uncommonschools.org/what-matters-in-math/,78%,,,,,
https://uncommonschools.org/uncommon-sense/five-ways-to-partner-with-families-on-the-science-of-reading/,uncommonschools.org,yes,,,978,ok,4,,0,,,,,,,
https://uncommonschools.org/uncommon-sense/daily-note-taking-is-key-to-success/,uncommonschools.org,yes,,,1640,ok,2,,0,,,,,,,
https://uncommonschools.org/uncommon-sense/from-good-to-great-uncommon-cultivates-effective-highly-experienced-teachers-with-the-master-teacher-institute/,uncommonschools.org,yes,,,1072,ok,2,,0,,,,,,,
https://uncommonschools.org/uncommon-sense/let-them-embrace-the-challenge-veteran-math-teacher-shares-her-story-of-success/,uncommonschools.org,yes,,,1078,ok,2,,0,,,,,,,
https://uncommonschools.org/uncommon-sense/new-phonics-program-helps-uncommon-students-become-better-readers/,uncommonschools.org,yes,,,905,ok,2,,0,,,,,,,
https://uncommonschools.org/uncommon-sense/evolving-our-illustrative-math-implementation-lessons-from-year-one/,uncommonschools.org,yes,,,1245,ok,2,,0,,,,,,,
https://uncommonschools.org/uncommon-sense/uncommon-schools-adopts-illustrative-math-to-help-dramatically-accelerate-student-achievement/,uncommonschools.org,yes,,,973,ok,4,,0,,,,,,,
https://uncommonschools.org/uncommon-sense/uncommon-schools-social-workers-turn-to-ai-to-support-work/,uncommonschools.org,yes,,,1018,ok,2,,0,,,,,,,
https://uncommonschools.org/uncommon-sense/beyond-the-chatbot-why-critical-thinking-and-ethics-are-the-real-ai-literacy/,uncommonschools.org,yes,,,1018,ok,3,,0,,,,,,,
https://uncommonschools.org/schools/camden-prep-copewood-elementary-school/,uncommonschools.org,yes,,,25,very thin,0,,0,,,,,70,2.0,Almost no content and nothing links to it: likely remove
https://uncommonschools.org/schools/camden-prep-mt-ephraim-elementary-school/,uncommonschools.org,yes,,,27,very thin,0,,0,,,,,,,Almost no content and nothing links to it: likely remove
https://uncommonschools.org/schools/camden-prep-mt-ephraim-middle-school/,uncommonschools.org,yes,,,27,very thin,0,,0,,,,,,,Almost no content and nothing links to it: likely remove
https://uncommonschools.org/schools/north-star-academy-alexander-street-elementary-school/,uncommonschools.org,yes,,,29,very thin,0,,0,,,,,,,Almost no content and nothing links to it: likely remove
https://uncommonschools.org/schools/north-star-academy-fairmount-elementary-school/,uncommonschools.org,yes,,,27,very thin,0,,0,,,,,,,Almost no content and nothing links to it: likely remove
https://uncommonschools.org/schools/north-star-academy-liberty-elementary-school/,uncommonschools.org,yes,,,27,very thin,0,,0,,,,,,,Almost no content and nothing links to it: likely remove
https://uncommonschools.org/schools/north-star-academy-vailsburg-elementary-school/,uncommonschools.org,yes,,,27,very thin,0,,0,,,,,,,Almost no content and nothing links to it: likely remove
https://uncommonschools.org/schools/north-star-academy-west-side-park-elementary-school/,uncommonschools.org,yes,,,31,very thin,0,,0,,,,,,,Almost no content and nothing links to it: likely remove
https://uncommonschools.org/schools/north-star-academy-clinton-hill-middle-school/,uncommonschools.org,yes,,,29,very thin,0,,0,,,,,,,Almost no content and nothing links to it: likely remove
https://uncommonschools.org/schools/north-star-academy-central-avenue-middle-school/,uncommonschools.org,yes,,,29,very thin,0,,0,,,,,,,Almost no content and nothing links to it: likely remove
https://uncommonschools.org/schools/north-star-academy-vailsburg-middle-school/,uncommonschools.org,yes,,,27,very thin,0,,0,,,,,,,Almost no content and nothing links to it: likely remove
https://uncommonschools.org/schools/north-star-academy-west-side-park-middle-school/,uncommonschools.org,yes,,,31,very thin,0,,0,,,,,,,Almost no content and nothing links to it: likely remove
https://uncommonschools.org/schools/north-star-academy-lincoln-park-high-school/,uncommonschools.org,yes,,,29,very thin,0,,0,,,,,,,Almost no content and nothing links to it: likely remove
https://uncommonschools.org/schools/north-star-academy-washington-park-high-school/,uncommonschools.org,yes,,,29,very thin,0,,0,,,,,,,Almost no content and nothing links to it: likely remove
https://uncommonschools.org/schools/uncommon-preparatory-charter-high-school/,uncommonschools.org,yes,,,25,very thin,0,,0,,,,,,,Almost no content and nothing links to it: likely remove
https://uncommonschools.org/schools/uncommon-collegiate-charter-high-school/,uncommonschools.org,yes,,,25,very thin,0,,0,,,,,,,Almost no content and nothing links to it: likely remove
https://uncommonschools.org/schools/uncommon-charter-high-school/,uncommonschools.org,yes,,,23,very thin,0,,0,,,,,,,Almost no content and nothing links to it: likely remove
https://uncommonschools.org/schools/rochester-prep-middle-school-brooks-campus/,uncommonschools.org,yes,,,29,very thin,0,,0,,,,,,,Almost no content and nothing links to it: likely remove
https://uncommonschools.org/schools/rochester-prep-elementary-school-3/,uncommonschools.org,yes,,,31,very thin,0,,0,,,,,,,Almost no content and nothing links to it: likely remove
https://uncommonschools.org/schools/rochester-prep-middle-school-west-campus/,uncommonschools.org,yes,,,29,very thin,0,,0,,,,,,,Almost no content and nothing links to it: likely remove
https://uncommonschools.org/schools/rochester-prep-high-school/,uncommonschools.org,yes,,,23,very thin,0,,0,,,,,,,Almost no content and nothing links to it: likely remove
https://uncommonschools.org/schools/rochester-prep-elementary-school/,uncommonschools.org,yes,,,29,very thin,0,,0,,,,,,,Almost no content and nothing links to it: likely remove
https://uncommonschools.org/schools/rochester-prep-west-campus-elementary-school/,uncommonschools.org,yes,,,29,very thin,0,,0,,,,,,,Almost no content and nothing links to it: likely remove
https://uncommonschools.org/schools/north-star-academy-downtown-middle-school/,uncommonschools.org,yes,,,27,very thin,0,,0,,,,,,,Almost no content and nothing links to it: likely remove
https://uncommonschools.org/schools/camden-prep-high-school/,uncommonschools.org,yes,,,23,very thin,0,,0,,,,,,,Almost no content and nothing links to it: likely remove
https://uncommonschools.org/schools/north-star-academy-lincoln-park-middle-school/,uncommonschools.org,yes,,,29,very thin,0,,0,,,,,,,Almost no content and nothing links to it: likely remove
https://uncommonschools.org/schools/uncommon-leadership-charter-high-school/,uncommonschools.org,yes,,,25,very thin,0,,0,,,,,,,Almost no content and nothing links to it: likely remove
https://uncommonschools.org/schools/north-star-academy-north-star-academy-elementary-school-6/,uncommonschools.org,yes,,,29,very thin,0,,0,,,,,,,Almost no content and nothing links to it: likely remove
https://uncommonschools.org/schools/uncommon-excellence-girls-middle-school/,uncommonschools.org,yes,,,25,very thin,0,,0,,,,,,,Almost no content and nothing links to it: likely remove
https://uncommonschools.org/schools/uncommon-excellence-girls-elementary-school/,uncommonschools.org,yes,,,25,very thin,0,,0,,,,,,,Almost no content and nothing links to it: likely remove
https://uncommonschools.org/schools/bedstuy-east-middle-school/,uncommonschools.org,yes,,,25,very thin,0,,0,,,,,,,Almost no content and nothing links to it: likely remove
https://uncommonschools.org/schools/uncommon-excellence-boys-elementary-school/,uncommonschools.org,yes,,,25,very thin,0,,0,,,,,,,Almost no content and nothing links to it: likely remove
https://uncommonschools.org/schools/kings-middle-school/,uncommonschools.org,yes,,,23,very thin,0,,0,,,,,,,Almost no content and nothing links to it: likely remove
https://uncommonschools.org/schools/uncommon-williamsburg-elementary/,uncommonschools.org,yes,,,21,very thin,0,,0,,,,,,,Almost no content and nothing links to it: likely remove
https://uncommonschools.org/schools/kings-elementary-school/,uncommonschools.org,yes,,,23,very thin,0,,0,,,,,,,Almost no content and nothing links to it: likely remove
https://uncommonschools.org/schools/uncommon-williamsburg-middle-school/,uncommonschools.org,yes,,,23,very thin,0,,0,,,,,,,Almost no content and nothing links to it: likely remove
https://uncommonschools.org/schools/bedstuy-west-elementary-school/,uncommonschools.org,yes,,,25,very thin,0,,0,,,,,,,Almost no content and nothing links to it: likely remove
https://uncommonschools.org/schools/brownsville-south-elementary-school/,uncommonschools.org,yes,,,25,very thin,0,,0,,,,,,,Almost no content and nothing links to it: likely remove
https://uncommonschools.org/schools/brownsville-south-middle-school/,uncommonschools.org,yes,,,25,very thin,0,,0,,,,,,,Almost no content and nothing links to it: likely remove
https://uncommonschools.org/schools/canarsie-elementary-school/,uncommonschools.org,yes,,,23,very thin,0,,0,,,,,,,Almost no content and nothing links to it: likely remove
https://uncommonschools.org/schools/canarsie-middle-school/,uncommonschools.org,yes,,,23,very thin,0,,0,,,,,,,Almost no content and nothing links to it: likely remove
https://uncommonschools.org/schools/brownsville-north-elementary-school/,uncommonschools.org,yes,,,25,very thin,0,,0,,,,,,,Almost no content and nothing links to it: likely remove
https://uncommonschools.org/schools/brownsville-north-middle-school/,uncommonschools.org,yes,,,25,very thin,0,,0,,,,,,,Almost no content and nothing links to it: likely remove
https://uncommonschools.org/schools/ocean-hill-middle-school/,uncommonschools.org,yes,,,25,very thin,0,,0,,,,,,,Almost no content and nothing links to it: likely remove
https://uncommonschools.org/schools/crown-heights-elementary-school/,uncommonschools.org,yes,,,25,very thin,0,,0,,,,,,,Almost no content and nothing links to it: likely remove
https://uncommonschools.org/schools/rochester-prep-middle-school-3/,uncommonschools.org,yes,,,31,very thin,0,,0,,,,,,,Almost no content and nothing links to it: likely remove
https://uncommonschools.org/schools/camden-prep-copewood-middle-school/,uncommonschools.org,yes,,,25,very thin,0,,0,,,,,,,Almost no content and nothing links to it: likely remove
https://uncommonschools.org/schools/crown-heights-pre-k/,uncommonschools.org,yes,,,23,very thin,0,,0,,,,,,,Almost no content and nothing links to it: likely remove
https://uncommonschools.org/schools/roxbury-prep-dorchester-campus/,uncommonschools.org,yes,,,27,very thin,0,,0,,,,,,,Almost no content and nothing links to it: likely remove
https://uncommonschools.org/schools/roxbury-prep-mission-hill-campus/,uncommonschools.org,yes,,,27,very thin,0,,0,,,,,,,Almost no content and nothing links to it: likely remove
https://uncommonschools.org/schools/roxbury-prep-high-school/,uncommonschools.org,yes,,,23,very thin,0,,0,,,,,,,Almost no content and nothing links to it: likely remove
https://uncommonschools.org/schools/bedstuy-west-middle-school/,uncommonschools.org,yes,,,25,very thin,0,,0,,,,,,,Almost no content and nothing links to it: likely remove
https://uncommonschools.org/schools/uncommon-excellence-pre-k/,uncommonschools.org,yes,,,21,very thin,0,,0,,,,,,,Almost no content and nothing links to it: likely remove
https://uncommonschools.org/schools/uncommon-excellence-boys-middle-school/,uncommonschools.org,yes,,,25,very thin,0,,0,,,,,,,Almost no content and nothing links to it: likely remove
https://uncommonschools.org/schools/uncommon-bed-stuy-pre-k/,uncommonschools.org,yes,,,21,very thin,0,,0,,,,,,,Almost no content and nothing links to it: likely remove
https://uncommonschools.org/schools/camden-prep-pre-k/,uncommonschools.org,yes,,,21,very thin,0,,0,,,,,,,Almost no content and nothing links to it: likely remove
https://uncommonschools.org/schools/north-star-academy-elementary-school-7/,uncommonschools.org,yes,,,29,very thin,0,,0,,,,,,,Almost no content and nothing links to it: likely remove
https://uncommonschools.org/author/rachel/,uncommonschools.org,yes,,,75,very thin,0,,0,,,,,,,Almost no content and nothing links to it: likely remove
https://uncommonschools.org/author/kellycarrion/,uncommonschools.org,yes,,,1742,ok,0,,0,https://uncommonschools.org/category/news/,74%,,,,,
https://uncommonschools.org/author/brandi/,uncommonschools.org,yes,,,872,ok,0,,0,,,,,,,
https://uncommonschools.org/roles/alumni/,uncommonschools.org,yes,,,2868,ok,0,,0,,,,,,,
https://uncommonschools.org/roles/board/,uncommonschools.org,yes,,,700,ok,0,,0,,,,,,,
https://uncommonschools.org/roles/team/,uncommonschools.org,yes,,,474,ok,0,,0,,,,,,,
https://uncommonschools.org/category/boston/,uncommonschools.org,yes,,,2410,ok,0,,0,,,,,,,
https://uncommonschools.org/category/camden/,uncommonschools.org,yes,,,1880,ok,0,,0,,,,,,,
https://uncommonschools.org/category/lead-from-within/,uncommonschools.org,yes,,,365,ok,0,,0,,,,,,,
https://uncommonschools.org/category/new-york-city/,uncommonschools.org,yes,,,2253,ok,0,,0,,,,,,,
https://uncommonschools.org/category/newark/,uncommonschools.org,yes,,,2088,ok,0,,0,,,,,,,
https://uncommonschools.org/category/news/,uncommonschools.org,yes,,,2598,ok,0,,0,https://uncommonschools.org/author/kellycarrion/,74%,,,,,
https://uncommonschools.org/category/press-release/,uncommonschools.org,yes,,,75,very thin,0,,0,,,,,,,Almost no content and nothing links to it: likely remove
https://uncommonschools.org/category/rochester/,uncommonschools.org,yes,,,1696,ok,0,,0,,,,,,,
https://uncommonschools.org/category/troy/,uncommonschools.org,yes,,,643,ok,0,,0,,,,,,,
https://uncommonschools.org/impact-blog-tags/advanced-placement/,uncommonschools.org,yes,,,75,very thin,0,,0,https://uncommonschools.org/impact-blog-tags/ap-research/,100%,,,,,Nearly identical to another page: consider consolidating
https://uncommonschools.org/impact-blog-tags/algebra/,uncommonschools.org,yes,,,130,thin,0,,0,https://uncommonschools.org/impact-blog-tags/math/,75%,,,,,
https://uncommonschools.org/impact-blog-tags/ap-research/,uncommonschools.org,yes,,,75,very thin,0,,0,https://uncommonschools.org/impact-blog-tags/advanced-placement/,100%,,,,,Nearly identical to another page: consider consolidating
https://uncommonschools.org/impact-blog-tags/ap-seminar/,uncommonschools.org,yes,,,75,very thin,0,,0,https://uncommonschools.org/impact-blog-tags/advanced-placement/,98%,,,,,Nearly identical to another page: consider consolidating
https://uncommonschools.org/impact-blog-tags/assessment/,uncommonschools.org,yes,,,130,thin,0,,0,,,,,,,
https://uncommonschools.org/impact-blog-tags/biology/,uncommonschools.org,yes,,,73,very thin,0,,0,https://uncommonschools.org/impact-blog-tags/advanced-placement/,98%,,,,,Nearly identical to another page: consider consolidating
https://uncommonschools.org/impact-blog-tags/calculus/,uncommonschools.org,yes,,,73,very thin,0,,0,https://uncommonschools.org/impact-blog-tags/advanced-placement/,98%,,,,,Nearly identical to another page: consider consolidating
https://uncommonschools.org/impact-blog-tags/chemistry/,uncommonschools.org,yes,,,73,very thin,0,,0,https://uncommonschools.org/impact-blog-tags/advanced-placement/,98%,,,,,Nearly identical to another page: consider consolidating
https://uncommonschools.org/impact-blog-tags/community/,uncommonschools.org,yes,,,73,very thin,0,,0,https://uncommonschools.org/impact-blog-tags/remote-learning/,93%,,,,,Nearly identical to another page: consider consolidating
https://uncommonschools.org/impact-blog-tags/computer-science/,uncommonschools.org,yes,,,75,very thin,0,,0,https://uncommonschools.org/impact-blog-tags/advanced-placement/,96%,,,,,Nearly identical to another page: consider consolidating
https://uncommonschools.org/impact-blog-tags/culturally-responsive-teaching/,uncommonschools.org,yes,,,77,very thin,0,,0,https://uncommonschools.org/impact-blog-tags/ela/,94%,,,,,Nearly identical to another page: consider consolidating
https://uncommonschools.org/impact-blog-tags/curriculum/,uncommonschools.org,yes,,,73,very thin,0,,0,https://uncommonschools.org/impact-blog-tags/small-group-instruction/,98%,,,,,Nearly identical to another page: consider consolidating
https://uncommonschools.org/impact-blog-tags/desmos/,uncommonschools.org,yes,,,130,thin,0,,0,,,,,,,
https://uncommonschools.org/impact-blog-tags/discourse/,uncommonschools.org,yes,,,130,thin,0,,0,,,,,,,
https://uncommonschools.org/impact-blog-tags/ela/,uncommonschools.org,yes,,,73,very thin,0,,0,https://uncommonschools.org/impact-blog-tags/writing/,100%,,,,,Nearly identical to another page: consider consolidating
https://uncommonschools.org/impact-blog-tags/elementary/,uncommonschools.org,yes,,,187,thin,0,,0,https://uncommonschools.org/impact-blog-tags/middle/,71%,,,,,
https://uncommonschools.org/impact-blog-tags/feedback/,uncommonschools.org,yes,,,130,thin,0,,0,https://uncommonschools.org/impact-blog-tags/principal-fellowship/,97%,,,,,Nearly identical to another page: consider consolidating
https://uncommonschools.org/impact-blog-tags/instructional-plans/,uncommonschools.org,yes,,,132,thin,0,,0,,,,,,,
https://uncommonschools.org/impact-blog-tags/just-in-time-instruction/,uncommonschools.org,yes,,,79,very thin,0,,0,https://uncommonschools.org/impact-blog-tags/small-group-instruction/,95%,,,,,Nearly identical to another page: consider consolidating
https://uncommonschools.org/impact-blog-tags/leadership-development/,uncommonschools.org,yes,,,132,thin,0,,0,https://uncommonschools.org/impact-blog-tags/feedback/,96%,,,,,Nearly identical to another page: consider consolidating
https://uncommonschools.org/impact-blog-tags/learning-loss/,uncommonschools.org,yes,,,132,thin,0,,0,,,,,,,
https://uncommonschools.org/impact-blog-tags/literacy/,uncommonschools.org,yes,,,130,thin,0,,0,,,,,,,
https://uncommonschools.org/impact-blog-tags/math/,uncommonschools.org,yes,,,187,thin,0,,0,https://uncommonschools.org/impact-blog-tags/algebra/,75%,,,,,
https://uncommonschools.org/impact-blog-tags/middle/,uncommonschools.org,yes,,,130,thin,0,,0,https://uncommonschools.org/impact-blog-tags/elementary/,71%,,,,,
https://uncommonschools.org/impact-blog-tags/principal-fellowship/,uncommonschools.org,yes,,,132,thin,0,,0,https://uncommonschools.org/impact-blog-tags/feedback/,97%,,,,,Nearly identical to another page: consider consolidating
https://uncommonschools.org/impact-blog-tags/purpose/,uncommonschools.org,yes,,,130,thin,0,,0,https://uncommonschools.org/impact-blog-tags/feedback/,97%,,,,,Nearly identical to another page: consider consolidating
https://uncommonschools.org/impact-blog-tags/reading/,uncommonschools.org,yes,,,130,thin,0,,0,,,,,,,
https://uncommonschools.org/impact-blog-tags/remote-learning/,uncommonschools.org,yes,,,75,very thin,0,,0,https://uncommonschools.org/impact-blog-tags/community/,93%,,,,,Nearly identical to another page: consider consolidating
https://uncommonschools.org/impact-blog-tags/remote-teaching/,uncommonschools.org,yes,,,189,thin,0,,0,,,,,,,
https://uncommonschools.org/impact-blog-tags/resource-for-leaders/,uncommonschools.org,yes,,,362,ok,0,,0,,,,,,,
https://uncommonschools.org/impact-blog-tags/resource-for-teachers/,uncommonschools.org,yes,,,1329,ok,0,,0,https://uncommonschools.org/impact-blog-categorys/resource-for-teachers/,72%,,,,,
https://uncommonschools.org/impact-blog-tags/resources-for-teachers/,uncommonschools.org,yes,,,588,ok,0,,0,,,,,,,
https://uncommonschools.org/impact-blog-tags/school-culture/,uncommonschools.org,yes,,,75,very thin,0,,0,https://uncommonschools.org/impact-blog-tags/community/,93%,,,,,Nearly identical to another page: consider consolidating
https://uncommonschools.org/impact-blog-tags/sel/,uncommonschools.org,yes,,,129,thin,0,,0,,,,,,,
https://uncommonschools.org/impact-blog-tags/small-group-instruction/,uncommonschools.org,yes,,,75,very thin,0,,0,https://uncommonschools.org/impact-blog-tags/curriculum/,98%,,,,,Nearly identical to another page: consider consolidating
https://uncommonschools.org/impact-blog-tags/student-feedback/,uncommonschools.org,yes,,,75,very thin,0,,0,https://uncommonschools.org/impact-blog-tags/ela/,98%,,,,,Nearly identical to another page: consider consolidating
https://uncommonschools.org/impact-blog-tags/student-wellness/,uncommonschools.org,yes,,,75,very thin,0,,0,,,,,,,Almost no content and nothing links to it: likely remove
https://uncommonschools.org/impact-blog-tags/summer-school/,uncommonschools.org,yes,,,75,very thin,0,,0,https://uncommonschools.org/impact-blog-categorys/summer-school/,96%,,,,,Nearly identical to another page: consider consolidating
https://uncommonschools.org/impact-blog-tags/sy-21-22/,uncommonschools.org,yes,,,75,very thin,0,,0,,,,,,,Almost no content and nothing links to it: likely remove
https://uncommonschools.org/impact-blog-tags/teacher-relationship/,uncommonschools.org,yes,,,132,thin,0,,0,https://uncommonschools.org/impact-blog-tags/feedback/,96%,,,,,Nearly identical to another page: consider consolidating
https://uncommonschools.org/impact-blog-tags/writing/,uncommonschools.org,yes,,,73,very thin,0,,0,https://uncommonschools.org/impact-blog-tags/ela/,100%,,,,,Nearly identical to another page: consider consolidating
https://uncommonschools.org/impact-blog-tags/writing-conferences/,uncommonschools.org,yes,,,75,very thin,0,,0,https://uncommonschools.org/impact-blog-tags/ela/,98%,,,,,Nearly identical to another page: consider consolidating
https://uncommonschools.org/impact-blog-tags/writing-cycle/,uncommonschools.org,yes,,,75,very thin,0,,0,https://uncommonschools.org/impact-blog-tags/ela/,98%,,,,,Nearly identical to another page: consider consolidating
https://uncommonschools.org/socials/were-thrilled-to-be-spending-the-next-two-days-with-teachers-and-leaders-at-our-workshop/,uncommonschools.org,yes,,,65,very thin,0,,0,,,,,,,Almost no content and nothing links to it: likely remove
https://uncommonschools.org/socials/we-were-honored-to-have-paolamendoza-artistic-director-of-womensmarch-visit-our-school-%e2%a0%80%e2%a0%80thank-you-for-inspiring-us-many-of-our-teachers-and-students-marched-in-manhatt/,uncommonschools.org,yes,,,131,thin,0,,0,,,,,,,
https://uncommonschools.org/socials/there-is-no-longer-a-closed-door-between-district-and-charter-schools-that-door-is-open-go-out-there-and-find-out-where-the-pockets-of-excellence-exist-share-what-you-are-learning-the-bes/,uncommonschools.org,yes,,,202,thin,0,,0,,,,,,,
https://uncommonschools.org/socials/were-at-uncommon-charter-high-school-today-with-115-nyc-department-of-education-teachers-and-leaders-for-our-uncommon-impact-training/,uncommonschools.org,yes,,,79,very thin,0,,0,,,,,,,Almost no content and nothing links to it: likely remove
https://uncommonschools.org/socials/its-not-every-day-you-get-to-hang-out-with-an-85-million-year-old-fish-amnh/,uncommonschools.org,yes,,,57,very thin,0,,0,,,,,,,Almost no content and nothing links to it: likely remove
https://uncommonschools.org/socials/brrr-its-cold-outside-heres-a-to-warm-and-sunny-september-when-it-was-perfect-for-an-excellence-girls-elementary-chalk-party-in-the-schoolyard/,uncommonschools.org,yes,,,92,very thin,0,,0,,,,,,,Almost no content and nothing links to it: likely remove
https://uncommonschools.org/socials/roxbury-prep-high-school-students-wowed-their-teachers-and-peers-with-their-ap-capstone-presentations/,uncommonschools.org,yes,,,61,very thin,0,,0,,,,,,,Almost no content and nothing links to it: likely remove
https://uncommonschools.org/socials/leadership-prep-brownsville-students-paid-tribute-to-martin-luther-king-jr-and-recreated-his-historic-i-have-a-dream-speech/,uncommonschools.org,yes,,,77,very thin,0,,0,,,,,,,Almost no content and nothing links to it: likely remove
https://uncommonschools.org/socials/today-we-remember-martin-luther-king-jr-and-celebrate-his-dream-of-a-more-just-world-%e2%a0%80%e2%a0%80he-remains-a-daily-inspiration-in-the-fight-for-social-justice-and-equality/,uncommonschools.org,yes,,,107,thin,0,,0,,,,,,,
https://uncommonschools.org/socials/it-was-a-stylish-week-at-williamsburg-collegiate-with-students-looking-cool-for-new-student-testing-day-an-honor-roll-breakfast-aaliyah-was-named-5th-grade-knight-of-the-week-and-king-cristian-cele/,uncommonschools.org,yes,,,138,thin,0,,0,,,,,,,
https://uncommonschools.org/socials/on-this-we-look-back-on-a-visit-to-north-star-academy-by-then-presidential-candidate-george-w-bush-in-2000-%e2%a0%80%e2%a0%80north-stars-wait-list-of-eager-families-had-grown-to-550-students-the/,uncommonschools.org,yes,,,200,thin,0,,0,,,,,,,
https://uncommonschools.org/socials/hands-in-the-air-if-youre-ready-to-this-week-%f0%9f%99%8c/,uncommonschools.org,yes,,,46,very thin,0,,0,,,,,,,Almost no content and nothing links to it: likely remove
https://uncommonschools.org/socials/in-10-days-we-head-to-albany-to-make-our-voices-heard-in-support-of-educational-equality%e2%a0%80/,uncommonschools.org,yes,,,67,very thin,0,,0,,,,,,,Almost no content and nothing links to it: likely remove
https://uncommonschools.org/socials/got-talent-these-roxbury-prep-lucy-stone-campus-students-do/,uncommonschools.org,yes,,,46,very thin,0,,0,,,,,,,Almost no content and nothing links to it: likely remove
https://uncommonschools.org/socials/excellence-girls-elementary-students-ended-2017-on-a-high-note-with-a-celebration-of-art-music-and-dance-were-looking-forward-to-expressing-ourselves-even-more-this-year/,uncommonschools.org,yes,,,100,thin,0,,0,,,,,,,
https://uncommonschools.org/socials/you-are-never-too-old-to-set-another-goal-or-to-dream-a-new-dream-%e2%a0%80-c-s-lewis%e2%a0%80%e2%a0%80happy-new-year-what-are-your-dreams-and-goals-for-2018%e2%a0%80/,uncommonschools.org,yes,,,102,thin,0,,0,,,,,,,
https://uncommonschools.org/socials/thank-you-for-so-many-amazing-memories-in-2017-we-cant-wait-to-with-you-in-2018/,uncommonschools.org,yes,,,71,very thin,0,,0,,,,,,,Almost no content and nothing links to it: likely remove
https://uncommonschools.org/socials/from-our-uncommon-family-to-yours-we-hope-you-have-a-magical-restful-and-peaceful-holiday-season-thank-you-for-your-continued-support-of-our-18000-students-who-because-of-you-are-on-the-path-to/,uncommonschools.org,yes,,,139,thin,0,,0,,,,,,,
https://uncommonschools.org/socials/rochester-west-campus-middle-school-students-showed-off-their-beautiful-voices-at-the-schools-holiday-concert/,uncommonschools.org,yes,,,64,very thin,0,,0,,,,,,,Almost no content and nothing links to it: likely remove
https://uncommonschools.org/socials/students-and-staff-headed-into-winter-break-on-a-fun-note-at-north-star-academy-vailsburg-middle-schools-winter-wobble/,uncommonschools.org,yes,,,76,very thin,0,,0,,,,,,,Almost no content and nothing links to it: likely remove
https://uncommonschools.org/socials/leadership-prep-canarsie-elementary-students-wowed-the-audience-at-their-annual-holiday-performance/,uncommonschools.org,yes,,,55,very thin,0,,0,,,,,,,Almost no content and nothing links to it: likely remove
https://uncommonschools.org/socials/your-this-week-watch-as-uncommon-charter-high-school-senior-jeanette-finds-out-she-got-into-columbia/,uncommonschools.org,yes,,,69,very thin,0,,0,,,,,,,Almost no content and nothing links to it: likely remove
https://uncommonschools.org/socials/next-month-well-head-to-albany-to-make-our-voices-heard-in-support-of-educational-equality%e2%a0%80%e2%a0%80uncommon-nyc-families-can-sign-up-to-join-us-here-https-goo-gl-forms-np1g73ho/,uncommonschools.org,yes,,,100,thin,0,,0,,,,,,,
https://uncommonschools.org/socials/we-built-the-path-to-college-at-our-annual-home-office-gingerbread-contest/,uncommonschools.org,yes,,,55,very thin,0,,0,,,,,,,Almost no content and nothing links to it: likely remove
https://uncommonschools.org/socials/with-the-first-night-of-hanukkah-last-night-troy-prep%e2%80%8b-elementary-school-students-got-into-the-holiday-spirit-with-i-have-a-little-dreidel-at-the-schools-holiday-co/,uncommonschools.org,yes,,,103,thin,0,,0,,,,,,,
https://uncommonschools.org/socials/north-star-academy-vailsburg-middle-school-students-received-a-devilishly-good-surprise-as-the-njdevils-mascot-and-former-player-ken-daneyko-visited-the-school%e2%a0%80%e2%a0%80thanks-for-stopping/,uncommonschools.org,yes,,,139,thin,0,,0,,,,,,,
https://uncommonschools.org/socials/this-uncommon-collegiate-charter-high-school-student-wanted-to-prank-her-college-counselor-by-pretending-she-was-admitted-to-depauwu-watch-what-happens-as-she-finds-out-the-jokes-on-her-and-that-s/,uncommonschools.org,yes,,,131,thin,0,,0,,,,,,,
https://uncommonschools.org/socials/that-feeling-when-you-find-out-you-got-into-wellesleycollege%e2%80%8b-%f0%9f%8e%89-%f0%9f%99%8c-%f0%9f%91%8f-congratulations-jessica/,uncommonschools.org,yes,,,45,very thin,0,,0,,,,,,,Almost no content and nothing links to it: likely remove
https://uncommonschools.org/socials/congratulations-to-the-student-athletes-of-kings-collegiate-on-another-successful-fall-athletics-season/,uncommonschools.org,yes,,,58,very thin,0,,0,,,,,,,Almost no content and nothing links to it: likely remove
https://uncommonschools.org/socials/this-rehearsal-video-has-us-so-excited-for-camden-preps-kwanzaa-celebration-next-week/,uncommonschools.org,yes,,,58,very thin,0,,0,,,,,,,Almost no content and nothing links to it: likely remove
https://uncommonschools.org/socials/these-uncommon-collegiate-charter-high-school-students-are-all-smiles-because-theyre-uccs-first-ever-posse-scholars%e2%a0%80%e2%a0%80as-posse-scholars-deanna-and-kieara-will-both/,uncommonschools.org,yes,,,283,ok,0,,0,,,,,,,
https://uncommonschools.org/socials/uncommon-charter-high-school-staff-members-more-than-75-of-them-showed-off-their-saber-pride-in-their-best-holiday-swag/,uncommonschools.org,yes,,,79,very thin,0,,0,,,,,,,Almost no content and nothing links to it: likely remove
https://uncommonschools.org/socials/were-happy-to-have-been-a-part-of-citis-5th-annual-campaign-and-are-so-grateful-our-students-had-the-opportunity-to-learn-about-the-stock-market-on-a-visit-to-citis-trading-floor-t/,uncommonschools.org,yes,,,137,thin,0,,0,,,,,,,
https://uncommonschools.org/socials/budding-student-journalists-from-rochester-prep-high-school-had-a-chance-to-interview-rochester-mayor-lovely-warren-for-a-photojournalism-projectthank-you-rittigers-for-your-partnership-and-for-th/,uncommonschools.org,yes,,,121,thin,0,,0,,,,,,,
https://uncommonschools.org/socials/troy-prep-had-a-packed-house-for-their-family-thanksgiving-dinner-last-week-it-was-so-great-to-see-so-many-families-we-are-thankful-for-you/,uncommonschools.org,yes,,,100,thin,0,,0,,,,,,,
https://uncommonschools.org/socials/we-were-thrilled-to-team-up-with-senator-jesse-hamilton-senator_hamilton-to-distribute-turkeys-to-community-members-in-need-for-thanksgiving-this-year/,uncommonschools.org,yes,,,85,very thin,0,,0,,,,,,,Almost no content and nothing links to it: likely remove
https://uncommonschools.org/socials/happy-thanksgiving-from-our-uncommon-family-to-yours-this-year-like-every-year-were-thankful-for-you/,uncommonschools.org,yes,,,67,very thin,0,,0,,,,,,,Almost no content and nothing links to it: likely remove
https://uncommonschools.org/socials/roxbury-prep-high-school-students-who-made-the-honor-roll-celebrated-with-a-special-breakfast-great-work-students/,uncommonschools.org,yes,,,70,very thin,0,,0,,,,,,,Almost no content and nothing links to it: likely remove
https://uncommonschools.org/socials/congratulations-to-the-kings-collegiate-varsity-volleyball-team-on-wrapping-up-a-successful-season/,uncommonschools.org,yes,,,58,very thin,0,,0,,,,,,,Almost no content and nothing links to it: likely remove
https://uncommonschools.org/socials/these-rochester-prep-4th-grade-students-didnt-throw-away-their-shot-and-killed-it-with-this-performance-of-my-shot-from-hamiltonmusical-thanks-for-being-in-the-room-where/,uncommonschools.org,yes,,,112,thin,0,,0,,,,,,,
https://uncommonschools.org/socials/when-you-can-just-feel-yourself-getting-smarter/,uncommonschools.org,yes,,,40,very thin,0,,0,,,,,,,Almost no content and nothing links to it: likely remove
https://uncommonschools.org/socials/north-star-academy-high-school-students-had-a-chance-to-meet-former-vice-president-joe-biden-and-ask-him-questions-about-his-life-in-public-service-and-his-new-book-at-audible_com-yesterday-%e2%a0%80/,uncommonschools.org,yes,,,133,thin,0,,0,,,,,,,
https://uncommonschools.org/socials/when-you-need-to-get-the-whole-squad-in-the-picture%e2%a0%80%e2%a0%80great-photo-troy-prep-elementary/,uncommonschools.org,yes,,,66,very thin,0,,0,,,,,,,Almost no content and nothing links to it: likely remove
https://uncommonschools.org/socials/groovy-excellence-girls-staff-and-students-got-decked-out-in-their-disco-gear-for-that-70s-day/,uncommonschools.org,yes,,,67,very thin,0,,0,,,,,,,Almost no content and nothing links to it: likely remove
https://uncommonschools.org/socials/north-star-academy-washington-park-high-school-students-visited-the-trading-floor-at-citi-to-get-a-first-hand-look-at-what-its-like-to-work-in-finance-%e2%a0%80%e2%a0%80thanks-for-having-us/,uncommonschools.org,yes,,,112,thin,0,,0,,,,,,,
https://uncommonschools.org/socials/leadership-prep-canarsie-students-conquered-bear-mountain/,uncommonschools.org,yes,,,36,very thin,0,,0,,,,,,,Almost no content and nothing links to it: likely remove
https://uncommonschools.org/socials/leadership-prep-ocean-hill-school-leaders-traveled-to-washington-d-c-to-receive-the-schools-national-blue-ribbon-award-a-prize-awarded-to-only-the-highest-achieving-schools-in-the-nation%e2%a0%80/,uncommonschools.org,yes,,,145,thin,0,,0,,,,,,,
https://uncommonschools.org/socials/ocean-hill-collegiate-students-got-a-taste-of-college-life-on-a-field-trip-to-columbia/,uncommonschools.org,yes,,,64,very thin,0,,0,,,,,,,Almost no content and nothing links to it: likely remove
https://uncommonschools.org/socials/thank-you-to-our-uncommon-staff-families-and-community-members-who-made-this-weekends-fall-festival-such-an-amazing-day/,uncommonschools.org,yes,,,76,very thin,0,,0,,,,,,,Almost no content and nothing links to it: likely remove
https://uncommonschools.org/socials/uncommon-nyc-2018-2019-lottery-applications-for-kindergarten-and-5th-grade-are-now-open-learn-more-and-apply-today-at-uncommonschools-org-enrollnyc/,uncommonschools.org,yes,,,75,very thin,0,,0,,,,yes,,,
https://uncommonschools.org/socials/leadership-prep-canarsie-students-observed-creatures-big-and-small-on-a-trip-to-the-bronx-zoo/,uncommonschools.org,yes,,,64,very thin,0,,0,,,,,,,Almost no content and nothing links to it: likely remove
https://uncommonschools.org/socials/we-believe-that-they-can-all-achieve-at-high-rates-so-i-wanted-to-take-that-chance-to-be-on-the-right-side-of-history-%e2%a0%80-%e2%a0%80in-2014-uncommon-undertook-its-first-turna/,uncommonschools.org,yes,,,321,ok,0,,0,,,,,,,
https://uncommonschools.org/socials/today-you-are-you-that-is-truer-than-true-there-is-no-one-alive-that-is-you-er-than-you-dr-seuss%e2%a0%80%e2%a0%80happy-storybook-character-day-from-excellence-girls/,uncommonschools.org,yes,,,108,thin,0,,0,,,,,,,
https://uncommonschools.org/socials/leadership-brownsville-students-celebrated-receiving-a-75-or-above-on-their-first-math-ia-with-an-in-the-green-day/,uncommonschools.org,yes,,,76,very thin,0,,0,,,,,,,Almost no content and nothing links to it: likely remove
https://uncommonschools.org/socials/roxbury-prep-dorchester-campus-has-its-own-superheroes-ready-to-save-the-day-%f0%9f%92%aa/,uncommonschools.org,yes,,,54,very thin,0,,0,,,,,,,Almost no content and nothing links to it: likely remove
https://uncommonschools.org/socials/roxbury-prep-lucy-stone-campus-students-tested-their-hypotheses-with-science-experiments-at-the-northeastern-chemistry-lab-thanks-for-having-us/,uncommonschools.org,yes,,,78,very thin,0,,0,,,,,,,Almost no content and nothing links to it: likely remove
https://uncommonschools.org/socials/kings-elementary-school-families-were-bookworms-at-the-schools-first-family-friday-of-the-year/,uncommonschools.org,yes,,,61,very thin,0,,0,,,,,,,Almost no content and nothing links to it: likely remove
https://uncommonschools.org/socials/uncommon-principals-came-together-for-professional-development-at-troy-prep-even-our-school-leaders-are-never-done-learning/,uncommonschools.org,yes,,,73,very thin,0,,0,,,,,,,Almost no content and nothing links to it: likely remove
https://uncommonschools.org/socials/thank-you-to-the-hundreds-of-families-and-staff-members-who-attended-the-inaugural-north-star-academy-and-camden-prep-fall-festival-%e2%a0%80%e2%a0%80we-had-a-blast-coming-together-as-a-community-t/,uncommonschools.org,yes,,,154,thin,0,,0,,,,,,,
https://uncommonschools.org/socials/boo-leadership-prep-canarsie-students-scared-up-some-fun-as-mummies-at-the-halloween-relay-race/,uncommonschools.org,yes,,,64,very thin,0,,0,,,,,,,Almost no content and nothing links to it: likely remove
https://uncommonschools.org/socials/thank-you-to-the-national-association-of-charter-school-authorizers-for-inviting-us-to-present-on-our-district-charter-partnership-with-the-new-york-city-department-of-education%e2%a0%80%e2%a0%80we/,uncommonschools.org,yes,,,183,thin,0,,0,,,,,,,
https://uncommonschools.org/socials/thank-you-to-former-u-s-education-secretary-arne-duncan-for-moderating-a-conversation-at-charter-school-growth-funds-retreat-with-uncommon-alumna-joemi-espinal-uchs-class-of-2013-%e2%a0%80/,uncommonschools.org,yes,,,232,thin,0,,0,,,,,,,
https://uncommonschools.org/socials/uncommon-nyc-families-were-out-in-full-force-in-brooklyn-today-to-rally-for-education-equality/,uncommonschools.org,yes,,,64,very thin,0,,0,,,,,,,Almost no content and nothing links to it: likely remove
https://uncommonschools.org/socials/leadership-prep-canarsie-got-decked-out-in-pink-for-a-good-cause-this-weekend-at-the-making-strides-against-breast-cancer-walk-at-coney-island/,uncommonschools.org,yes,,,91,very thin,0,,0,,,,,,,Almost no content and nothing links to it: likely remove
https://uncommonschools.org/socials/get-a-birds-eye-view-of-morning-dodgeball-at-roxbury-prep-lucy-stone-campus/,uncommonschools.org,yes,,,55,very thin,0,,0,,,,,,,Almost no content and nothing links to it: likely remove
https://uncommonschools.org/socials/that-friday-feeling-troy-prep-middle-school-students-are-celebrating-completing-the-first-round-of-interim-assessments-this-year/,uncommonschools.org,yes,,,73,very thin,0,,0,,,,,,,Almost no content and nothing links to it: likely remove
https://uncommonschools.org/socials/fall-has-arrived-and-camden-prep-students-are-embracing-the-season/,uncommonschools.org,yes,,,49,very thin,0,,0,,,,,,,Almost no content and nothing links to it: likely remove
https://uncommonschools.org/socials/kings-collegiate-students-reached-new-heights-on-their-trip-to-the-liberty-science-center/,uncommonschools.org,yes,,,58,very thin,0,,0,,,,,,,Almost no content and nothing links to it: likely remove
https://uncommonschools.org/socials/excellence-girls-5th-and-6th-grade-students-got-a-taste-of-college-life-at-columbia-and-ccnycitycollege/,uncommonschools.org,yes,,,67,very thin,0,,0,,,,,,,Almost no content and nothing links to it: likely remove
https://uncommonschools.org/socials/roxbury-prep-students-took-class-bonding-to-new-heights-on-a-mountain-hike/,uncommonschools.org,yes,,,55,very thin,0,,0,,,,,,,Almost no content and nothing links to it: likely remove
https://uncommonschools.org/socials/brownsville-collegiate-students-celebrated-hispanic-heritage-month-with-dances-performances-and-student-speeches/,uncommonschools.org,yes,,,55,very thin,0,,0,,,,,,,Almost no content and nothing links to it: likely remove
https://uncommonschools.org/socials/kings-collegiate-students-welcomed-october-with-the-perfect-fall-activity-pumpkin-picking/,uncommonschools.org,yes,,,52,very thin,0,,0,,,,,,,Almost no content and nothing links to it: likely remove
https://uncommonschools.org/socials/our-students-tremendous-achievement-on-the-2017-new-jersey-parcc-exams-continues-to-prove-that-zip-code-is-not-destiny-%e2%a0%80%e2%a0%80for-more-information-on-our-results-visit-uncommo/,uncommonschools.org,yes,,,105,thin,0,,0,,,,,,,
https://uncommonschools.org/socials/today-was-a-big-day-at-leadership-prep-ocean-hill-as-students-learned-the-school-was-named-a-national-blue-ribbon-school-an-honor-given-to-only-the-highest-performing-schools-in-the-country-news-1/,uncommonschools.org,yes,,,142,thin,0,,0,,,,,,,
https://uncommonschools.org/socials/we-are-thrilled-to-announce-that-leadership-prep-ocean-hill-has-been-awarded-the-national-blue-ribbon-award-by-the-u-s-department-of-education-a-prize-only-awarded-to-the-highest-achieving-schools-i/,uncommonschools.org,yes,,,187,thin,0,,0,,,,,,,
https://uncommonschools.org/socials/are-you-at-come-say-hi-were-in-booth-354/,uncommonschools.org,yes,,,46,very thin,0,,0,,,,,,,Almost no content and nothing links to it: likely remove
https://uncommonschools.org/socials/leadership-prep-brownsville-students-participated-in-a-community-meeting-about-college-acceptance-and-how-to-set-themselves-up-for-success/,uncommonschools.org,yes,,,76,very thin,0,,0,,,,,,,Almost no content and nothing links to it: likely remove
https://uncommonschools.org/socials/excellence-girls-recently-celebrated-the-100th-day-of-school-we-are-100-days-smarter-but-we-feel-100-years-wiser/,uncommonschools.org,yes,,,78,very thin,0,,0,,,,,,,Almost no content and nothing links to it: likely remove
https://uncommonschools.org/socials/hold-fast-to-dreams-for-if-dreams-die-life-is-a-broken-winged-bird-that-cannot-fly-%e2%a0%80-langston-hughes/,uncommonschools.org,yes,,,71,very thin,0,,0,,,,,,,Almost no content and nothing links to it: likely remove
https://uncommonschools.org/socials/we-hope-you-have-a-truly-super-sunday-like-these-roxbury-prep-high-school-students-%f0%9f%8f%88/,uncommonschools.org,yes,,,62,very thin,0,,0,,,,,,,Almost no content and nothing links to it: likely remove
https://uncommonschools.org/socials/leaving-behind-nights-of-terror-and-fear%e2%a0%80i-rise%e2%a0%80into-a-daybreak-thats-wondrously-clear%e2%a0%80i-rise%e2%a0%80bringing-the-gifts-that-my-ancestors-gave%e2%a0%80i-am-the/,uncommonschools.org,yes,,,143,thin,0,,0,,,,,,,
https://uncommonschools.org/socials/i-feel-like-im-a-step-ahead-of-other-students-going-into-college-%e2%a0%80%e2%a0%80rochester-prep-high-school-students-recently-completed-capstone-projects-partnering-wit/,uncommonschools.org,yes,,,193,thin,0,,0,,,,,,,
https://uncommonschools.org/socials/this-month-and-every-month-we-celebrate-the-countless-black-historical-figures-who-worked-tirelessly-for-equality-and-social-justice-%e2%a0%80%e2%a0%80and-were-inspired-by-those/,uncommonschools.org,yes,,,146,thin,0,,0,,,,,,,
https://uncommonschools.org/socials/another-day-another-step-closer-to-college-for-our-students/,uncommonschools.org,yes,,,45,very thin,0,,0,,,,,,,Almost no content and nothing links to it: likely remove
https://uncommonschools.org/socials/were-thrilled-to-partner-with-morehouse1867-for-a-teach-like-a-champion-workshop%e2%a0%80%e2%a0%80through-this-partnership-we-continue-our-mission-of-increasing-the-number-of-black-men-e/,uncommonschools.org,yes,,,138,thin,0,,0,,,,,,,
https://uncommonschools.org/socials/theyre-not-throwing-away-their-shot-%f0%9f%92%83-north-star-academy-vailsburg-middle-school-students-tore-up-the-stage-with-a-night-of-music-by-lin-manuel-miranda-including-this-song-from-hamilto/,uncommonschools.org,yes,,,33,very thin,0,,0,,,,,,,Almost no content and nothing links to it: likely remove
https://uncommonschools.org/socials/a-girl-should-be-two-things-who-and-what-she-wants/,uncommonschools.org,yes,,,49,very thin,0,,0,,,,,,,Almost no content and nothing links to it: likely remove
https://uncommonschools.org/socials/snowed-in-no-better-time-to-polish-up-your-resume-and-take-the-first-step-on-your-next-career-journey-learn-more-about-how-you-can-with-uncommon-schools-and-apply-today-at-uncommonschools-org-caree/,uncommonschools.org,yes,,,118,thin,0,,0,,,,yes,,,
https://uncommonschools.org/socials/we-were-thrilled-to-sit-down-with-morehouse1867-president-david-a-thomas-this-evening-to-discuss-how-we-can-continue-to-partner-together-to-increase-the-number-of-black-men-entering-the-teaching-pro/,uncommonschools.org,yes,,,120,thin,0,,0,,,,,,,
https://uncommonschools.org/socials/north-star-academy-vailsburg-elementary-students-let-their-friends-know-theyve-got-star-power-at-a-pep-rally-for-the-upcoming-parcc-exams/,uncommonschools.org,yes,,,84,very thin,0,,0,,,,,,,Almost no content and nothing links to it: likely remove
https://uncommonschools.org/socials/this-leadership-prep-canarsie-teacher-and-his-students-went-on-a-journey-to-wakanda-with-a-trip-to-see-black-panther/,uncommonschools.org,yes,,,79,very thin,0,,0,,,,,,,Almost no content and nothing links to it: likely remove
https://uncommonschools.org/socials/who-run-the-world-girls-%e2%a0%80%e2%a0%80this-month-and-every-month-we-celebrate-the-women-past-and-present-who-inspire-us-every-day-with-their-fierce-pursuit-of-equality/,uncommonschools.org,yes,,,103,thin,0,,0,,,,,,,
https://uncommonschools.org/socials/black-history-month-is-more-than-just-a-month-its-learning-remembering-and-celebrating-all-year-long/,uncommonschools.org,yes,,,68,very thin,0,,0,,,,,,,Almost no content and nothing links to it: likely remove
https://uncommonschools.org/socials/north-star-academy-fairmount-elementary-school-students-flew-their-way-through-pivotal-moments-in-black-history-for/,uncommonschools.org,yes,,,68,very thin,0,,0,,,,,,,Almost no content and nothing links to it: likely remove
https://uncommonschools.org/socials/not-just-this-month-but-every-day-of-every-month-of-every-year/,uncommonschools.org,yes,,,59,very thin,0,,0,,,,,,,Almost no content and nothing links to it: likely remove
https://uncommonschools.org/socials/dream-like-martin%e2%a0%80lead-like-harriet-%e2%a0%80fight-like-malcolm%e2%a0%80think-like-garvey-%e2%a0%80write-like-maya%e2%a0%80build-like-madam-cj%e2%a0%80speak-like-frederick%e2%a0%80educa/,uncommonschools.org,yes,,,118,thin,0,,0,,,,,,,
https://uncommonschools.org/socials/the-support-that-the-teachers-give-you-in-your-dreams-and-in-your-classes-really-helps-you-towards-building-a-better-future-watch-north-star-academy-students-talk-about-the-power-of/,uncommonschools.org,yes,,,129,thin,0,,0,,,,,,,
https://uncommonschools.org/socials/brownsville-collegiate-students-learned-more-about-kente-cloth-the-most-widely-known-type-of-african-cloth-at-the-schools-diaspora-day/,uncommonschools.org,yes,,,80,very thin,0,,0,,,,,,,Almost no content and nothing links to it: likely remove
https://uncommonschools.org/socials/uncommon-is-thrilled-to-participate-in-teachforamerica-2018-school-leaders-of-color-conference-in-denver-swing-by-table-19-today-at-the-resource-and-opportunities-fair-to-chat-with-us-we-will-also/,uncommonschools.org,yes,,,147,thin,0,,0,,,,,,,
https://uncommonschools.org/socials/in-celebrating-their-25th-anniversary-teach-for-america-new-jersey-highlighted-our-very-own-julie-jackson-who-was-a-1994-corps-member-congratulations-tfa-nj-on-25-years-http-bit-ly-2fmvr3j/,uncommonschools.org,yes,,,102,thin,0,,0,,,,,,,
https://uncommonschools.org/socials/martins-dream-is-forever/,uncommonschools.org,yes,,,29,very thin,0,,0,,,,,,,Almost no content and nothing links to it: likely remove
https://uncommonschools.org/socials/north-star-academy-alexander-street-elementary-students-celebrated-historical-figures-like-martin-luther-king-jr-at-the-schools-morning-circle/,uncommonschools.org,yes,,,77,very thin,0,,0,,,,,,,Almost no content and nothing links to it: likely remove
https://uncommonschools.org/socials/we-march-for-freedom-now%e2%a0%80%e2%a0%80north-star-academy-liberty-elementary-students-reenacted-pivotal-moments-from-history-at-the-schools-performance/,uncommonschools.org,yes,,,80,very thin,0,,0,,,,,,,Almost no content and nothing links to it: likely remove
https://uncommonschools.org/socials/the-most-luxurious-possession-the-richest-treasure-anybody-has-is-his-personal-dignity-%e2%a0%80-jackie-robinson/,uncommonschools.org,yes,,,63,very thin,0,,0,,,,,,,Almost no content and nothing links to it: likely remove
https://uncommonschools.org/socials/north-star-academy-elementary-school-6-students-celebrated-heroes-of-the-civil-rights-movement-at-a-morning-circle/,uncommonschools.org,yes,,,70,very thin,0,,0,,,,,,,Almost no content and nothing links to it: likely remove
https://uncommonschools.org/socials/when-you-know-exactly-what-you-want-to-buy-at-the-scholar-dollar-auction/,uncommonschools.org,yes,,,58,very thin,0,,0,,,,,,,Almost no content and nothing links to it: likely remove
https://uncommonschools.org/socials/on-this-valentines-day-were-feeling-nothing-but-love-for-our-entire-uncommon-family/,uncommonschools.org,yes,,,58,very thin,0,,0,,,,,,,Almost no content and nothing links to it: likely remove
https://uncommonschools.org/socials/good-morning-from-uncommon-charter-high-school-where-were-diving-into-a-great-habits-great-readers-session-with-nyc-department-of-education-teachers-and-leaders/,uncommonschools.org,yes,,,91,very thin,0,,0,,,,,,,Almost no content and nothing links to it: likely remove
https://uncommonschools.org/socials/congratulations-to-roxbury-prep-high-school-student-jadara-for-winning-the-city-of-bostons-black-history-month-art-competition-with-her-original-spoken-word-piece-unbothered/,uncommonschools.org,yes,,,93,very thin,0,,0,,,,,,,Almost no content and nothing links to it: likely remove
https://uncommonschools.org/socials/enoughisenough/,uncommonschools.org,yes,,,18,very thin,0,,0,,,,,,,Almost no content and nothing links to it: likely remove
https://uncommonschools.org/socials/guns-arent-worth-it-but-education-is-worth-it/,uncommonschools.org,yes,,,43,very thin,0,,0,,,,,,,Almost no content and nothing links to it: likely remove
https://uncommonschools.org/socials/how-many-digits-of-pi-do-you-know-one-roxbury-prep-student-memorized-336-digits-to-top-off-celebrations-students-had-the-chance-to-pie-their-teachers/,uncommonschools.org,yes,,,98,very thin,0,,0,,,,,,,Almost no content and nothing links to it: likely remove
https://uncommonschools.org/socials/camden-prep-students-have-big-dreams-no-matter-what-they-want-to-be-when-they-grow-up-we-know-that-with-a-great-education-theyll/,uncommonschools.org,yes,,,91,very thin,0,,0,,,,,,,Almost no content and nothing links to it: likely remove
https://uncommonschools.org/socials/congratulations-to-nikki-bowen-senior-principal-at-excellence-boys-and-excellence-girls-for-being-named-a-woman-of-excellence-by-senator_hamilton/,uncommonschools.org,yes,,,78,very thin,0,,0,,,,,,,Almost no content and nothing links to it: likely remove
https://uncommonschools.org/socials/how-can-students-use-their-voices-for-change-and-call-for-an-end-to-violence-in-their-communities%e2%a0%80%e2%a0%80leadership-prep-canarsie-partnered-with-the-crown-heights-community-mediation-cent/,uncommonschools.org,yes,,,145,thin,0,,0,,,,,,,
https://uncommonschools.org/socials/through-research-projects-with-rittigers-faculty-and-students-rochester-prep-high-school-seniors-received-hands-on-college-level-experience-in-fields-theyre-passionate-about-%e2%a0%80%e2%a0%80r/,uncommonschools.org,yes,,,153,thin,0,,0,,,,,,,
https://uncommonschools.org/socials/enough-marchforourlives/,uncommonschools.org,yes,,,21,very thin,0,,0,,,,,,,Almost no content and nothing links to it: likely remove
https://uncommonschools.org/socials/uncommon-students-families-and-staff-members-take-to-the-streets-of-dc-for/,uncommonschools.org,yes,,,55,very thin,0,,0,,,,,,,Almost no content and nothing links to it: likely remove
https://uncommonschools.org/socials/and-because-hes-thriving-hes-going-to-college-i-believe-that-and-he-believes-that-and-no-one-better-think-they-can-take-that-away-from-us-%e2%a0%80-north-star-a/,uncommonschools.org,yes,,,185,thin,0,,0,,,,,,,
https://uncommonschools.org/socials/the-leadership-prep-canarsie-cheer-squad-has-s-p-i-r-i-t-s-p-i-r-i-t-spirit%e2%a0%80%e2%a0%80here-they-are-prepping-to-cheer-along-during-the-schools-march-madness-basketball-tournament/,uncommonschools.org,yes,,,90,very thin,0,,0,,,,,,,Almost no content and nothing links to it: likely remove
https://uncommonschools.org/socials/our-crowdfunding-campaign-to-send-uncommon-high-school-students-to-the-summer-programs-of-their-dreams-is-open-through-april-13%e2%a0%80%e2%a0%80support-an-today-at-wishbone-org-uncommon-summer/,uncommonschools.org,yes,,,97,very thin,0,,0,,,,,,,Almost no content and nothing links to it: likely remove
https://uncommonschools.org/socials/captured-on-snapchat-jason-a-senior-at-uncommon-preparatory-charter-high-school-finds-out-he-got-into-mitpics-congratulations-jason/,uncommonschools.org,yes,,,75,very thin,0,,0,,,,,,,Almost no content and nothing links to it: likely remove
https://uncommonschools.org/socials/today-we-remember-dr-martin-luther-king-jr-whose-life-was-tragically-cut-short-by-an-assassins-bullet-50-years-ago-today-%e2%a0%80%e2%a0%80his-words-his-actions-and-his-vision-for-a-more-jus/,uncommonschools.org,yes,,,142,thin,0,,0,,,,,,,
https://uncommonschools.org/socials/theres-nothing-wrong-in-education-that-cant-be-fixed-by-whats-right-in-education-%e2%a0%80%e2%a0%80it-was-great-to-hear-from-former-uncommon-managing-director/,uncommonschools.org,yes,,,127,thin,0,,0,,,,,,,
https://uncommonschools.org/socials/good-morning-from-new-haven-if-youre-at-the-yale-som-education-leadership-conference-come-say-hi-today-were-at-table-11/,uncommonschools.org,yes,,,82,very thin,0,,0,,,,,,,Almost no content and nothing links to it: likely remove
https://uncommonschools.org/socials/roxbury-prep-high-school-celebrated-its-honor-roll-students-and-students-nominated-for-the-schools-sonia-sotomayor-society-for-embodying-justice-and-commitment-to-others-congratulations-eve/,uncommonschools.org,yes,,,97,very thin,0,,0,,,,,,,Almost no content and nothing links to it: likely remove
https://uncommonschools.org/socials/we-were-thrilled-to-have-two-uncommon-staff-members-as-panelists-at-last-weeks-yale-school-of-management-education-leadership-conference%e2%a0%80%e2%a0%80our-senior-director-of-data-analyt/,uncommonschools.org,yes,,,223,thin,0,,0,,,,,,,
https://uncommonschools.org/socials/leadership-prep-canarsie-students-are-stepping-up-their-chicken-dance-game/,uncommonschools.org,yes,,,48,very thin,0,,0,,,,,,,Almost no content and nothing links to it: likely remove
https://uncommonschools.org/socials/every-movement-needs-a-leader-uncommon-schools-is-hiring-principal-fellows-and-operations-fellows-to-lead-great-schools-and-help-us-learn-more-and-apply-today-bit-ly-2r3ozco-link-in-profile/,uncommonschools.org,yes,,,109,thin,0,,0,https://uncommonschools.org/socials/every-movement-needs-a-leader-uncommon-schools-is-hiring-principal-fellows-and-operations-fellows-to-lead-great-schools-and-help-us-learn-more-and-apply-today-bit-ly-2r3ozco-link-in-profile-2/,94%,,yes,,,Nearly identical to another page: consider consolidating
https://uncommonschools.org/socials/we-were-proud-to-have-the-opportunity-to-present-about-our-partnership-with-the-new-york-city-department-of-education-at-the-aera_edresearch-conference%e2%a0%80%e2%a0%80were-always-excited-to-sh/,uncommonschools.org,yes,,,148,thin,0,,0,,,,,,,
https://uncommonschools.org/socials/%e2%80%aatoday-we-welcomed-more-than-60-colleges-and-universities-to-uncommon-charter-hs-for-a-college-fair-attended-by-uncommon-and-achievement1st-juniors%e2%80%ac/,uncommonschools.org,yes,,,85,very thin,0,,0,,,,,,,Almost no content and nothing links to it: likely remove
https://uncommonschools.org/socials/kindergarten-students-at-troy-prep-elementary-got-ready-for-earth-day-by-teaching-their-peers-about-recycling/,uncommonschools.org,yes,,,67,very thin,0,,0,,,,,,,Almost no content and nothing links to it: likely remove
https://uncommonschools.org/socials/amahri-a-north-star-academy-senior-became-north-stars-first-student-to-receive-a-division-i-athletics-scholarship-shell-continue-running-circles-around-the-competition-at-manhattanedu-n/,uncommonschools.org,yes,,,108,thin,0,,0,,,,,,,
https://uncommonschools.org/socials/every-movement-needs-a-leader-uncommon-schools-is-hiring-principal-fellows-and-operations-fellows-to-lead-great-schools-and-help-us-learn-more-and-apply-today-link-in-profile-%e2%98%9d%ef%b8%8f-b/,uncommonschools.org,yes,,,109,thin,0,,0,https://uncommonschools.org/socials/every-movement-needs-a-leader-uncommon-schools-is-hiring-principal-fellows-and-operations-fellows-to-lead-great-schools-and-help-us-learn-more-and-apply-today-bit-ly-2r3ozco-link-in-profile/,85%,,yes,,,Nearly identical to another page: consider consolidating
https://uncommonschools.org/socials/were-so-proud-of-our-north-star-academy-high-school-students-jahne-and-lynn-for-making-history-they-won-the-highly-prestigious-harvard-high-school-policy-debate-tournament-by-all-accounts/,uncommonschools.org,yes,,,285,ok,0,,0,,,yes,,,,
https://uncommonschools.org/socials/every-movement-needs-a-leader-uncommon-schools-is-hiring-principal-fellows-and-operations-fellows-to-lead-great-schools-and-help-us-learn-more-and-apply-today-bit-ly-2r3ozco-link-in-profile-2/,uncommonschools.org,yes,,,106,thin,0,,0,https://uncommonschools.org/socials/every-movement-needs-a-leader-uncommon-schools-is-hiring-principal-fellows-and-operations-fellows-to-lead-great-schools-and-help-us-learn-more-and-apply-today-bit-ly-2r3ozco-link-in-profile-3/,97%,,yes,,,Nearly identical to another page: consider consolidating
https://uncommonschools.org/socials/uncommon-high-school-students-made-history-today-raveen-and-gabi-are-the-first-team-of-black-women-in-history-to-make-it-to-the-elimination-rounds-top-8-teams-in-the-tournament-of-champions-the-mo/,uncommonschools.org,yes,,,255,ok,0,,0,,,,,,,
https://uncommonschools.org/socials/kindergartners-at-uncommon-schools-leadership-prep-brownsville-are-excited-to-show-off-their-favorite-books-on-pajama-day/,uncommonschools.org,yes,,,69,very thin,0,,0,,,,,,,Almost no content and nothing links to it: likely remove
https://uncommonschools.org/socials/students-at-uncommon-collegiate-ran-past-their-exam-fears-at-their-ap-exam-pep-rally-were-thrilled-that-100-of-sophomores-juniors-and-seniors-at-ucc-are-taking-at-least-one-ap-exam-this-week/,uncommonschools.org,yes,,,141,thin,0,,0,,,,,,,
https://uncommonschools.org/socials/every-movement-needs-a-leader-uncommon-schools-is-hiring-principal-fellows-and-operations-fellows-to-lead-great-schools-and-help-us-learn-more-and-apply-today-bit-ly-2r3ozco-link-in-profile-3/,uncommonschools.org,yes,,,106,thin,0,,0,https://uncommonschools.org/socials/every-movement-needs-a-leader-uncommon-schools-is-hiring-principal-fellows-and-operations-fellows-to-lead-great-schools-and-help-us-learn-more-and-apply-today-bit-ly-2r3ozco-link-in-profile-2/,97%,,yes,,,Nearly identical to another page: consider consolidating
https://uncommonschools.org/socials/at-uncommon-schools-we-believe-in-the-potential-of-every-teacher-thank-you-to-all-of-our-2000-teachers-who-work-to-for-our-students-every-day/,uncommonschools.org,yes,,,98,very thin,0,,0,,,,,,,Almost no content and nothing links to it: likely remove
https://uncommonschools.org/news/when-educators-act-like-gateways-rather-than-gatekeepers-students-are-more-likely-to-get-through-college/,uncommonschools.org,yes,,,52,very thin,0,,0,,,,,67,2.1,Almost no content and nothing links to it: likely remove
https://uncommonschools.org/news/how-one-charter-network-recruits-diverse-teachers/,uncommonschools.org,yes,,,36,very thin,0,,0,,,,,,,Almost no content and nothing links to it: likely remove
https://uncommonschools.org/news/college-data-ranks-charter-alumni-growth/,uncommonschools.org,yes,,,182,thin,1,,0,,,,,,,
https://uncommonschools.org/news/reflections-on-el-paso-and-dayton/,uncommonschools.org,yes,,,389,ok,0,,0,,,,,,,
https://uncommonschools.org/news/i-want-to-work-for-a-firm-helping-clients-like-uncommon-schools/,uncommonschools.org,yes,,,123,thin,0,,0,,,,,,,
https://uncommonschools.org/news/jay-matthews-teachers-use-countdown-clocks-as-classroom-tool/,uncommonschools.org,yes,,,143,thin,0,,0,,,,,,,
https://uncommonschools.org/news/uncommon-schools-partners-with-citi-for-e-for-education-campaign/,uncommonschools.org,yes,,,174,thin,0,,0,,,,,,,
https://uncommonschools.org/news/julie-jackson-speaks-to-educators-in-london/,uncommonschools.org,yes,,,361,ok,0,,0,,,,,,,
https://uncommonschools.org/news/roxbury-prep-football-makes-history/,uncommonschools.org,yes,,,148,thin,2,,0,,,,,,,
https://uncommonschools.org/news/paul-bambrick-santoyo-coaching-culture/,uncommonschools.org,yes,,,208,thin,0,,0,,,,,,,
https://uncommonschools.org/news/roxbury-prep-students-share-their-stories-at-parade/,uncommonschools.org,yes,,,266,ok,2,,0,,,,,,,
https://uncommonschools.org/news/roxbury-prep-principal-and-alumna-featured-by-wbz-tv/,uncommonschools.org,yes,,,148,thin,1,,0,,,,,,,
https://uncommonschools.org/news/schools-namesake-celebrated-by-dorchester-historical-society/,uncommonschools.org,yes,,,141,thin,1,,0,,,,,,,
https://uncommonschools.org/news/roxbury-prep-alumni-highlighted-by-national-alliance-for-public-charter-schools/,uncommonschools.org,yes,,,149,thin,0,,0,,,,,,,
https://uncommonschools.org/news/roxbury-prep-graduates-its-first-high-school-class/,uncommonschools.org,yes,,,164,thin,1,,0,,,,,,,
https://uncommonschools.org/news/boston-globe-at-roxbury-prep-the-rallying-cry-is-were-all-weve-got-were-all-we-need/,uncommonschools.org,yes,,,51,very thin,0,,0,,,,,,,Almost no content and nothing links to it: likely remove
https://uncommonschools.org/news/camden-prep-mt-ephraim-campus-reopens-after-renovations/,uncommonschools.org,yes,,,100,thin,1,,0,,,,,,,
https://uncommonschools.org/news/how-a-camden-school-changed-my-sons-life/,uncommonschools.org,yes,,,37,very thin,0,,0,,,,,,,Almost no content and nothing links to it: likely remove
https://uncommonschools.org/news/newark-principal-honored-by-city-council/,uncommonschools.org,yes,,,31,very thin,0,,0,,,,,,,Almost no content and nothing links to it: likely remove
https://uncommonschools.org/news/aspiring-investment-banker-switches-paths-to-teach-full-time/,uncommonschools.org,yes,,,35,very thin,0,,0,,,,,,,Almost no content and nothing links to it: likely remove
https://uncommonschools.org/news/njtv-charter-and-district-teachers-learn-side-by-side-in-newark/,uncommonschools.org,yes,,,39,very thin,0,,0,,,,,,,Almost no content and nothing links to it: likely remove
https://uncommonschools.org/news/high-school-gpa-key-to-predicting-bachelors-degree-attainment/,uncommonschools.org,yes,,,110,thin,0,,0,,,,,,,
https://uncommonschools.org/news/north-star-academy-wins-college-success-award/,uncommonschools.org,yes,,,364,ok,0,,0,,,,,,,
https://uncommonschools.org/news/north-star-academy-sending-over-150-graduates-to-college/,uncommonschools.org,yes,,,150,thin,0,,0,,,,,,,
https://uncommonschools.org/news/excerpt-former-teacher-recalls-very-first-day-of-north-star-academy/,uncommonschools.org,yes,,,185,thin,0,,0,,,,,,,
https://uncommonschools.org/news/bow-ties-with-a-cause/,uncommonschools.org,yes,,,118,thin,1,,0,,,,,,,
https://uncommonschools.org/news/today-hosts-go-back-to-school-with-uncommon/,uncommonschools.org,yes,,,527,ok,0,,0,,,,,,,
https://uncommonschools.org/news/uncommon-teacher-nominated-for-penn-mutual-award/,uncommonschools.org,yes,,,84,very thin,0,,0,,,,,,,Almost no content and nothing links to it: likely remove
https://uncommonschools.org/news/charter-district-school-collaboration/,uncommonschools.org,yes,,,95,very thin,0,,0,,,,,,,Almost no content and nothing links to it: likely remove
https://uncommonschools.org/news/stf-alumnus-pays-it-forward/,uncommonschools.org,yes,,,219,thin,0,,0,,,,,,,
https://uncommonschools.org/news/uncommon-schools-educator-receives-outstanding-educator-of-the-year-award/,uncommonschools.org,yes,,,133,thin,0,,0,,,,,,,
https://uncommonschools.org/news/a-story-of-struggle-and-perseverance/,uncommonschools.org,yes,,,103,thin,0,,0,,,,,,,
https://uncommonschools.org/news/students-celebrate-senior-signing-days/,uncommonschools.org,yes,,,164,thin,0,,0,,,,,,,
https://uncommonschools.org/news/student-work-featured-bklyn-fashion-academy/,uncommonschools.org,yes,,,141,thin,0,,0,,,,,,,
https://uncommonschools.org/news/bringing-stem-into-dance/,uncommonschools.org,yes,,,118,thin,0,,0,,,,,,,
https://uncommonschools.org/news/girls-rising/,uncommonschools.org,yes,,,103,thin,0,,0,,,,,,,
https://uncommonschools.org/news/at-uncommon-schools-helping-girls-rise/,uncommonschools.org,yes,,,37,very thin,0,,0,,,,,,,Almost no content and nothing links to it: likely remove
https://uncommonschools.org/news/the-oprah-magazine-michelle-obamas-high-school-surprise/,uncommonschools.org,yes,,,35,very thin,0,,0,,,,,,,Almost no content and nothing links to it: likely remove
https://uncommonschools.org/news/ny1-uncommon-schools-collaborates-with-nyc-doe-in-harlem/,uncommonschools.org,yes,,,37,very thin,0,,0,,,,,,,Almost no content and nothing links to it: likely remove
https://uncommonschools.org/news/students-at-brooklyn-school-learn-music-through-immersion/,uncommonschools.org,yes,,,37,very thin,0,,0,,,,,,,Almost no content and nothing links to it: likely remove
https://uncommonschools.org/news/three-charter-school-leaders-for-ending-single-test-high-school-admissions-black-and-latino-kids-can-perform-at-the-highest-levels/,uncommonschools.org,yes,,,63,very thin,0,,0,,,,,,,Almost no content and nothing links to it: likely remove
https://uncommonschools.org/news/rochester-prep-celebrates-graduation-and-100-college-acceptance/,uncommonschools.org,yes,,,35,very thin,0,,0,,,,,,,Almost no content and nothing links to it: likely remove
https://uncommonschools.org/news/rochester-prep-west-campus-identified-as-recognition-school/,uncommonschools.org,yes,,,182,thin,1,,0,,,,,,,
https://uncommonschools.org/news/rochester-prep-teacher-shares-first-year-teaching-experience/,uncommonschools.org,yes,,,1294,ok,1,,0,,,,,,,
https://uncommonschools.org/news/rochester-prep-students-discover-rare-bacterium/,uncommonschools.org,yes,,,122,thin,1,,0,,,,,,,
https://uncommonschools.org/news/rochester-prep-alumna-joins-rits-10th-class-of-destler-johnson-rochester-city-scholars/,uncommonschools.org,yes,,,96,very thin,0,,0,,,,,,,Almost no content and nothing links to it: likely remove
https://uncommonschools.org/news/paul-powell-three-factors-that-have-an-impact-on-students-lives/,uncommonschools.org,yes,,,158,thin,1,,0,,,,,,,
https://uncommonschools.org/news/charter-school-leaders-invite-democratic-presidential-candidates-to-visit/,uncommonschools.org,yes,,,176,thin,4,,0,,,,,,,
https://uncommonschools.org/news/roxbury-prep-principal-and-alumna-honored/,uncommonschools.org,yes,,,117,thin,2,,0,,,,,,,
https://uncommonschools.org/news/the-three-pronged-approach-to-prepare-students-for-college/,uncommonschools.org,yes,,,180,thin,0,,0,,,,,,,
https://uncommonschools.org/news/north-star-students-learn-about-the-census/,uncommonschools.org,yes,,,172,thin,0,,0,,,,,,,
https://uncommonschools.org/news/a-principal-discovers-his-passion-at-morehouse/,uncommonschools.org,yes,,,173,thin,1,,0,,,,,,,
https://uncommonschools.org/news/data-driven-counseling-for-college-success/,uncommonschools.org,yes,,,123,thin,0,,0,,,,,,,
https://uncommonschools.org/news/newark-parent-activist-changes-the-conversation-on-charters/,uncommonschools.org,yes,,,143,thin,0,,0,,,,,,,
https://uncommonschools.org/news/roxbury-prep-hs-principal-a-hero-among-us/,uncommonschools.org,yes,,,402,ok,1,,0,,,,,,,
https://uncommonschools.org/news/teachers-gather-for-first-charter-district-collab-of-school-year/,uncommonschools.org,yes,,,113,thin,1,,0,,,,,,,
https://uncommonschools.org/news/providing-the-best-possible-summer-for-all-kids/,uncommonschools.org,yes,,,194,thin,0,,0,,,,,,,
https://uncommonschools.org/news/inspired-by-black-male-teachers-newark-native-returns-to-pay-it-forward/,uncommonschools.org,yes,,,180,thin,0,,0,,,,,,,
https://uncommonschools.org/news/morehouse-students-visit-uncommon/,uncommonschools.org,yes,,,232,thin,1,,0,,,,,,,
https://uncommonschools.org/news/alumni-persist-in-college-with-continued-support/,uncommonschools.org,yes,,,240,thin,1,,0,,,,,,,
https://uncommonschools.org/news/report-newark-students-enrolled-in-charter-schools-see-improvements-in-math-and-reading-scores/,uncommonschools.org,yes,,,252,ok,0,,0,,,,yes,,,
https://uncommonschools.org/news/whitemire-high-school-2-0/,uncommonschools.org,yes,,,116,thin,1,,0,,,,,,,
https://uncommonschools.org/news/roxbury-prep-rally-vote-high-school-building/,uncommonschools.org,yes,,,554,ok,4,,0,,,,,,,
https://uncommonschools.org/news/arroyo-to-bpda-do-the-right-thing/,uncommonschools.org,yes,,,182,thin,1,,0,,,,,,,
https://uncommonschools.org/news/north-star-student-awarded-njs-top-youth-volunteer/,uncommonschools.org,yes,,,164,thin,0,,0,,,,,,,
https://uncommonschools.org/news/uncommon-district-second-workshop/,uncommonschools.org,yes,,,134,thin,1,,0,,,,,,,
https://uncommonschools.org/news/wphs-speech-team-take-home-big-wins-at-tournament/,uncommonschools.org,yes,,,120,thin,0,,0,,,,,,,
https://uncommonschools.org/news/76ers-recognize-camden-prep-student-and-staff/,uncommonschools.org,yes,,,235,thin,1,,0,,,,,,,
https://uncommonschools.org/news/roxbury-prep-athlete-signs-georgetown/,uncommonschools.org,yes,,,105,thin,1,,0,,,,,,,
https://uncommonschools.org/news/camden-prep-students-celebrate-black-history-month/,uncommonschools.org,yes,,,94,very thin,1,,0,,,,,,,
https://uncommonschools.org/news/uncommon-leaders-tfa-school-leaders-of-color-conference/,uncommonschools.org,yes,,,307,ok,5,,0,,,,,,,
https://uncommonschools.org/news/uncommon-schools-awarded-special-education-grant/,uncommonschools.org,yes,,,303,ok,0,,0,,,,,,,
https://uncommonschools.org/news/north-star-varsity-basketball-state-title/,uncommonschools.org,yes,,,109,thin,0,,0,,,,,,,
https://uncommonschools.org/news/roxbury-prep-hs-silent-protest-city-hall/,uncommonschools.org,yes,,,512,ok,1,,0,,,,,,,
https://uncommonschools.org/news/uncommon-builds-online-hs/,uncommonschools.org,yes,,,175,thin,1,,0,,,,,,,
https://uncommonschools.org/news/uncommon-virtual-k8/,uncommonschools.org,yes,,,157,thin,5,,0,,,,,,,
https://uncommonschools.org/news/north-star-online-learning/,uncommonschools.org,yes,,,194,thin,0,,0,,,,,,,
https://uncommonschools.org/news/3-guiding-principles-transition-remote-learning/,uncommonschools.org,yes,,,199,thin,6,,0,,,,,,,
https://uncommonschools.org/news/camden-prep-transitions-online-learning/,uncommonschools.org,yes,,,172,thin,1,,0,,,,,,,
https://uncommonschools.org/news/literacy-nonprofit-donates-books-pandemic/,uncommonschools.org,yes,,,134,thin,5,,0,,,,,,,
https://uncommonschools.org/news/making-remote-learning-easier-and-engaging/,uncommonschools.org,yes,,,204,thin,5,,0,,,,,,,
https://uncommonschools.org/news/together-we-are-here/,uncommonschools.org,yes,,,92,very thin,5,,0,,,,,,,
https://uncommonschools.org/news/roxbury-prep-plans-for-remote-learning/,uncommonschools.org,yes,,,101,thin,1,,0,,,,,,,
https://uncommonschools.org/news/reinventing-education-amid-pandemic/,uncommonschools.org,yes,,,158,thin,1,,0,,,,,,,
https://uncommonschools.org/news/teacher-perspective-uncommon-demands/,uncommonschools.org,yes,,,154,thin,5,,0,,,,,,,
https://uncommonschools.org/news/hofstra-uchs-teaching-placements/,uncommonschools.org,yes,,,153,thin,1,,0,,,,,,,
https://uncommonschools.org/news/making-together-here-video/,uncommonschools.org,yes,,,135,thin,1,,0,,,,,,,
https://uncommonschools.org/news/roxbury-parent-to-boston-mayor/,uncommonschools.org,yes,,,240,thin,1,,0,,,,,,,
https://uncommonschools.org/news/uncommon-mental-health-day/,uncommonschools.org,yes,,,294,ok,5,,0,,,,,,,
https://uncommonschools.org/news/student-makes-masks-health-care-workers/,uncommonschools.org,yes,,,91,very thin,0,,0,,,,,,,Almost no content and nothing links to it: likely remove
https://uncommonschools.org/news/roxbury-prep-git-lit-slam/,uncommonschools.org,yes,,,127,thin,1,,0,,,,,,,
https://uncommonschools.org/news/roxbury-prep-alumna-period-kits-pandemic/,uncommonschools.org,yes,,,115,thin,1,,0,,,,,,,
https://uncommonschools.org/news/uncommon-reflection-mourning/,uncommonschools.org,yes,,,113,thin,0,,0,,,,,,,
https://uncommonschools.org/news/roxbury-prep-virtual-college-signing-day/,uncommonschools.org,yes,,,124,thin,1,,0,,,,,,,
https://uncommonschools.org/news/excellence-boys-protest-march/,uncommonschools.org,yes,,,102,thin,1,,0,,,,,,,
https://uncommonschools.org/news/rochester-prep-virtual-college-signing/,uncommonschools.org,yes,,,158,thin,1,,0,,,,,,,
https://uncommonschools.org/news/camden-prep-ms-graduates-first-class/,uncommonschools.org,yes,,,120,thin,1,,0,,,,,,,
https://uncommonschools.org/newark/north-star-principal-joins-panel-discussion-on-school-reopening/,uncommonschools.org,yes,,,121,thin,1,,0,,,,,,,
https://uncommonschools.org/news/uncommon-hs-students-research-microplastics/,uncommonschools.org,yes,,,136,thin,1,,0,,,,,,,
https://uncommonschools.org/news/north-star-plans-remote-start-school-year/,uncommonschools.org,yes,,,187,thin,1,,0,,,,,,,
https://uncommonschools.org/news/north-star-academy-seniors-celebrate-drive-thru-graduation/,uncommonschools.org,yes,,,167,thin,2,,0,,,,,,,
https://uncommonschools.org/news/boston-globe-editorial-roxbury-prep-high-school-equitable-city/,uncommonschools.org,yes,,,205,thin,1,,0,,,,,,,
https://uncommonschools.org/news/forbes-uncommon-uturn-no-excuses-history/,uncommonschools.org,yes,,,109,thin,0,,0,,,,,,,
https://uncommonschools.org/news/roxbury-prep-alumna-summer-teaching-fellow/,uncommonschools.org,yes,,,138,thin,1,,0,,,,,,,
https://uncommonschools.org/news/uncommon-partners-citis-e-for-education-campaign-6th-year/,uncommonschools.org,yes,,,38,very thin,0,,0,,,,,,,Almost no content and nothing links to it: likely remove
https://uncommonschools.org/news/seck-barry-on-camden-preps-remote-learning-during-the-pandemic/,uncommonschools.org,yes,,,37,very thin,0,,0,,,,,,,Almost no content and nothing links to it: likely remove
https://uncommonschools.org/news/tapinto-newark-alumnus-returns-to-alma-mater-teach/,uncommonschools.org,yes,,,39,very thin,0,,0,,,,,,,Almost no content and nothing links to it: likely remove
https://uncommonschools.org/news/popsugar-more-black-teachers-can-benefit-all-students/,uncommonschools.org,yes,,,32,very thin,0,,0,,,,,,,Almost no content and nothing links to it: likely remove
https://uncommonschools.org/news/researchers-find-top-results-for-newark-boston-pittsburgh/,uncommonschools.org,yes,,,38,very thin,0,,0,,,,,,,Almost no content and nothing links to it: likely remove
https://uncommonschools.org/news/boston-business-journal-long-wait-to-build-new-school-leaves-questions/,uncommonschools.org,yes,,,39,very thin,0,,0,,,,,,,Almost no content and nothing links to it: likely remove
https://uncommonschools.org/news/cannon-design-students-wellness-virtual-exercise/,uncommonschools.org,yes,,,44,very thin,0,,0,,,,,,,Almost no content and nothing links to it: likely remove
https://uncommonschools.org/news/whyy-educators-try-to-solve-problem-that-keeps-changing-during-pandemic/,uncommonschools.org,yes,,,39,very thin,0,,0,,,,,,,Almost no content and nothing links to it: likely remove
https://uncommonschools.org/news/kings-county-politics-summer-teaching-fellowship-trains-future-brooklyn-teachers/,uncommonschools.org,yes,,,39,very thin,0,,0,,,,,,,Almost no content and nothing links to it: likely remove
https://uncommonschools.org/news/tapinto-camden-camden-schools-receive-grants-to-help-with-covid-19/,uncommonschools.org,yes,,,37,very thin,0,,0,,,,,,,Almost no content and nothing links to it: likely remove
https://uncommonschools.org/news/nj-latino-news-high-school-seniors-awarded-75000-in-scholarships/,uncommonschools.org,yes,,,37,very thin,0,,0,,,,,,,Almost no content and nothing links to it: likely remove
https://uncommonschools.org/news/boston-globe-editorial-roxbury-preps-future-offers-chance-for-healing/,uncommonschools.org,yes,,,37,very thin,0,,0,,,,,,,Almost no content and nothing links to it: likely remove
https://uncommonschools.org/news/opinion-if-black-lives-matter-city-would-hold-hearing-for-roxbury-prep/,uncommonschools.org,yes,,,41,very thin,0,,0,,,,,,,Almost no content and nothing links to it: likely remove
https://uncommonschools.org/news/fordham-institute-report-lessons-from-leading-charter-networks-transitioning-to-remote-learning/,uncommonschools.org,yes,,,40,very thin,0,,0,,,,,,,Almost no content and nothing links to it: likely remove
https://uncommonschools.org/news/tapinto-newark-newark-charters-release-standards-for-reopening-schools/,uncommonschools.org,yes,,,35,very thin,0,,0,,,,,,,Almost no content and nothing links to it: likely remove
https://uncommonschools.org/news/the-final-round-brett-peiser-uncommon-adapting-hybrid-learning/,uncommonschools.org,yes,,,42,very thin,0,,0,,,,,,,Almost no content and nothing links to it: likely remove
https://uncommonschools.org/news/bellwether-education-report-uncommons-responses-to-covid-19/,uncommonschools.org,yes,,,30,very thin,0,,0,,,,,,,Almost no content and nothing links to it: likely remove
https://uncommonschools.org/news/uncommon-schools-visionaries-documentary-pbs/,uncommonschools.org,yes,,,303,ok,3,,0,,,,,,,
https://uncommonschools.org/news/juliana-worrell-selected-for-broad-centers-inaugural-cohort-of-public-education-leadership-fellows/,uncommonschools.org,yes,,,42,very thin,0,,0,,,,,,,Almost no content and nothing links to it: likely remove
https://uncommonschools.org/news/rochester-beacon-alumna-returns-to-alma-mater-to-teach/,uncommonschools.org,yes,,,35,very thin,0,,0,,,,,,,Almost no content and nothing links to it: likely remove
https://uncommonschools.org/news/charter-school-growth-fund-how-teachers-quickly-respond-to-student-work/,uncommonschools.org,yes,,,38,very thin,0,,0,,,,,,,Almost no content and nothing links to it: likely remove
https://uncommonschools.org/news/kings-county-politics-10000-uncommon-schools-students-throughout-brooklyn-blaze-path-for-blended-learning/,uncommonschools.org,yes,,,47,very thin,0,,0,,,,,,,Almost no content and nothing links to it: likely remove
https://uncommonschools.org/news/kings-county-politics-uncommon-halloween-voter-event/,uncommonschools.org,yes,,,37,very thin,0,,0,,,,,,,Almost no content and nothing links to it: likely remove
https://uncommonschools.org/news/washington-post-students-learn-from-people-who-love-them/,uncommonschools.org,yes,,,34,very thin,0,,0,,,,,,,Almost no content and nothing links to it: likely remove
https://uncommonschools.org/news/new-principal-new-high-school-in-camden/,uncommonschools.org,yes,,,122,thin,1,,0,,,,,,,
https://uncommonschools.org/news/camden-prep-hs-students-dive-into-stem-with-robotics/,uncommonschools.org,yes,,,290,ok,1,,0,,,,,,,
https://uncommonschools.org/news/teach-like-a-champion-new-guide-online-teaching-learning/,uncommonschools.org,yes,,,272,ok,0,,0,,,,,,,
https://uncommonschools.org/news/uncommon-sense-blog/,uncommonschools.org,yes,,,281,ok,6,,0,,,,,,,
https://uncommonschools.org/boston/week-march-29-tiered-focus-monitoring-review-roxbury-prep/,uncommonschools.org,yes,,,103,thin,1,,0,,,yes,,,,
https://uncommonschools.org/news/bloomberg-uncommon-students-priority-beyond-hs-graduation/,uncommonschools.org,yes,,,35,very thin,0,,0,,,,,,,Almost no content and nothing links to it: likely remove
https://uncommonschools.org/news/north-star-academy-stanford-2021-credo/,uncommonschools.org,yes,,,37,very thin,0,,0,,,,,,,Almost no content and nothing links to it: likely remove
https://uncommonschools.org/news/usa-today-op-ed-teacher-training-overhaul/,uncommonschools.org,yes,,,153,thin,0,,0,,,,,,,
https://uncommonschools.org/news/tapinto-camden-camcare-vaccines/,uncommonschools.org,yes,,,148,thin,1,,0,,,,,,,
https://uncommonschools.org/news/chalkbeat-newark-classrooms-reopen/,uncommonschools.org,yes,,,25,very thin,0,,0,,,,,,,Almost no content and nothing links to it: likely remove
https://uncommonschools.org/news/minority-reporter-op-ed-rochester-prep-meeting-my-childrens-needs/,uncommonschools.org,yes,,,35,very thin,0,,0,,,,,,,Almost no content and nothing links to it: likely remove
https://uncommonschools.org/news/brooklyn-patch-educators-march-in-solidarity-with-asian-americans/,uncommonschools.org,yes,,,37,very thin,0,,0,,,,,,,Almost no content and nothing links to it: likely remove
https://uncommonschools.org/news/tapinto-camden-opinion-how-i-found-a-school-i-love/,uncommonschools.org,yes,,,37,very thin,0,,0,,,,,,,Almost no content and nothing links to it: likely remove
https://uncommonschools.org/news/newsweek-oped-focus-making-schools-better/,uncommonschools.org,yes,,,181,thin,0,,0,,,,,,,
https://uncommonschools.org/news/nyt-op-ed-college-application-sell-my-pain/,uncommonschools.org,yes,,,149,thin,1,,0,,,,yes,,,
https://uncommonschools.org/news/tapinto-newark-students-celebrate-college-acceptances-after-year-uncertainty/,uncommonschools.org,yes,,,103,thin,1,,0,,,,,,,
https://uncommonschools.org/news/brooklyn-patch-ulchs-grads-college/,uncommonschools.org,yes,,,138,thin,1,,0,,,,,,,
https://uncommonschools.org/news/forbes-feature-roxbury-students-find-passion/,uncommonschools.org,yes,,,33,very thin,0,,0,,,,,,,Almost no content and nothing links to it: likely remove
https://uncommonschools.org/news/tapinto-new-high-school-building-for-camden-prep-approved/,uncommonschools.org,yes,,,35,very thin,0,,0,,,,,,,Almost no content and nothing links to it: likely remove
https://uncommonschools.org/news/tapinto-north-star-academy-class-of-2021-celebrates-graduation/,uncommonschools.org,yes,,,35,very thin,0,,0,,,,,,,Almost no content and nothing links to it: likely remove
https://uncommonschools.org/news/patch-com-roxbury-principal-honored-by-boston-red-sox/,uncommonschools.org,yes,,,33,very thin,0,,0,,,,,,,Almost no content and nothing links to it: likely remove
https://uncommonschools.org/news/education-next-alumni-receive-support-to-navigate-transition-to-college/,uncommonschools.org,yes,,,36,very thin,0,,0,,,,,,,Almost no content and nothing links to it: likely remove
https://uncommonschools.org/news/uncommon-charter-hs-recognized-2021-pltw-distinguished-hs/,uncommonschools.org,yes,,,94,very thin,0,,0,,,,,,,Almost no content and nothing links to it: likely remove
https://uncommonschools.org/news/chalkbeat-north-star-students-launch-wellness-council/,uncommonschools.org,yes,,,31,very thin,0,,0,,,,,,,Almost no content and nothing links to it: likely remove
https://uncommonschools.org/news/rochester-beacon-rochester-prep-educators-kept-students-dreams-alive/,uncommonschools.org,yes,,,39,very thin,0,,0,,,,,,,Almost no content and nothing links to it: likely remove
https://uncommonschools.org/news/nj-ed-report-parent-special-needs-student-thankful-high-school/,uncommonschools.org,yes,,,49,very thin,0,,0,,,,,,,Almost no content and nothing links to it: likely remove
https://uncommonschools.org/news/teaching-today-podcast-excellence-boys-principal-joins-discussion-on-single-sex-schools/,uncommonschools.org,yes,,,48,very thin,0,,0,,,,,,,Almost no content and nothing links to it: likely remove
https://uncommonschools.org/news/bbva-podcast-doug-lemov-discusses-the-effects-of-reading-on-students/,uncommonschools.org,yes,,,38,very thin,0,,0,,,,,,,Almost no content and nothing links to it: likely remove
https://uncommonschools.org/news/spectrum-news1-rochester-prep-works-to-close-covid-related-learning-loss/,uncommonschools.org,yes,,,43,very thin,0,,0,,,,,,,Almost no content and nothing links to it: likely remove
https://uncommonschools.org/news/news10-camden-prep-close-covid-learning-loss/,uncommonschools.org,yes,,,35,very thin,0,,0,,,,,,,Almost no content and nothing links to it: likely remove
https://uncommonschools.org/news/kpvi-uncommon-director-of-college-completion-recognized-for-expanding-education-opportunities/,uncommonschools.org,yes,,,38,very thin,0,,0,,,,,,,Almost no content and nothing links to it: likely remove
https://uncommonschools.org/news/the-74-summer-rocket-program-connects-girls-to-stem/,uncommonschools.org,yes,,,35,very thin,0,,0,,,,,,,Almost no content and nothing links to it: likely remove
https://uncommonschools.org/news/brooklyn-paper-summer-school-aims-to-reclaim-what-covid-stole/,uncommonschools.org,yes,,,39,very thin,0,,0,,,,,,,Almost no content and nothing links to it: likely remove
https://uncommonschools.org/news/tapinto-newark-schools-get-students-excited-for-back-to-school/,uncommonschools.org,yes,,,37,very thin,0,,0,,,,,,,Almost no content and nothing links to it: likely remove
https://uncommonschools.org/news/chalkbeat-ny-parents-educators-emphasize-need-for-mental-health-supports/,uncommonschools.org,yes,,,40,very thin,0,,0,,,,,,,Almost no content and nothing links to it: likely remove
https://uncommonschools.org/news/11-rochester-prep-alumni-join-rit-city-scholars-program/,uncommonschools.org,yes,,,35,very thin,0,,0,,,,,,,Almost no content and nothing links to it: likely remove
https://uncommonschools.org/news/patch-com-bbq-for-a-cause-celebrates-newark/,uncommonschools.org,yes,,,31,very thin,0,,0,,,,,,,Almost no content and nothing links to it: likely remove
https://uncommonschools.org/news/bnc-art-worrell-on-the-importance-of-access-to-advanced-placement-courses/,uncommonschools.org,yes,,,122,thin,1,,0,,,,,,,
https://uncommonschools.org/news/patch-ucc-receives-grant-for-hbcu-empowerment-tour/,uncommonschools.org,yes,,,35,very thin,0,,0,,,,,,,Almost no content and nothing links to it: likely remove
https://uncommonschools.org/news/op-ed-hbcus-are-a-beacon-of-promise-and-pride/,uncommonschools.org,yes,,,34,very thin,0,,0,,,,,,,Almost no content and nothing links to it: likely remove
https://uncommonschools.org/news/news12-brooklyn-students-start-day-with-meditation-yoga/,uncommonschools.org,yes,,,35,very thin,0,,0,,,,,,,Almost no content and nothing links to it: likely remove
https://uncommonschools.org/news/13-uncommon-seniors-receive-questbridge-scholarships-to-top-schools/,uncommonschools.org,yes,,,210,thin,3,,0,,,,,,,
https://uncommonschools.org/news/uncommon-leaders-share-5-recommendations-with-nyc-mayor-elect-adams/,uncommonschools.org,yes,,,199,thin,1,,0,,,,,,,
https://uncommonschools.org/news/eir-grant/,uncommonschools.org,yes,,,421,ok,3,,0,,,,,,,
https://uncommonschools.org/news/education-next-roxbury-prep-withdraws-proposal-for-new-high-school-location/,uncommonschools.org,yes,,,38,very thin,0,,0,,,,,,,Almost no content and nothing links to it: likely remove
https://uncommonschools.org/boston/pi-day-at-roxbury-prep-charter-school/,uncommonschools.org,yes,,,127,thin,2,,0,,,,,,,
https://uncommonschools.org/boston/newmarket-building/,uncommonschools.org,yes,,,172,thin,2,,0,,,,,,,
https://uncommonschools.org/rochester/roc-teacher-shortages/,uncommonschools.org,yes,,,167,thin,1,,0,,,,,,,
https://uncommonschools.org/news/we-are-one-uncommon/,uncommonschools.org,yes,,,231,thin,5,,0,,,,,,,
https://uncommonschools.org/newark/north-star-academy-graduates-celebrate-the-coming-journey/,uncommonschools.org,yes,,,237,thin,1,,0,,,,,,,
https://uncommonschools.org/new-york-city/brooklyn-students-move-on-to-next-phase-of-their-journey/,uncommonschools.org,yes,,,283,ok,1,,0,,,,,,,
https://uncommonschools.org/news/senior-signing-day-at-roxbury-prep/,uncommonschools.org,yes,,,207,thin,1,,0,,,,,,,
https://uncommonschools.org/news/mission-hill-graduating-senior-looks-towards-a-career-in-health-science-will-attend-bu-in-the-fall/,uncommonschools.org,yes,,,808,ok,1,,0,,,,,,,
https://uncommonschools.org/news/uncommon-schools-summer-program-is-helping-college-students-become-teachers/,uncommonschools.org,yes,,,579,ok,1,,0,,,,,,,
https://uncommonschools.org/news/camden-prep-teacher-competes-on-survivor-season-43/,uncommonschools.org,yes,,,251,ok,1,,0,,,,,,,
https://uncommonschools.org/news/a-call-to-teach/,uncommonschools.org,yes,,,893,ok,6,,0,,,,,,,
https://uncommonschools.org/news/what-students-told-us-they-love-about-5-stellar-teachers/,uncommonschools.org,yes,,,136,thin,1,,0,,,,,,,
https://uncommonschools.org/news/co-ceo-brett-peiser-and-julie-jackson-named-to-2022-power-players-in-education/,uncommonschools.org,yes,,,228,thin,0,,0,,,,,,,
https://uncommonschools.org/rochester/rit-rochester-prep/,uncommonschools.org,yes,,,877,ok,2,,0,,,,,,,
https://uncommonschools.org/news/newark-high-school-students-fight-for-menstrual-equity/,uncommonschools.org,yes,,,133,thin,1,,0,,,,,,,
https://uncommonschools.org/news/leadership-prep-canarsie-wins-sports-grant/,uncommonschools.org,yes,,,158,thin,1,,0,,,,,,,
https://uncommonschools.org/news/uncommon-schools-integrate-coding-lessons/,uncommonschools.org,yes,,,152,thin,0,,0,,,,,,,
https://uncommonschools.org/news/roxbury-prep-is-focused-on-solving-bostons-teacher-shortage/,uncommonschools.org,yes,,,186,thin,1,,0,,,,,,,
https://uncommonschools.org/news/roxbury-prep-teacher-shortage/,uncommonschools.org,yes,,,177,thin,2,,0,,,,,,,
https://uncommonschools.org/newark/all-students-deserve-to-grapple-with-the-hard-truth/,uncommonschools.org,yes,,,82,very thin,0,,0,,,,,,,Almost no content and nothing links to it: likely remove
https://uncommonschools.org/newark/schools-must-focus-on-reading-in-2023-to-close-the-covid-learning-gap/,uncommonschools.org,yes,,,80,very thin,0,,0,,,,,,,Almost no content and nothing links to it: likely remove
https://uncommonschools.org/news/recognize-the-beauty-powerful-video-of-boys-saying-affirmations-in-mirror-puts-ny-students-in-spotlight/,uncommonschools.org,yes,,,154,thin,1,,0,,,,,,,
https://uncommonschools.org/rochester/rochester-prep-students-earn-full-scholarships-to-prestigious-colleges/,uncommonschools.org,yes,,,91,very thin,1,,0,,,,,,,
https://uncommonschools.org/news/nsa-student-suprises-people-with-career-choice/,uncommonschools.org,yes,,,66,very thin,0,,0,,,,,,,Almost no content and nothing links to it: likely remove
https://uncommonschools.org/news/roxbury-parents-fight-hunger/,uncommonschools.org,yes,,,373,ok,2,,0,,,,,,,
https://uncommonschools.org/camden/camden-prep-student-launches-own-business/,uncommonschools.org,yes,,,130,thin,1,,0,,,,,,,
https://uncommonschools.org/news/julie-jackson-the-black-wall-street-times/,uncommonschools.org,yes,,,167,thin,2,,0,,,,,,,
https://uncommonschools.org/news/it-starts-with-phonics-chief-schools-officer-k-8-juliana-worrell-appears-on-bnc-to-discuss-reading-education/,uncommonschools.org,yes,,,143,thin,3,,0,,,,,,,
https://uncommonschools.org/news/school-leaders-view-nycs-new-chancellor-admitted-were-teaching-reading-all-wrong-now-is-the-time-to-get-it-right/,uncommonschools.org,yes,,,164,thin,2,,0,,,,,,,
https://uncommonschools.org/new-york-city/morehouse-men-visit-excellence-boys-brooklyn/,uncommonschools.org,yes,,,224,thin,5,,0,,,,,,,
https://uncommonschools.org/news/jody-jones-discusses-leadership-with-the-accelerate-institute/,uncommonschools.org,yes,,,139,thin,2,,0,,,,,,,
https://uncommonschools.org/news/cbs-news-uncommon-camden-prep-celebrates-success-of-turnaround-efforts/,uncommonschools.org,yes,,,144,thin,1,,0,,,,,,,
https://uncommonschools.org/news/corey-madison-testifies-newark/,uncommonschools.org,yes,,,99,very thin,1,,0,,,,,,,
https://uncommonschools.org/news/rochester-prep-celebrates-senior-signing-day/,uncommonschools.org,yes,,,145,thin,2,,0,,,,,,,
https://uncommonschools.org/camden/camden-prep-students-head-back-to-class-at-brand-new-school-building-i-want-to-be-successful/,uncommonschools.org,yes,,,161,thin,2,,0,,,,,,,
https://uncommonschools.org/camden/camden-prep-student-new-high-school-nbc10/,uncommonschools.org,yes,,,133,thin,2,,0,,,,,,,
https://uncommonschools.org/new-york-city/uncommon-opens-new-elementary-school-in-williamsburg/,uncommonschools.org,yes,,,136,thin,3,,0,,,,,,,
https://uncommonschools.org/news/recovering-from-remote-learnings-shortfalls/,uncommonschools.org,yes,,,132,thin,1,,0,,,,,,,
https://uncommonschools.org/news/the-karen-hunter-show-featuring-juliana-worrell-how-can-schools-close-learning-gaps-caused-by-the-pandemic/,uncommonschools.org,yes,,,147,thin,2,,0,,,,,,,
https://uncommonschools.org/news/spotlighting-efforts-to-boost-reading-proficiency/,uncommonschools.org,yes,,,278,ok,3,,0,,,,,,,
https://uncommonschools.org/news/setting-students-up-for-success-college-and-beyond/,uncommonschools.org,yes,,,139,thin,0,,0,,,,,,,
https://uncommonschools.org/news/shradha-patel-named-to-boston-business-journals-power-50-for-2020/,uncommonschools.org,yes,,,39,very thin,0,,0,,,,,,,Almost no content and nothing links to it: likely remove
https://uncommonschools.org/news/north-stars-mike-taubman-what-a-moral-philosophy-course-offers-high-school-students/,uncommonschools.org,yes,,,158,thin,2,,0,,,,,,,
https://uncommonschools.org/new-york-city/uncommon-new-york-city-elementary-school-scholars-featured-on-the-kelly-clarkson-show/,uncommonschools.org,yes,,,173,thin,1,,0,,,,,,,
https://uncommonschools.org/newark/uncommon-seniors-featured-on-good-morning-america/,uncommonschools.org,yes,,,119,thin,1,,0,,,,,,,
https://uncommonschools.org/news/uncommon-new-york-city-elementary-school-featured-on/,uncommonschools.org,yes,,,41,very thin,0,,0,,,,,,,Almost no content and nothing links to it: likely remove
https://uncommonschools.org/news/class-of-2024-success-rphs/,uncommonschools.org,yes,,,120,thin,3,,0,,,,,,,
https://uncommonschools.org/news/six-roxbury-prep-seniors-secure-full-ride-scholarships-to-prestigious-colleges/,uncommonschools.org,yes,,,129,thin,2,,0,,,,,,,
https://uncommonschools.org/news/colleges-must-extend-enrollment-deadlines-after-fafsa-delays/,uncommonschools.org,yes,,,113,thin,1,,0,,,,yes,,,
https://uncommonschools.org/news/north-star-academy-students-earn-pretigous-questbridge-scholarships/,uncommonschools.org,yes,,,161,thin,2,,0,,,,,,,
https://uncommonschools.org/news/governor-murphy-is-right-to-focus-on-literacy/,uncommonschools.org,yes,,,1017,ok,3,,0,,,,,,,
https://uncommonschools.org/news/neurodiverse-camden-prep-high-schoolers-mentor-younger-students-with-disabilities/,uncommonschools.org,yes,,,120,thin,2,,0,,,,,,,
https://uncommonschools.org/news/camden-prep-ribbon-cutting/,uncommonschools.org,yes,,,130,thin,2,,0,,,,,,,
https://uncommonschools.org/news/nj-students-receive-scholarships-for-college-education/,uncommonschools.org,yes,,,113,thin,3,,0,,,,,,,
https://uncommonschools.org/news/nj-students-receive-prestigious-questbridge-scholarships/,uncommonschools.org,yes,,,104,thin,3,,0,,,,,,,
https://uncommonschools.org/news/williamsburg-elementary-celebrates-student-reading-achievements/,uncommonschools.org,yes,,,94,very thin,3,,0,,,,,,,
https://uncommonschools.org/news/nfi-unique-program/,uncommonschools.org,yes,,,111,thin,3,,0,,,,,,,
https://uncommonschools.org/news/5-seniors-at-roxbury-prep-high-school-earn-full-ride-scholarship-to-college/,uncommonschools.org,yes,,,92,very thin,0,,0,,,,,,,Almost no content and nothing links to it: likely remove
https://uncommonschools.org/news/https-www-inquirer-com-education-camden-prep-high-school-renaissance-founding-class-20240614-html/,uncommonschools.org,yes,,,108,thin,3,,0,,,,,,,
https://uncommonschools.org/news/navigating-learning-disabilities-together/,uncommonschools.org,yes,,,88,very thin,0,,0,,,,,,,Almost no content and nothing links to it: likely remove
https://uncommonschools.org/news/rochester-prep-seniors-celebrate-college-choices-on-senior-signing-day/,uncommonschools.org,yes,,,93,very thin,0,,0,,,,,,,Almost no content and nothing links to it: likely remove
https://uncommonschools.org/news/digital-parenting-raising-the-a-i-generation/,uncommonschools.org,yes,,,101,thin,4,,0,,,,,,,
https://uncommonschools.org/news/newark-teacher-lina-zapata-became-the-educator-she-needed-as-a-young-immigrant/,uncommonschools.org,yes,,,106,thin,0,,0,,,,,,,
https://uncommonschools.org/news/north-star-welcomes-next-year-s-kindergarteners/,uncommonschools.org,yes,,,91,very thin,3,,0,,,,,,,
https://uncommonschools.org/news/summer-teaching-fellowship-nbc-new-york-story/,uncommonschools.org,yes,,,112,thin,4,,0,,,,,,,
https://uncommonschools.org/news/north-star-debate-team-talk-about-presidential-debate/,uncommonschools.org,yes,,,101,thin,0,,0,,,,,,,
https://uncommonschools.org/news/nasa-engineer-visits-rochester-prep/,uncommonschools.org,yes,,,87,very thin,3,,0,,,,,,,
https://uncommonschools.org/newark/uncommon-schools-north-star-academy-4th-graders-get-empowered/,uncommonschools.org,yes,,,95,very thin,3,,0,,,,,,,
https://uncommonschools.org/news/roxbury-prep-newmarket-revitalization/,uncommonschools.org,yes,,,92,very thin,3,,0,,,,,,,
https://uncommonschools.org/news/camden-prep-students-beat-the-odds/,uncommonschools.org,yes,,,72,very thin,0,,0,,,,,,,Almost no content and nothing links to it: likely remove
https://uncommonschools.org/news/uncommon-excellence-girls-on-gma3/,uncommonschools.org,yes,,,114,thin,3,,0,,,,,,,
https://uncommonschools.org/news/julie-jackson-named-uncommon-schools-president/,uncommonschools.org,yes,,,505,ok,1,,0,,,,,,,
https://uncommonschools.org/news/winning-basketball-games-is-common-at-uncommon-charter-high-school/,uncommonschools.org,yes,,,61,very thin,0,,0,,,,,,,Almost no content and nothing links to it: likely remove
https://uncommonschools.org/news/17-nyc-uncommon-schools-students-receive-a-full-ride-to-college-through-the-questbridge-match-scholarship/,uncommonschools.org,yes,,,96,very thin,0,,0,,,,,,,Almost no content and nothing links to it: likely remove
https://uncommonschools.org/news/north-star-academy-2025-seniors-announce-college-decisions/,uncommonschools.org,yes,,,99,very thin,3,,0,,,,,,,
https://uncommonschools.org/news/learning-ai-newark-students-look-to-the-future/,uncommonschools.org,yes,,,111,thin,3,,0,,,,,,,
https://uncommonschools.org/news/youth-in-newark-empowered-to-vote-school-board-for-the-first-time/,uncommonschools.org,yes,,,111,thin,3,,0,,,,,,,
https://uncommonschools.org/news/from-classroom-to-campus-how-this-newark-school-sends-90-of-students-to-college/,uncommonschools.org,yes,,,124,thin,3,,0,,,,,,,
https://uncommonschools.org/news/stanford-ai-curriculum-debuts-in-newarks-uncommon-schools-network/,uncommonschools.org,yes,,,115,thin,3,,0,,,,,,,
https://uncommonschools.org/news/breaking-barriers-record-number-of-north-star-students-earn-full-rides-to-elite-colleges/,uncommonschools.org,yes,,,96,very thin,3,,0,,,,,,,
https://uncommonschools.org/news/this-third-grade-newark-teacher-is-turning-real-world-news-into-dei-lessons/,uncommonschools.org,yes,,,112,thin,3,,0,,,,,,,
https://uncommonschools.org/news/new-test-scores-confirm-what-north-stars-been-doing-right-all-along/,uncommonschools.org,yes,,,116,thin,3,,0,,,,,,,
https://uncommonschools.org/rochester/honoring-the-legacy-of-jaimie-magee-lesnick-at-rochester-prep/,uncommonschools.org,yes,,,119,thin,3,,0,,,,,,,
https://uncommonschools.org/rochester/rochester-preps-newest-principal-is-a-familiar-face/,uncommonschools.org,yes,,,63,very thin,0,,0,,,,,,,Almost no content and nothing links to it: likely remove
https://uncommonschools.org/news/18-seniors-receive-scholarships/,uncommonschools.org,yes,,,123,thin,4,,0,,,,,,,
https://uncommonschools.org/news/early-decision-admissions/,uncommonschools.org,yes,,,262,ok,2,,0,,,,,,,
https://uncommonschools.org/news/https-www-tapinto-net-towns-newark-sections-education-articles-karim-ahmad-of-newark-s-north-star-school-wins-mlk-oratorical-competition/,uncommonschools.org,yes,,,64,very thin,0,,0,,,,,,,Almost no content and nothing links to it: likely remove
https://uncommonschools.org/news/https-www-yahoo-com-news-articles-newark-teacher-says-ai-tools-113000540-htmlguccounter1/,uncommonschools.org,yes,,,59,very thin,0,,0,,,,,,,Almost no content and nothing links to it: likely remove
https://uncommonschools.org/news/essex-county-chapter-of-the-links-north-star-academy-distribute-thousands-of-winter-gloves-in-newark/,uncommonschools.org,yes,,,67,very thin,0,,0,,,,,,,Almost no content and nothing links to it: likely remove
https://uncommonschools.org/news/https-www-tapinto-net-towns-newark-sections-education-articles-parents-learning-english-graduate-from-north-star-academy-s-adult-education-program/,uncommonschools.org,yes,,,57,very thin,0,,0,,,,,,,Almost no content and nothing links to it: likely remove
https://uncommonschools.org/news/ai-literacy-newark/,uncommonschools.org,yes,,,413,ok,4,,0,,,,,,,
https://uncommonschools.org/books/a-principal-managers-guide-to-leverage-leadership-2-0/,uncommonschools.org,yes,,,327,ok,1,,0,,,,,,,
https://uncommonschools.org/books/get-better-faster-a-90-day-plan-for-coaching-new-teachers/,uncommonschools.org,yes,,,182,thin,2,,0,,,,,,,
https://uncommonschools.org/books/leverage-leadership-a-practical-guide-to-building-exceptional-schools/,uncommonschools.org,yes,,,333,ok,3,,0,,,,,,,
https://uncommonschools.org/books/great-habits-great-readers-a-practical-guide-for-k-4-reading-in-the-light-of-common-core/,uncommonschools.org,yes,,,279,ok,5,,0,,,,,,,
https://uncommonschools.org/books/reading-reconsidered/,uncommonschools.org,yes,,,254,ok,1,,0,,,,,,,
https://uncommonschools.org/books/driven-by-data-a-practical-guide-to-improve-instruction/,uncommonschools.org,yes,,,194,thin,3,,0,,,,,,,
https://uncommonschools.org/books/love-and-literacy/,uncommonschools.org,yes,,,263,ok,1,,0,,,,,,,
https://uncommonschools.org/books/practice-perfect-42-rules-for-getting-better-at-getting-better/,uncommonschools.org,yes,,,618,ok,1,,0,,,,,,,
https://uncommonschools.org/books/make-history-a-practical-guide-for-middle-and-high-school-history-instruction-grades-5-12/,uncommonschools.org,yes,,,128,thin,6,,0,,,,,,,
https://uncommonschools.org/impact-blog-categorys/dei/,uncommonschools.org,yes,,,73,very thin,0,,0,,,,,,,Almost no content and nothing links to it: likely remove
https://uncommonschools.org/impact-blog-categorys/ela/,uncommonschools.org,yes,,,129,thin,0,,0,,,,,,,
https://uncommonschools.org/impact-blog-categorys/faq/,uncommonschools.org,yes,,,129,thin,0,,0,,,,,,,
https://uncommonschools.org/impact-blog-categorys/leadership-development/,uncommonschools.org,yes,,,700,ok,0,,0,,,,,,,
https://uncommonschools.org/impact-blog-categorys/math/,uncommonschools.org,yes,,,300,ok,0,,0,,,,,,,
https://uncommonschools.org/impact-blog-categorys/reading/,uncommonschools.org,yes,,,187,thin,0,,0,,,,,,,
https://uncommonschools.org/impact-blog-categorys/resource-for-leaders/,uncommonschools.org,yes,,,986,ok,0,,0,,,,,,,
https://uncommonschools.org/impact-blog-categorys/resource-for-teachers/,uncommonschools.org,yes,,,1899,ok,0,,0,https://uncommonschools.org/impact-blog-tags/resource-for-teachers/,72%,,,,,
https://uncommonschools.org/impact-blog-categorys/summer-school/,uncommonschools.org,yes,,,75,very thin,0,,0,https://uncommonschools.org/impact-blog-tags/summer-school/,96%,,,,,Nearly identical to another page: consider consolidating
https://uncommonschools.org/levels/pre-k/,uncommonschools.org,yes,,,16,very thin,0,,0,,,,,,,Almost no content and nothing links to it: likely remove
https://uncommonschools.org/levels/elementary/,uncommonschools.org,yes,,,16,very thin,0,,0,,,,,,,Almost no content and nothing links to it: likely remove
https://uncommonschools.org/levels/middle/,uncommonschools.org,yes,,,16,very thin,0,,0,,,,,,,Almost no content and nothing links to it: likely remove
https://uncommonschools.org/levels/high/,uncommonschools.org,yes,,,16,very thin,0,,0,,,,,,,Almost no content and nothing links to it: likely remove
https://nyc.uncommonschools.org/,nyc.uncommonschools.org,yes,,,425,ok,2,yes,0,https://rochesterprep.uncommonschools.org/,71%,,,60,4.1,
https://nyc.uncommonschools.org/find-a-school/,nyc.uncommonschools.org,yes,,,52,very thin,5,yes,0,https://nyc.uncommonschools.org/news/,94%,,yes,,,
https://nyc.uncommonschools.org/harassment-and-bullying/,nyc.uncommonschools.org,yes,,,1394,ok,0,,0,https://rochesterprep.uncommonschools.org/harassment-and-bullying/,95%,yes,,,,Nearly identical to another page: consider consolidating
https://nyc.uncommonschools.org/technology-and-internet-use/,nyc.uncommonschools.org,yes,,,723,ok,0,,0,https://camdenprep.uncommonschools.org/technology-and-internet-use/,93%,,,,,Nearly identical to another page: consider consolidating
https://nyc.uncommonschools.org/contact/,nyc.uncommonschools.org,yes,,,250,ok,0,yes,0,,,,,62,3.4,
https://nyc.uncommonschools.org/what-is-a-charter-school/,nyc.uncommonschools.org,yes,,,458,ok,0,yes,0,https://rochesterprep.uncommonschools.org/what-is-a-charter-school/,78%,,,,,
https://nyc.uncommonschools.org/careers/,nyc.uncommonschools.org,yes,,,174,thin,22,yes,0,https://camdenprep.uncommonschools.org/careers/,78%,,yes,61,3.6,
https://nyc.uncommonschools.org/news/,nyc.uncommonschools.org,yes,,,55,very thin,1,yes,0,https://nyc.uncommonschools.org/find-a-school/,94%,,,37,5.6,
https://nyc.uncommonschools.org/student-recruitment-ambassadors/,nyc.uncommonschools.org,yes,,,446,ok,0,,0,,,,,,,
https://nyc.uncommonschools.org/ocean-hill-charter-schools/,nyc.uncommonschools.org,error 301,,,,,0,,0,,,,,,,
https://nyc.uncommonschools.org/nyc-virtual-tour/virtual-tour-brownsville-collegiate/,nyc.uncommonschools.org,yes,,,47,very thin,0,,0,https://nyc.uncommonschools.org/nyc-virtual-tour/virtual-tour-brooklyn-east-collegiate/,79%,,,,,Almost no content and nothing links to it: likely remove
https://nyc.uncommonschools.org/nyc-virtual-tour/virtual-tour-brooklyn-east-collegiate/,nyc.uncommonschools.org,yes,,,50,very thin,0,,0,https://nyc.uncommonschools.org/nyc-virtual-tour/virtual-tour-uncommon-collegiate-charter-high-school/,88%,,,,,Nearly identical to another page: consider consolidating
https://nyc.uncommonschools.org/nyc-virtual-tour/virtual-tour-uncommon-leadership-charter-high-school/,nyc.uncommonschools.org,yes,,,57,very thin,1,,0,https://nyc.uncommonschools.org/nyc-virtual-tour/virtual-tour-uncommon-collegiate-charter-high-school/,79%,,,,,
https://nyc.uncommonschools.org/nyc-virtual-tour/virtual-tour-uncommon-prep-charter-high-school/,nyc.uncommonschools.org,yes,,,86,very thin,1,,0,,,,,,,
https://nyc.uncommonschools.org/nyc-virtual-tour/virtual-tour-uncommon-charter-hs/,nyc.uncommonschools.org,yes,,,54,very thin,1,,0,https://nyc.uncommonschools.org/nyc-virtual-tour/virtual-tour-uncommon-collegiate-charter-high-school/,74%,,,,,
https://nyc.uncommonschools.org/family-resources/family-newsletters/,nyc.uncommonschools.org,yes,,,632,ok,0,,0,,,,,,,
https://nyc.uncommonschools.org/nyc-virtual-tour/virtual-tour-uncommon-collegiate-charter-high-school/,nyc.uncommonschools.org,yes,,,56,very thin,1,,0,https://nyc.uncommonschools.org/nyc-virtual-tour/virtual-tour-brooklyn-east-collegiate/,88%,,,,,
https://nyc.uncommonschools.org/student-data-privacy-notice/,nyc.uncommonschools.org,yes,,,67,very thin,0,yes,0,https://uncommonschools.org/uncommon-schools-student-data-privacy-notice/,87%,yes,,,,
https://nyc.uncommonschools.org/results/,nyc.uncommonschools.org,yes,,,1337,ok,0,yes,0,https://rochesterprep.uncommonschools.org/results/,89%,,,,,
https://nyc.uncommonschools.org/the-student-experience/,nyc.uncommonschools.org,yes,,,593,ok,10,yes,0,https://camdenprep.uncommonschools.org/the-student-experience/,90%,,,,,
https://nyc.uncommonschools.org/test-journey-map/,nyc.uncommonschools.org,yes,,,50,very thin,0,,0,,,,,,,Almost no content and nothing links to it: likely remove
https://nyc.uncommonschools.org/nyc-virtual-tour/virtual-tour-williamsburg/,nyc.uncommonschools.org,yes,,,56,very thin,2,,0,,,,,,,
https://nyc.uncommonschools.org/nyc-virtual-tour/virtual-tour-ocean-hill-middle/,nyc.uncommonschools.org,yes,,,66,very thin,1,,0,https://nyc.uncommonschools.org/nyc-virtual-tour/virtual-tour-brownsville-collegiate/,73%,,,,,
https://nyc.uncommonschools.org/nyc-virtual-tour/virtual-tour-brownsville-north/,nyc.uncommonschools.org,yes,,,92,very thin,1,,0,https://nyc.uncommonschools.org/nyc-virtual-tour/virtual-tour-bedstuy-west/,75%,,,,,
https://nyc.uncommonschools.org/nyc-virtual-tour/virtual-tour-canarsie/,nyc.uncommonschools.org,yes,,,82,very thin,1,,0,https://nyc.uncommonschools.org/nyc-virtual-tour/virtual-tour-brownsville-south/,79%,,,,,
https://nyc.uncommonschools.org/kings-schools/,nyc.uncommonschools.org,yes,,,102,thin,0,,0,https://nyc.uncommonschools.org/canarsie/,84%,,,,,
https://nyc.uncommonschools.org/nyc-virtual-tour/virtual-tour-brownsville-south/,nyc.uncommonschools.org,yes,,,84,very thin,1,,0,https://nyc.uncommonschools.org/nyc-virtual-tour/virtual-tour-canarsie/,79%,,,,,
https://nyc.uncommonschools.org/brownsville-south/,nyc.uncommonschools.org,yes,,,106,thin,0,,0,https://nyc.uncommonschools.org/canarsie/,94%,,,,,Nearly identical to another page: consider consolidating
https://nyc.uncommonschools.org/nyc-virtual-tour/virtual-tour-bedstuy-west/,nyc.uncommonschools.org,yes,,,88,very thin,1,,0,https://nyc.uncommonschools.org/nyc-virtual-tour/virtual-tour-canarsie/,76%,,,,,
https://nyc.uncommonschools.org/nyc-virtual-tour/virtual-tour-kings/,nyc.uncommonschools.org,yes,,,85,very thin,1,,0,,,,,,,
https://nyc.uncommonschools.org/nyc-virtual-tour/virtual-tour-excellence-girls/,nyc.uncommonschools.org,yes,,,84,very thin,1,,0,,,,,,,
https://nyc.uncommonschools.org/nyc-virtual-tour/excellence-boys/,nyc.uncommonschools.org,yes,,,85,very thin,1,,0,,,,,,,
https://nyc.uncommonschools.org/nyc-virtual-tour/virtual-tour-bed-stuy-east-middle/,nyc.uncommonschools.org,yes,,,64,very thin,0,,0,https://nyc.uncommonschools.org/nyc-virtual-tour/virtual-tour-brooklyn-east-collegiate/,81%,,,,,Almost no content and nothing links to it: likely remove
https://nyc.uncommonschools.org/canarsie/,nyc.uncommonschools.org,yes,,,102,thin,0,,0,https://nyc.uncommonschools.org/brownsville-south/,94%,,,,,Nearly identical to another page: consider consolidating
https://nyc.uncommonschools.org/nyc-virtual-tour/virtual-tour-crown-heights/,nyc.uncommonschools.org,yes,,,74,very thin,1,,0,,,,,,,
https://nyc.uncommonschools.org/brownsville-north/,nyc.uncommonschools.org,yes,,,107,thin,0,,0,https://nyc.uncommonschools.org/brownsville-south/,93%,,,,,Nearly identical to another page: consider consolidating
https://nyc.uncommonschools.org/enroll-spanish/,nyc.uncommonschools.org,redirects,https://nyc.uncommonschools.org/es/enroll-esp/,,1594,ok,1,,0,https://uncommonschools.org/newyorkcity-enrollment-spanish/,100%,,yes,,,Address changed: update links pointing here
https://nyc.uncommonschools.org/donation-confirmation/,nyc.uncommonschools.org,yes,,,19,very thin,0,,0,,,,yes,,,
https://nyc.uncommonschools.org/donation-failed/,nyc.uncommonschools.org,yes,,,19,very thin,0,,0,,,,yes,,,
https://nyc.uncommonschools.org/donor-dashboard/,nyc.uncommonschools.org,yes,,,19,very thin,0,,0,,,,yes,,,
https://nyc.uncommonschools.org/donate/,nyc.uncommonschools.org,yes,,,111,thin,0,yes,0,,,,yes,61,3.6,
https://nyc.uncommonschools.org/bed-stuy-west/,nyc.uncommonschools.org,yes,,,112,thin,0,,0,https://nyc.uncommonschools.org/canarsie/,88%,,,,,Nearly identical to another page: consider consolidating
https://nyc.uncommonschools.org/about-us/,nyc.uncommonschools.org,yes,,,441,ok,2,yes,0,,,,,,,
https://nyc.uncommonschools.org/crown-heights-pre-k/,nyc.uncommonschools.org,yes,,,562,ok,4,,0,https://nyc.uncommonschools.org/uncommon-bed-stuy-pre-k/,86%,,,,,Nearly identical to another page: consider consolidating
https://nyc.uncommonschools.org/excellence-pre-k/,nyc.uncommonschools.org,yes,,,461,ok,5,,0,https://nyc.uncommonschools.org/crown-heights-pre-k/,83%,,,,,
https://nyc.uncommonschools.org/25-26-school-year-enrollment-organic/,nyc.uncommonschools.org,yes,,,425,ok,51,,0,https://nyc.uncommonschools.org/26-27-school-year-enrollment-dooh/,92%,,yes,,,
https://nyc.uncommonschools.org/25-26-school-year-enrollment-great-schools/,nyc.uncommonschools.org,yes,,,432,ok,0,,0,https://nyc.uncommonschools.org/25-26-school-year-enrollment-organic/,90%,,yes,,,Nearly identical to another page: consider consolidating
https://nyc.uncommonschools.org/nyc-virtual-tour/,nyc.uncommonschools.org,yes,,,215,thin,5,,0,,,,,,,
https://nyc.uncommonschools.org/enroll-journey-map-update/,nyc.uncommonschools.org,yes,,,804,ok,0,,0,,,,yes,,,
https://nyc.uncommonschools.org/25-26-school-year-enrollment-google-search/,nyc.uncommonschools.org,yes,,,425,ok,0,,0,https://nyc.uncommonschools.org/26-27-school-year-enrollment-prog/,97%,,yes,,,Nearly identical to another page: consider consolidating
https://nyc.uncommonschools.org/26-27-school-year-enrollment-prog/,nyc.uncommonschools.org,yes,,,424,ok,0,,0,https://nyc.uncommonschools.org/25-26-school-year-enrollment-google-search/,97%,,yes,64,3.4,Nearly identical to another page: consider consolidating
https://nyc.uncommonschools.org/26-27-school-year-enrollment-dooh/,nyc.uncommonschools.org,yes,,,424,ok,0,,0,https://nyc.uncommonschools.org/26-27-school-year-enrollment-demgen/,98%,,yes,,,Nearly identical to another page: consider consolidating
https://nyc.uncommonschools.org/26-27-school-year-enrollment-demgen/,nyc.uncommonschools.org,yes,,,424,ok,0,,0,https://nyc.uncommonschools.org/26-27-school-year-enrollment-dooh/,98%,,yes,,,Nearly identical to another page: consider consolidating
https://nyc.uncommonschools.org/25-26-school-year-enrollment-etarget/,nyc.uncommonschools.org,yes,,,408,ok,0,,0,https://nyc.uncommonschools.org/25-26-school-year-enrollment-meta-rollover/,84%,,yes,,,
https://nyc.uncommonschools.org/prek-schedule/,nyc.uncommonschools.org,yes,,,269,ok,4,,0,https://camdenprep.uncommonschools.org/prek-schedule/,81%,,,,,
https://nyc.uncommonschools.org/prek/,nyc.uncommonschools.org,yes,,,523,ok,4,yes,0,https://camdenprep.uncommonschools.org/prek/,88%,,,,,
https://nyc.uncommonschools.org/uncommon-bed-stuy-pre-k/,nyc.uncommonschools.org,yes,,,538,ok,4,,0,https://nyc.uncommonschools.org/crown-heights-pre-k/,86%,,,,,Nearly identical to another page: consider consolidating
https://nyc.uncommonschools.org/schools/,nyc.uncommonschools.org,yes,,,525,ok,19,yes,0,,,,,,,
https://nyc.uncommonschools.org/open-house-2627sy/,nyc.uncommonschools.org,yes,,,65,very thin,2,yes,0,,,,,,,
https://nyc.uncommonschools.org/info-session/,nyc.uncommonschools.org,yes,,,36,very thin,3,yes,0,,,,,,,
https://nyc.uncommonschools.org/enroll-esp/,nyc.uncommonschools.org,yes,,,1397,ok,2,,0,,,,yes,,,
https://nyc.uncommonschools.org/26-27-school-year-enrollment-pmax/,nyc.uncommonschools.org,yes,,,424,ok,0,,0,https://nyc.uncommonschools.org/26-27-school-year-enrollment-dooh/,98%,,yes,,,Nearly identical to another page: consider consolidating
https://nyc.uncommonschools.org/25-26-school-year-enrollment-meta-rollover/,nyc.uncommonschools.org,yes,,,405,ok,0,,0,https://nyc.uncommonschools.org/25-26-school-year-enrollment-etarget/,84%,,yes,,,
https://nyc.uncommonschools.org/williamsburg-elementary/,nyc.uncommonschools.org,yes,,,1827,ok,2,,0,,,,,,,
https://nyc.uncommonschools.org/excellence-boys-elementary-academy/,nyc.uncommonschools.org,redirects,https://nyc.uncommonschools.org/excellence-boys-school/,,1335,ok,1,,0,https://nyc.uncommonschools.org/excellence-boys-middle/,100%,,,,,Address changed: update links pointing here
https://nyc.uncommonschools.org/excellence-boys-middle/,nyc.uncommonschools.org,redirects,https://nyc.uncommonschools.org/excellence-boys-school/,,1335,ok,2,,0,https://nyc.uncommonschools.org/excellence-boys-elementary-academy/,100%,,,,,Address changed: update links pointing here
https://nyc.uncommonschools.org/excellence-girls-elementary/,nyc.uncommonschools.org,redirects,https://nyc.uncommonschools.org/excellence-girls-school/,,843,ok,1,,0,https://nyc.uncommonschools.org/excellence-girls-middle/,100%,,,,,Address changed: update links pointing here
https://nyc.uncommonschools.org/excellence-girls-middle/,nyc.uncommonschools.org,redirects,https://nyc.uncommonschools.org/excellence-girls-school/,,843,ok,1,,0,https://nyc.uncommonschools.org/excellence-girls-elementary/,100%,,,,,Address changed: update links pointing here
https://nyc.uncommonschools.org/excellence-girls-school/,nyc.uncommonschools.org,yes,,,843,ok,2,,0,https://nyc.uncommonschools.org/excellence-girls-elementary/,100%,,,,,
https://nyc.uncommonschools.org/uncommon-charter-hs/,nyc.uncommonschools.org,yes,,,1722,ok,6,,0,https://nyc.uncommonschools.org/uncommon-prep-hs/,93%,,,,,
https://nyc.uncommonschools.org/bed-stuy-west-elementary/,nyc.uncommonschools.org,yes,,,736,ok,4,,0,https://nyc.uncommonschools.org/bed-stuy-west-middle/,92%,,,63,5.3,Nearly identical to another page: consider consolidating
https://nyc.uncommonschools.org/bed-stuy-west-middle/,nyc.uncommonschools.org,yes,,,716,ok,5,,0,https://nyc.uncommonschools.org/bed-stuy-west-elementary/,92%,,,,,
https://nyc.uncommonschools.org/uncommon-collegiate-hs/,nyc.uncommonschools.org,yes,,,1785,ok,4,,0,https://nyc.uncommonschools.org/uncommon-prep-hs/,89%,,,,,
https://nyc.uncommonschools.org/brownsville-north-elementary/,nyc.uncommonschools.org,yes,,,711,ok,3,,0,https://nyc.uncommonschools.org/brownsville-north-middle/,85%,,,,,Nearly identical to another page: consider consolidating
https://nyc.uncommonschools.org/uncommon-prep-hs/,nyc.uncommonschools.org,yes,,,1727,ok,3,,0,https://nyc.uncommonschools.org/uncommon-charter-hs/,93%,,,,,Nearly identical to another page: consider consolidating
https://nyc.uncommonschools.org/brownsville-north-middle/,nyc.uncommonschools.org,yes,,,734,ok,4,,0,https://nyc.uncommonschools.org/brownsville-south-middle/,90%,,,,,Nearly identical to another page: consider consolidating
https://nyc.uncommonschools.org/bedstuy-east-middle/,nyc.uncommonschools.org,yes,,,750,ok,1,,0,https://nyc.uncommonschools.org/bed-stuy-west-elementary/,80%,,,,,
https://nyc.uncommonschools.org/canarsie-elementary/,nyc.uncommonschools.org,yes,,,709,ok,3,,0,https://nyc.uncommonschools.org/canarsie-middle/,94%,,,,,Nearly identical to another page: consider consolidating
https://nyc.uncommonschools.org/canarsie-middle/,nyc.uncommonschools.org,yes,,,706,ok,4,,0,https://nyc.uncommonschools.org/canarsie-elementary/,94%,,,,,
https://nyc.uncommonschools.org/kings-elementary/,nyc.uncommonschools.org,yes,,,727,ok,4,,0,https://nyc.uncommonschools.org/crown-heights-elementary/,80%,,,,,
https://nyc.uncommonschools.org/kings-middle-school/,nyc.uncommonschools.org,yes,,,701,ok,1,,0,https://nyc.uncommonschools.org/canarsie-middle/,86%,,,,,Nearly identical to another page: consider consolidating
https://nyc.uncommonschools.org/leadership-charter-hs/,nyc.uncommonschools.org,yes,,,1773,ok,3,,0,https://nyc.uncommonschools.org/uncommon-prep-hs/,87%,,,,,Nearly identical to another page: consider consolidating
https://nyc.uncommonschools.org/brownsville-south-middle/,nyc.uncommonschools.org,yes,,,722,ok,4,,0,https://nyc.uncommonschools.org/canarsie-middle/,92%,,,,,Nearly identical to another page: consider consolidating
https://nyc.uncommonschools.org/brownsville-south-elementary/,nyc.uncommonschools.org,yes,,,713,ok,3,,0,https://nyc.uncommonschools.org/brownsville-south-middle/,88%,,,,,Nearly identical to another page: consider consolidating
https://nyc.uncommonschools.org/crown-heights-elementary/,nyc.uncommonschools.org,yes,,,727,ok,3,,0,https://nyc.uncommonschools.org/canarsie-middle/,88%,,,,,Nearly identical to another page: consider consolidating
https://nyc.uncommonschools.org/ocean-hill-middle/,nyc.uncommonschools.org,yes,,,782,ok,4,,0,https://nyc.uncommonschools.org/canarsie-middle/,80%,,,,,
https://nyc.uncommonschools.org/excellence-boys-school/,nyc.uncommonschools.org,yes,,,1335,ok,2,,0,https://nyc.uncommonschools.org/excellence-boys-elementary-academy/,100%,,,,,
https://nyc.uncommonschools.org/williamsburg-middle/,nyc.uncommonschools.org,yes,,,794,ok,3,,0,,,,,,,
https://nyc.uncommonschools.org/25-26-school-year-enrollment-application/,nyc.uncommonschools.org,yes,,,1547,ok,1,,0,,,,yes,,,
https://nyc.uncommonschools.org/board-of-trustees/,nyc.uncommonschools.org,yes,,,252,ok,0,yes,0,,,,,,,
https://nyc.uncommonschools.org/enroll/,nyc.uncommonschools.org,yes,,,941,ok,46,yes,0,https://uncommonschools.org/new-york-city-enrollment/,100%,,yes,57,6.4,
https://nyc.uncommonschools.org/family-resources/,nyc.uncommonschools.org,yes,,,486,ok,8,yes,0,https://uncommonschools.org/uncommon-nyc-handbooks/,100%,,,,,
https://nyc.uncommonschools.org/current-legal-notices/,nyc.uncommonschools.org,yes,,,248,thin,0,yes,0,https://uncommonschools.org/current-legal-notices/,97%,yes,,,,
https://roxburyprep.uncommonschools.org/,roxburyprep.uncommonschools.org,yes,,,655,ok,7,yes,0,,,,,49,6.8,
https://roxburyprep.uncommonschools.org/find-a-school/,roxburyprep.uncommonschools.org,yes,,,26,very thin,4,yes,0,,,,yes,,,
https://roxburyprep.uncommonschools.org/harassment-and-bullying/,roxburyprep.uncommonschools.org,yes,,,1368,ok,0,,0,https://rochesterprep.uncommonschools.org/harassment-and-bullying/,95%,yes,,,,Nearly identical to another page: consider consolidating
https://roxburyprep.uncommonschools.org/technology-and-internet-use/,roxburyprep.uncommonschools.org,yes,,,697,ok,0,,0,https://northstar.uncommonschools.org/technology-and-internet-use/,92%,,,,,Nearly identical to another page: consider consolidating
https://roxburyprep.uncommonschools.org/contact/,roxburyprep.uncommonschools.org,yes,,,129,thin,0,yes,0,,,,,57,2.5,
https://roxburyprep.uncommonschools.org/what-is-a-charter-school/,roxburyprep.uncommonschools.org,yes,,,374,ok,0,yes,0,https://rochesterprep.uncommonschools.org/what-is-a-charter-school/,76%,,,,,
https://roxburyprep.uncommonschools.org/family-council/,roxburyprep.uncommonschools.org,yes,,,452,ok,0,,0,,,,,,,
https://roxburyprep.uncommonschools.org/news/,roxburyprep.uncommonschools.org,yes,,,24,very thin,1,yes,0,,,,,39,5.7,
https://roxburyprep.uncommonschools.org/careers/,roxburyprep.uncommonschools.org,yes,,,147,thin,2,yes,0,,,,yes,48,2.7,
https://roxburyprep.uncommonschools.org/shradha-patel/,roxburyprep.uncommonschools.org,yes,,,390,ok,2,,0,,,,,,,
https://roxburyprep.uncommonschools.org/dr-j-keith-motley/,roxburyprep.uncommonschools.org,yes,,,352,ok,1,,0,,,,,,,
https://roxburyprep.uncommonschools.org/chynah-tyler/,roxburyprep.uncommonschools.org,yes,,,286,ok,1,,0,,,,,,,
https://roxburyprep.uncommonschools.org/titciana-barros/,roxburyprep.uncommonschools.org,yes,,,210,thin,1,,0,,,,,,,
https://roxburyprep.uncommonschools.org/dwayne-robinson/,roxburyprep.uncommonschools.org,yes,,,277,ok,1,,0,,,,,,,
https://roxburyprep.uncommonschools.org/roxbury-prep-legacy/,roxburyprep.uncommonschools.org,yes,,,234,thin,6,,0,,,,,,,
https://roxburyprep.uncommonschools.org/deses-2021-tiered-focused-monitoring-review-of-roxbury-prep-2/,roxburyprep.uncommonschools.org,yes,,,50,very thin,0,,0,,,yes,,,,
https://roxburyprep.uncommonschools.org/24-25-school-year-enrollment-e-target/,roxburyprep.uncommonschools.org,yes,,,247,thin,0,,0,https://roxburyprep.uncommonschools.org/24-25-school-year-enrollment-google-search/,97%,,yes,,,Nearly identical to another page: consider consolidating
https://roxburyprep.uncommonschools.org/24-25-school-year-enrollment-google-search/,roxburyprep.uncommonschools.org,yes,,,248,thin,0,,0,https://roxburyprep.uncommonschools.org/24-25-school-year-enrollment-e-target/,97%,,yes,,,Nearly identical to another page: consider consolidating
https://roxburyprep.uncommonschools.org/24-25-school-year-enrollment-organic/,roxburyprep.uncommonschools.org,yes,,,232,thin,0,,0,https://roxburyprep.uncommonschools.org/24-25-school-year-enrollment-e-target/,82%,,yes,,,
https://roxburyprep.uncommonschools.org/family-resources/family-newsletters/,roxburyprep.uncommonschools.org,yes,,,682,ok,0,,0,,,,,,,
https://roxburyprep.uncommonschools.org/john-king-jr/,roxburyprep.uncommonschools.org,yes,,,406,ok,1,,0,,,,,,,
https://roxburyprep.uncommonschools.org/donation-confirmation/,roxburyprep.uncommonschools.org,yes,,,25,very thin,0,,0,,,,yes,,,
https://roxburyprep.uncommonschools.org/donation-failed/,roxburyprep.uncommonschools.org,yes,,,25,very thin,0,,0,,,,yes,,,
https://roxburyprep.uncommonschools.org/donor-dashboard/,roxburyprep.uncommonschools.org,yes,,,25,very thin,0,,0,,,,yes,,,
https://roxburyprep.uncommonschools.org/campuses/,roxburyprep.uncommonschools.org,yes,,,141,thin,15,yes,0,,,,,,,
https://roxburyprep.uncommonschools.org/donate/,roxburyprep.uncommonschools.org,yes,,,85,very thin,0,yes,0,,,,yes,55,2.7,
https://roxburyprep.uncommonschools.org/enroll-esp/,roxburyprep.uncommonschools.org,yes,,,1461,ok,0,yes,0,,,,yes,,,
https://roxburyprep.uncommonschools.org/25-years-of-roxbury-prep/,roxburyprep.uncommonschools.org,yes,,,2062,ok,0,yes,0,,,,,,,
https://roxburyprep.uncommonschools.org/25-26-school-year-enrollment-e-target/,roxburyprep.uncommonschools.org,yes,,,352,ok,0,,0,https://roxburyprep.uncommonschools.org/25-26-school-year-enrollment-google-search/,96%,,yes,,,Nearly identical to another page: consider consolidating
https://roxburyprep.uncommonschools.org/25-26-school-year-enrollment-meta-rollover/,roxburyprep.uncommonschools.org,yes,,,403,ok,0,,0,https://roxburyprep.uncommonschools.org/26-27-school-year-enrollment-demgen/,98%,,yes,,,Nearly identical to another page: consider consolidating
https://roxburyprep.uncommonschools.org/nutrition-and-wellness/,roxburyprep.uncommonschools.org,yes,,,247,thin,0,,0,,,yes,,,,
https://roxburyprep.uncommonschools.org/school-tours/,roxburyprep.uncommonschools.org,yes,,,123,thin,0,,0,,,,,,,
https://roxburyprep.uncommonschools.org/the-student-experience/,roxburyprep.uncommonschools.org,yes,,,678,ok,16,yes,0,https://camdenprep.uncommonschools.org/the-student-experience/,78%,,,,,
https://roxburyprep.uncommonschools.org/25-26-school-year-enrollment-google-search/,roxburyprep.uncommonschools.org,yes,,,366,ok,0,,0,https://roxburyprep.uncommonschools.org/25-26-school-year-enrollment-e-target/,96%,,yes,,,Nearly identical to another page: consider consolidating
https://roxburyprep.uncommonschools.org/26-27-school-year-enrollment-prog/,roxburyprep.uncommonschools.org,yes,,,402,ok,0,,0,https://roxburyprep.uncommonschools.org/26-27-school-year-enrollment-dooh/,98%,,yes,54,3.2,Nearly identical to another page: consider consolidating
https://roxburyprep.uncommonschools.org/26-27-school-year-enrollment-dooh/,roxburyprep.uncommonschools.org,yes,,,402,ok,0,,0,https://roxburyprep.uncommonschools.org/26-27-school-year-enrollment-prog/,98%,,yes,,,Nearly identical to another page: consider consolidating
https://roxburyprep.uncommonschools.org/26-27-school-year-enrollment-demgen/,roxburyprep.uncommonschools.org,yes,,,402,ok,0,,0,https://roxburyprep.uncommonschools.org/25-26-school-year-enrollment-meta-rollover/,98%,,yes,,,Nearly identical to another page: consider consolidating
https://roxburyprep.uncommonschools.org/26-27-school-year-enrollment-great-schools/,roxburyprep.uncommonschools.org,yes,,,405,ok,0,,0,https://roxburyprep.uncommonschools.org/25-26-school-year-enrollment-google-search/,95%,,yes,,,Nearly identical to another page: consider consolidating
https://roxburyprep.uncommonschools.org/roxbury-prep-hs/,roxburyprep.uncommonschools.org,yes,,,2020,ok,5,,0,,,,,,,
https://roxburyprep.uncommonschools.org/roxbury-prep-building-updates/,roxburyprep.uncommonschools.org,yes,,,1086,ok,0,,0,,,,,,,
https://roxburyprep.uncommonschools.org/25-26-school-year-enrollment-organic/,roxburyprep.uncommonschools.org,yes,,,407,ok,52,,0,https://roxburyprep.uncommonschools.org/25-26-school-year-enrollment-e-target/,94%,,yes,,,
https://roxburyprep.uncommonschools.org/26-27-school-year-enrollment-pmax/,roxburyprep.uncommonschools.org,yes,,,402,ok,0,,0,https://roxburyprep.uncommonschools.org/26-27-school-year-enrollment-dooh/,98%,,yes,,,Nearly identical to another page: consider consolidating
https://roxburyprep.uncommonschools.org/about-us/,roxburyprep.uncommonschools.org,yes,,,730,ok,0,yes,0,,,,,,,
https://roxburyprep.uncommonschools.org/dorchester/,roxburyprep.uncommonschools.org,yes,,,862,ok,3,,0,,,,,,,
https://roxburyprep.uncommonschools.org/proctor-middle/,roxburyprep.uncommonschools.org,yes,,,843,ok,2,,0,,,,,48,5.0,
https://roxburyprep.uncommonschools.org/roxbury-virtual-tour/,roxburyprep.uncommonschools.org,yes,,,96,very thin,5,yes,0,,,,,,,
https://roxburyprep.uncommonschools.org/results/,roxburyprep.uncommonschools.org,yes,,,1471,ok,3,yes,0,https://rochesterprep.uncommonschools.org/results/,82%,,,,,
https://roxburyprep.uncommonschools.org/enroll/,roxburyprep.uncommonschools.org,yes,,,1315,ok,26,yes,0,https://uncommonschools.org/roxbury-prep-enrollment/,100%,,yes,47,60.3,
https://roxburyprep.uncommonschools.org/new-family-faq/,roxburyprep.uncommonschools.org,yes,,,715,ok,1,,0,,,,,55,2.7,
https://roxburyprep.uncommonschools.org/family-resources/,roxburyprep.uncommonschools.org,yes,,,607,ok,3,yes,0,,,,,,,
https://roxburyprep.uncommonschools.org/board-of-trustees/,roxburyprep.uncommonschools.org,yes,,,1821,ok,0,yes,0,,,,,,,
https://roxburyprep.uncommonschools.org/current-legal-notices/,roxburyprep.uncommonschools.org,yes,,,334,ok,1,yes,0,,,yes,,,,
https://northstar.uncommonschools.org/,northstar.uncommonschools.org,yes,,,619,ok,4,yes,0,,,,,68,9.0,
https://northstar.uncommonschools.org/find-a-school/,northstar.uncommonschools.org,yes,,,38,very thin,14,yes,0,,,,yes,,,
https://northstar.uncommonschools.org/2-0-homepage/,northstar.uncommonschools.org,yes,,,165,thin,0,,0,,,,,,,
https://northstar.uncommonschools.org/contact/,northstar.uncommonschools.org,yes,,,168,thin,0,yes,0,,,,,70,1.8,
https://northstar.uncommonschools.org/what-is-a-charter-school/,northstar.uncommonschools.org,yes,,,380,ok,0,yes,0,https://camdenprep.uncommonschools.org/what-is-a-charter-school/,88%,,,,,
https://northstar.uncommonschools.org/news/,northstar.uncommonschools.org,yes,,,42,very thin,1,yes,0,,,,,65,52.5,
https://northstar.uncommonschools.org/24-25-school-year-enrollment-etarget/,northstar.uncommonschools.org,yes,,,219,thin,0,,0,https://northstar.uncommonschools.org/24-25-school-year-enrollment-google-search/,94%,,yes,,,Nearly identical to another page: consider consolidating
https://northstar.uncommonschools.org/24-25-school-year-enrollment-google-search/,northstar.uncommonschools.org,yes,,,241,thin,0,,0,https://northstar.uncommonschools.org/24-25-school-year-enrollment-etarget/,94%,,yes,,,Nearly identical to another page: consider consolidating
https://northstar.uncommonschools.org/nutrition-and-wellness/,northstar.uncommonschools.org,yes,,,753,ok,1,,0,https://camdenprep.uncommonschools.org/nutrition-and-wellness/,87%,yes,,,,
https://northstar.uncommonschools.org/family-resources/family-newsletters/,northstar.uncommonschools.org,yes,,,857,ok,0,,0,,,,,,,
https://northstar.uncommonschools.org/donation-confirmation/,northstar.uncommonschools.org,yes,,,15,very thin,0,,0,,,,yes,,,
https://northstar.uncommonschools.org/donation-failed/,northstar.uncommonschools.org,yes,,,15,very thin,0,,0,,,,yes,,,
https://northstar.uncommonschools.org/donor-dashboard/,northstar.uncommonschools.org,yes,,,15,very thin,0,,0,,,,yes,,,
https://northstar.uncommonschools.org/donor-dashboard-2/,northstar.uncommonschools.org,yes,,,15,very thin,0,,0,,,,yes,,,
https://northstar.uncommonschools.org/25-26-school-year-enrollment-etarget/,northstar.uncommonschools.org,yes,,,390,ok,0,,0,https://northstar.uncommonschools.org/25-26-school-year-enrollment-organic/,90%,,yes,,,Nearly identical to another page: consider consolidating
https://northstar.uncommonschools.org/fairmount-elementary-school/,northstar.uncommonschools.org,yes,,,701,ok,2,,0,https://northstar.uncommonschools.org/liberty-elementary-school/,90%,,,,,Nearly identical to another page: consider consolidating
https://northstar.uncommonschools.org/the-student-experience/,northstar.uncommonschools.org,yes,,,756,ok,14,yes,0,,,,,,,
https://northstar.uncommonschools.org/results/,northstar.uncommonschools.org,yes,,,1352,ok,17,yes,0,https://camdenprep.uncommonschools.org/results/,90%,,,,,
https://northstar.uncommonschools.org/donate/,northstar.uncommonschools.org,yes,,,77,very thin,0,yes,0,https://camdenprep.uncommonschools.org/donate/,76%,,yes,74,1.7,
https://northstar.uncommonschools.org/careers/,northstar.uncommonschools.org,yes,,,161,thin,2,yes,0,https://rochesterprep.uncommonschools.org/careers/,74%,,yes,65,3.1,
https://northstar.uncommonschools.org/about-us/,northstar.uncommonschools.org,yes,,,847,ok,2,yes,0,,,,,,,
https://northstar.uncommonschools.org/lead-results/,northstar.uncommonschools.org,yes,,,87,very thin,1,,0,,,,,,,
https://northstar.uncommonschools.org/board-materials/,northstar.uncommonschools.org,yes,,,157,thin,1,,0,,,yes,,,,
https://northstar.uncommonschools.org/liberty-elementary-school/,northstar.uncommonschools.org,yes,,,678,ok,2,,0,https://northstar.uncommonschools.org/fairmount-elementary-school/,90%,,,,,Nearly identical to another page: consider consolidating
https://northstar.uncommonschools.org/lincoln-park-es/,northstar.uncommonschools.org,yes,,,669,ok,4,,0,https://northstar.uncommonschools.org/lincoln-park-ms/,90%,,,,,Nearly identical to another page: consider consolidating
https://northstar.uncommonschools.org/school-uniforms/,northstar.uncommonschools.org,yes,,,93,very thin,17,,0,,,,,,,
https://northstar.uncommonschools.org/technology-and-internet-use/,northstar.uncommonschools.org,yes,,,728,ok,1,,0,https://rochesterprep.uncommonschools.org/technology-and-internet-use/,94%,,,,,
https://northstar.uncommonschools.org/24-25-school-year-enrollment-organic/,northstar.uncommonschools.org,yes,,,403,ok,0,,0,https://northstar.uncommonschools.org/25-26-school-year-enrollment-organic/,93%,,yes,,,Nearly identical to another page: consider consolidating
https://northstar.uncommonschools.org/25-26-school-year-enrollment-google-search/,northstar.uncommonschools.org,yes,,,383,ok,0,,0,https://northstar.uncommonschools.org/26-27-school-year-enrollment-dooh/,97%,,yes,,,Nearly identical to another page: consider consolidating
https://northstar.uncommonschools.org/25-26-school-year-enrollment-meta-rollover/,northstar.uncommonschools.org,yes,,,388,ok,0,,0,https://northstar.uncommonschools.org/25-26-school-year-enrollment-google-search/,97%,,yes,,,Nearly identical to another page: consider consolidating
https://northstar.uncommonschools.org/25-26-school-year-enrollment-organic/,northstar.uncommonschools.org,yes,,,381,ok,1,,0,https://northstar.uncommonschools.org/25-26-school-year-enrollment-google-search/,97%,,yes,,,
https://northstar.uncommonschools.org/west-side-park-ms/,northstar.uncommonschools.org,yes,,,720,ok,4,,0,https://northstar.uncommonschools.org/west-side-park-es/,85%,,,,,Nearly identical to another page: consider consolidating
https://northstar.uncommonschools.org/enroll/,northstar.uncommonschools.org,yes,,,1570,ok,36,yes,0,,,,yes,53,37.8,
https://northstar.uncommonschools.org/26-27-school-year-enrollment-prog/,northstar.uncommonschools.org,yes,,,382,ok,0,,0,https://northstar.uncommonschools.org/26-27-school-year-enrollment-dooh/,98%,,yes,66,2.4,Nearly identical to another page: consider consolidating
https://northstar.uncommonschools.org/26-27-school-year-enrollment-dooh/,northstar.uncommonschools.org,yes,,,382,ok,0,,0,https://northstar.uncommonschools.org/26-27-school-year-enrollment-pmax/,99%,,yes,,,Nearly identical to another page: consider consolidating
https://northstar.uncommonschools.org/26-27-school-year-enrollment-demgen/,northstar.uncommonschools.org,yes,,,382,ok,0,,0,https://northstar.uncommonschools.org/26-27-school-year-enrollment-dooh/,98%,,yes,,,Nearly identical to another page: consider consolidating
https://northstar.uncommonschools.org/downtown-middle/,northstar.uncommonschools.org,yes,,,692,ok,2,,0,https://northstar.uncommonschools.org/lincoln-park-es/,86%,,,,,Nearly identical to another page: consider consolidating
https://northstar.uncommonschools.org/vailsburg-middle/,northstar.uncommonschools.org,yes,,,597,ok,3,,0,https://northstar.uncommonschools.org/vailsburg-elementary-school/,81%,,,,,
https://northstar.uncommonschools.org/26-27-school-year-enrollment-great-schools/,northstar.uncommonschools.org,yes,,,383,ok,0,,0,https://northstar.uncommonschools.org/26-27-school-year-enrollment-dooh/,98%,,yes,,,Nearly identical to another page: consider consolidating
https://northstar.uncommonschools.org/harassment-and-bullying/,northstar.uncommonschools.org,yes,,,1393,ok,2,,0,https://rochesterprep.uncommonschools.org/harassment-and-bullying/,80%,yes,,,,
https://northstar.uncommonschools.org/26-27-school-year-enrollment-pmax/,northstar.uncommonschools.org,yes,,,382,ok,0,,0,https://northstar.uncommonschools.org/26-27-school-year-enrollment-dooh/,99%,,yes,,,Nearly identical to another page: consider consolidating
https://northstar.uncommonschools.org/board-of-trustees/,northstar.uncommonschools.org,yes,,,422,ok,0,yes,0,,,,,,,
https://northstar.uncommonschools.org/family-resources/,northstar.uncommonschools.org,yes,,,427,ok,16,yes,0,,,,,,,
https://northstar.uncommonschools.org/clinton-hill-ms/,northstar.uncommonschools.org,yes,,,650,ok,3,,0,https://northstar.uncommonschools.org/vailsburg-elementary-school/,83%,,,,,
https://northstar.uncommonschools.org/central-ave-ms/,northstar.uncommonschools.org,yes,,,691,ok,2,,0,https://northstar.uncommonschools.org/lincoln-park-es/,86%,,,,,Nearly identical to another page: consider consolidating
https://northstar.uncommonschools.org/alexander-street-es/,northstar.uncommonschools.org,yes,,,681,ok,3,,0,https://northstar.uncommonschools.org/liberty-elementary-school/,88%,,,64,4.3,
https://northstar.uncommonschools.org/vailsburg-elementary-school/,northstar.uncommonschools.org,yes,,,615,ok,4,,0,https://northstar.uncommonschools.org/clinton-hill-ms/,83%,,,,,
https://northstar.uncommonschools.org/west-side-park-es/,northstar.uncommonschools.org,yes,,,701,ok,4,,0,https://northstar.uncommonschools.org/fairmount-elementary-school/,87%,,,,,
https://northstar.uncommonschools.org/lincoln-park-ms/,northstar.uncommonschools.org,yes,,,698,ok,4,,0,https://northstar.uncommonschools.org/lincoln-park-es/,90%,,,,,Nearly identical to another page: consider consolidating
https://northstar.uncommonschools.org/lincoln-park-hs/,northstar.uncommonschools.org,yes,,,1836,ok,3,,0,https://northstar.uncommonschools.org/washington-park-hs/,87%,,,,,Nearly identical to another page: consider consolidating
https://northstar.uncommonschools.org/washington-park-hs/,northstar.uncommonschools.org,yes,,,1810,ok,3,,0,https://northstar.uncommonschools.org/lincoln-park-hs/,87%,,,,,Nearly identical to another page: consider consolidating
https://northstar.uncommonschools.org/campuses/,northstar.uncommonschools.org,yes,,,372,ok,3,yes,0,,,,,,,
https://northstar.uncommonschools.org/elementary-school-7/,northstar.uncommonschools.org,yes,,,650,ok,3,,0,https://northstar.uncommonschools.org/vailsburg-elementary-school/,73%,,,,,
https://northstar.uncommonschools.org/compliance-and-policy/,northstar.uncommonschools.org,yes,,,3402,ok,1,yes,0,,,yes,,,,
https://camdenprep.uncommonschools.org/,camdenprep.uncommonschools.org,yes,,,456,ok,4,yes,0,,,,,59,3.3,
https://camdenprep.uncommonschools.org/compliance-and-policy/,camdenprep.uncommonschools.org,yes,,,268,ok,2,yes,0,,,yes,,,,
https://camdenprep.uncommonschools.org/camden-prep-hs/,camdenprep.uncommonschools.org,yes,,,1799,ok,3,,0,https://northstar.uncommonschools.org/washington-park-hs/,78%,,,,,
https://camdenprep.uncommonschools.org/copewood-middle-school/,camdenprep.uncommonschools.org,yes,,,660,ok,3,,0,https://camdenprep.uncommonschools.org/copewood-es/,83%,,,,,
https://camdenprep.uncommonschools.org/mt-ephraim-es/,camdenprep.uncommonschools.org,yes,,,724,ok,5,,0,https://camdenprep.uncommonschools.org/mt-ephraim-ms/,88%,,,,,Nearly identical to another page: consider consolidating
https://camdenprep.uncommonschools.org/family-resources/,camdenprep.uncommonschools.org,yes,,,380,ok,8,yes,0,,,,,,,
https://camdenprep.uncommonschools.org/enroll/,camdenprep.uncommonschools.org,yes,,,1304,ok,28,yes,0,,,,yes,54,20.9,
https://camdenprep.uncommonschools.org/start-your-application-for-school-year-2026-2027/,camdenprep.uncommonschools.org,yes,,,22,very thin,21,,0,,,,yes,,,
https://camdenprep.uncommonschools.org/26-27-school-year-enrollment-pmax/,camdenprep.uncommonschools.org,yes,,,382,ok,0,,0,https://camdenprep.uncommonschools.org/26-27-school-year-enrollment-demgen/,96%,,yes,,,Nearly identical to another page: consider consolidating
https://camdenprep.uncommonschools.org/board-of-trustees/,camdenprep.uncommonschools.org,yes,,,318,ok,0,yes,0,,,,,,,
https://camdenprep.uncommonschools.org/camden-prep-prek/,camdenprep.uncommonschools.org,yes,,,511,ok,1,,0,https://nyc.uncommonschools.org/uncommon-bed-stuy-pre-k/,82%,,,,,
https://camdenprep.uncommonschools.org/prek-schedule/,camdenprep.uncommonschools.org,yes,,,248,thin,2,,0,https://nyc.uncommonschools.org/prek-schedule/,81%,,,,,
https://camdenprep.uncommonschools.org/prek/,camdenprep.uncommonschools.org,yes,,,483,ok,20,yes,0,https://nyc.uncommonschools.org/prek/,88%,,,,,
https://camdenprep.uncommonschools.org/26-27-school-year-enrollment-great-schools/,camdenprep.uncommonschools.org,yes,,,383,ok,0,,0,https://camdenprep.uncommonschools.org/26-27-school-year-enrollment-pmax/,95%,,yes,,,Nearly identical to another page: consider consolidating
https://camdenprep.uncommonschools.org/26-27-school-year-enrollment-demgen/,camdenprep.uncommonschools.org,yes,,,382,ok,0,,0,https://camdenprep.uncommonschools.org/26-27-school-year-enrollment-dooh/,99%,,yes,,,Nearly identical to another page: consider consolidating
https://camdenprep.uncommonschools.org/26-27-school-year-enrollment-dooh/,camdenprep.uncommonschools.org,yes,,,382,ok,0,,0,https://camdenprep.uncommonschools.org/26-27-school-year-enrollment-demgen/,99%,,yes,,,Nearly identical to another page: consider consolidating
https://camdenprep.uncommonschools.org/26-27-school-year-enrollment-prog/,camdenprep.uncommonschools.org,yes,,,382,ok,0,,0,https://camdenprep.uncommonschools.org/26-27-school-year-enrollment-demgen/,98%,,yes,67,2.3,Nearly identical to another page: consider consolidating
https://camdenprep.uncommonschools.org/school-uniforms/,camdenprep.uncommonschools.org,yes,,,82,very thin,0,,0,,,,,,,Almost no content and nothing links to it: likely remove
https://camdenprep.uncommonschools.org/mt-ephraim-ms/,camdenprep.uncommonschools.org,yes,,,676,ok,5,,0,https://camdenprep.uncommonschools.org/mt-ephraim-es/,88%,,,,,Nearly identical to another page: consider consolidating
https://camdenprep.uncommonschools.org/about-us/,camdenprep.uncommonschools.org,yes,,,635,ok,0,yes,0,,,,,,,
https://camdenprep.uncommonschools.org/24-25-school-year-enrollment-organic/,camdenprep.uncommonschools.org,yes,,,381,ok,1,,0,https://camdenprep.uncommonschools.org/25-26-school-year-enrollment-organic/,95%,,yes,,,
https://camdenprep.uncommonschools.org/donate/,camdenprep.uncommonschools.org,yes,,,77,very thin,0,yes,0,https://northstar.uncommonschools.org/donate/,76%,,yes,76,1.8,
https://camdenprep.uncommonschools.org/25-26-school-year-enrollment-meta-rollover/,camdenprep.uncommonschools.org,yes,,,383,ok,0,,0,https://camdenprep.uncommonschools.org/26-27-school-year-enrollment-prog/,97%,,yes,,,Nearly identical to another page: consider consolidating
https://camdenprep.uncommonschools.org/donor-dashboard/,camdenprep.uncommonschools.org,yes,,,17,very thin,0,,0,,,,yes,,,
https://camdenprep.uncommonschools.org/donation-failed/,camdenprep.uncommonschools.org,yes,,,17,very thin,0,,0,,,,yes,,,
https://camdenprep.uncommonschools.org/donation-confirmation/,camdenprep.uncommonschools.org,yes,,,17,very thin,0,,0,,,,yes,,,
https://camdenprep.uncommonschools.org/25-26-school-year-enrollment-organic/,camdenprep.uncommonschools.org,yes,,,381,ok,0,,0,https://camdenprep.uncommonschools.org/25-26-school-year-enrollment-meta-rollover/,96%,,yes,,,Nearly identical to another page: consider consolidating
https://camdenprep.uncommonschools.org/25-26-school-year-enrollment-google-search/,camdenprep.uncommonschools.org,yes,,,383,ok,0,,0,https://camdenprep.uncommonschools.org/25-26-school-year-enrollment-meta-rollover/,96%,,yes,,,Nearly identical to another page: consider consolidating
https://camdenprep.uncommonschools.org/25-26-school-year-enrollment-etarget/,camdenprep.uncommonschools.org,yes,,,375,ok,0,,0,https://camdenprep.uncommonschools.org/25-26-school-year-enrollment-organic/,95%,,yes,,,Nearly identical to another page: consider consolidating
https://camdenprep.uncommonschools.org/copewood-es/,camdenprep.uncommonschools.org,yes,,,692,ok,3,,0,https://camdenprep.uncommonschools.org/mt-ephraim-es/,88%,,,63,4.0,Nearly identical to another page: consider consolidating
https://camdenprep.uncommonschools.org/camden-virtual-tour/,camdenprep.uncommonschools.org,yes,,,119,thin,6,yes,0,,,,,,,
https://camdenprep.uncommonschools.org/harassment-and-bullying/,camdenprep.uncommonschools.org,yes,,,1293,ok,2,,0,https://rochesterprep.uncommonschools.org/harassment-and-bullying/,77%,yes,,,,
https://camdenprep.uncommonschools.org/test/,camdenprep.uncommonschools.org,yes,,,16,very thin,0,,0,,,,,87,1.5,Almost no content and nothing links to it: likely remove
https://camdenprep.uncommonschools.org/24-25-school-year-enrollment-google-search/,camdenprep.uncommonschools.org,yes,,,174,thin,0,,0,https://camdenprep.uncommonschools.org/24-25-school-year-enrollment-etarget/,96%,,yes,,,Nearly identical to another page: consider consolidating
https://camdenprep.uncommonschools.org/24-25-school-year-enrollment-etarget/,camdenprep.uncommonschools.org,yes,,,173,thin,0,,0,https://camdenprep.uncommonschools.org/24-25-school-year-enrollment-google-search/,96%,,yes,,,Nearly identical to another page: consider consolidating
https://camdenprep.uncommonschools.org/campuses/,camdenprep.uncommonschools.org,yes,,,220,thin,16,yes,0,,,,,,,
https://camdenprep.uncommonschools.org/archive-board-meeting-minutes/,camdenprep.uncommonschools.org,yes,,,57,very thin,0,,0,,,yes,,,,
https://camdenprep.uncommonschools.org/results/,camdenprep.uncommonschools.org,yes,,,1307,ok,2,yes,0,https://northstar.uncommonschools.org/results/,90%,,,,,
https://camdenprep.uncommonschools.org/the-student-experience/,camdenprep.uncommonschools.org,yes,,,606,ok,13,yes,0,https://nyc.uncommonschools.org/the-student-experience/,90%,,,,,
https://camdenprep.uncommonschools.org/careers/,camdenprep.uncommonschools.org,yes,,,171,thin,7,yes,0,https://rochesterprep.uncommonschools.org/careers/,80%,,yes,60,2.5,
https://camdenprep.uncommonschools.org/news/,camdenprep.uncommonschools.org,yes,,,53,very thin,1,yes,0,https://camdenprep.uncommonschools.org/find-a-school/,91%,,,37,4.6,
https://camdenprep.uncommonschools.org/contact/,camdenprep.uncommonschools.org,yes,,,152,thin,0,yes,0,https://rochesterprep.uncommonschools.org/contact/,74%,,,58,2.3,
https://camdenprep.uncommonschools.org/what-is-a-charter-school/,camdenprep.uncommonschools.org,yes,,,392,ok,0,yes,0,https://northstar.uncommonschools.org/what-is-a-charter-school/,88%,,,,,
https://camdenprep.uncommonschools.org/technology-and-internet-use/,camdenprep.uncommonschools.org,yes,,,721,ok,0,,0,https://rochesterprep.uncommonschools.org/technology-and-internet-use/,94%,,,,,Nearly identical to another page: consider consolidating
https://camdenprep.uncommonschools.org/nutrition-and-wellness/,camdenprep.uncommonschools.org,yes,,,705,ok,0,,0,https://northstar.uncommonschools.org/nutrition-and-wellness/,87%,yes,,,,Nearly identical to another page: consider consolidating
https://camdenprep.uncommonschools.org/find-a-school/,camdenprep.uncommonschools.org,yes,,,50,very thin,2,yes,0,https://camdenprep.uncommonschools.org/news/,91%,,yes,,,
https://rochesterprep.uncommonschools.org/,rochesterprep.uncommonschools.org,yes,,,442,ok,2,yes,0,https://nyc.uncommonschools.org/,71%,,,62,2.8,
https://rochesterprep.uncommonschools.org/find-a-school/,rochesterprep.uncommonschools.org,yes,,,35,very thin,2,yes,0,,,,yes,,,
https://rochesterprep.uncommonschools.org/harassment-and-bullying/,rochesterprep.uncommonschools.org,yes,,,1377,ok,0,,0,https://nyc.uncommonschools.org/harassment-and-bullying/,95%,yes,,,,Nearly identical to another page: consider consolidating
https://rochesterprep.uncommonschools.org/technology-and-internet-use/,rochesterprep.uncommonschools.org,yes,,,706,ok,0,,0,https://camdenprep.uncommonschools.org/technology-and-internet-use/,94%,,,,,Nearly identical to another page: consider consolidating
https://rochesterprep.uncommonschools.org/contact/,rochesterprep.uncommonschools.org,yes,,,164,thin,0,yes,0,https://camdenprep.uncommonschools.org/contact/,74%,,,61,2.5,
https://rochesterprep.uncommonschools.org/what-is-a-charter-school/,rochesterprep.uncommonschools.org,yes,,,398,ok,0,yes,0,https://nyc.uncommonschools.org/what-is-a-charter-school/,78%,,,,,
https://rochesterprep.uncommonschools.org/news/,rochesterprep.uncommonschools.org,yes,,,38,very thin,1,yes,0,,,,,41,6.0,
https://rochesterprep.uncommonschools.org/careers/,rochesterprep.uncommonschools.org,yes,,,156,thin,7,yes,0,https://camdenprep.uncommonschools.org/careers/,80%,,yes,59,2.6,
https://rochesterprep.uncommonschools.org/campuses/,rochesterprep.uncommonschools.org,yes,,,228,thin,15,yes,0,,,,,,,
https://rochesterprep.uncommonschools.org/24-25-school-year-enrollment-google-search/,rochesterprep.uncommonschools.org,yes,,,423,ok,0,,0,https://rochesterprep.uncommonschools.org/25-26-enrollment-google-search/,89%,,yes,,,Nearly identical to another page: consider consolidating
https://rochesterprep.uncommonschools.org/esser-application-detail/,rochesterprep.uncommonschools.org,yes,,,35,very thin,0,,0,,,,yes,,,
https://rochesterprep.uncommonschools.org/es3/,rochesterprep.uncommonschools.org,yes,,,696,ok,3,,0,https://rochesterprep.uncommonschools.org/brooks-campus-ms/,87%,,,,,
https://rochesterprep.uncommonschools.org/family-resources/family-newsletters/,rochesterprep.uncommonschools.org,yes,,,853,ok,0,,0,,,,,,,
https://rochesterprep.uncommonschools.org/donation-confirmation/,rochesterprep.uncommonschools.org,yes,,,34,very thin,0,,0,,,,yes,,,
https://rochesterprep.uncommonschools.org/donation-failed/,rochesterprep.uncommonschools.org,yes,,,34,very thin,0,,0,,,,yes,,,
https://rochesterprep.uncommonschools.org/donor-dashboard/,rochesterprep.uncommonschools.org,yes,,,34,very thin,0,,0,,,,yes,,,
https://rochesterprep.uncommonschools.org/donate/,rochesterprep.uncommonschools.org,yes,,,94,very thin,0,yes,0,,,,yes,61,2.6,
https://rochesterprep.uncommonschools.org/1978-2/,rochesterprep.uncommonschools.org,yes,,,239,thin,0,,0,,,,,,,
https://rochesterprep.uncommonschools.org/team-schedules/,rochesterprep.uncommonschools.org,yes,,,52,very thin,0,,0,,,,,,,Almost no content and nothing links to it: likely remove
https://rochesterprep.uncommonschools.org/brooks-campus-ms/,rochesterprep.uncommonschools.org,yes,,,672,ok,2,,0,https://rochesterprep.uncommonschools.org/west-campus-es/,88%,,,61,4.7,Nearly identical to another page: consider consolidating
https://rochesterprep.uncommonschools.org/rochester-prep-middle-school-3/,rochesterprep.uncommonschools.org,yes,,,694,ok,2,,0,https://rochesterprep.uncommonschools.org/es3/,85%,,,,,Nearly identical to another page: consider consolidating
https://rochesterprep.uncommonschools.org/school-uniforms/,rochesterprep.uncommonschools.org,yes,,,64,very thin,0,,0,,,,,,,Almost no content and nothing links to it: likely remove
https://rochesterprep.uncommonschools.org/26-27-enrollment-prog/,rochesterprep.uncommonschools.org,yes,,,548,ok,0,,0,https://rochesterprep.uncommonschools.org/26-27-enrollment-etarget/,98%,,yes,56,3.2,Nearly identical to another page: consider consolidating
https://rochesterprep.uncommonschools.org/26-27-enrollment-etarget/,rochesterprep.uncommonschools.org,yes,,,548,ok,0,,0,https://rochesterprep.uncommonschools.org/26-27-enrollment-demgen/,99%,,yes,,,Nearly identical to another page: consider consolidating
https://rochesterprep.uncommonschools.org/26-27-enrollment-dooh/,rochesterprep.uncommonschools.org,yes,,,548,ok,0,,0,https://rochesterprep.uncommonschools.org/26-27-enrollment-prog/,98%,,yes,,,Nearly identical to another page: consider consolidating
https://rochesterprep.uncommonschools.org/26-27-enrollment-demgen/,rochesterprep.uncommonschools.org,yes,,,548,ok,0,,0,https://rochesterprep.uncommonschools.org/26-27-enrollment-etarget/,99%,,yes,,,Nearly identical to another page: consider consolidating
https://rochesterprep.uncommonschools.org/the-student-experience/,rochesterprep.uncommonschools.org,yes,,,687,ok,1,yes,0,https://camdenprep.uncommonschools.org/the-student-experience/,79%,,,,,
https://rochesterprep.uncommonschools.org/results/,rochesterprep.uncommonschools.org,yes,,,1349,ok,0,yes,0,https://nyc.uncommonschools.org/results/,89%,,,,,
https://rochesterprep.uncommonschools.org/about-us/,rochesterprep.uncommonschools.org,yes,,,627,ok,1,yes,0,,,,,,,
https://rochesterprep.uncommonschools.org/26-27-enrollment-great-schools/,rochesterprep.uncommonschools.org,yes,,,549,ok,0,,0,https://rochesterprep.uncommonschools.org/26-27-enrollment-pmax/,98%,,yes,,,Nearly identical to another page: consider consolidating
https://rochesterprep.uncommonschools.org/jay-street/,rochesterprep.uncommonschools.org,yes,,,714,ok,2,,0,https://rochesterprep.uncommonschools.org/brooks-campus-ms/,86%,,,,,Nearly identical to another page: consider consolidating
https://rochesterprep.uncommonschools.org/25-26-enrollment-organic/,rochesterprep.uncommonschools.org,yes,,,548,ok,1,,0,https://rochesterprep.uncommonschools.org/24-25-school-year-enrollment-organic/,98%,,yes,,,
https://rochesterprep.uncommonschools.org/25-26-enrollment-google-search/,rochesterprep.uncommonschools.org,yes,,,550,ok,0,,0,https://rochesterprep.uncommonschools.org/25-26-enrollment-google-meta-rollover/,98%,,yes,,,Nearly identical to another page: consider consolidating
https://rochesterprep.uncommonschools.org/24-25-school-year-enrollment-organic/,rochesterprep.uncommonschools.org,yes,,,548,ok,0,,0,https://rochesterprep.uncommonschools.org/25-26-enrollment-organic/,98%,,yes,,,Nearly identical to another page: consider consolidating
https://rochesterprep.uncommonschools.org/25-26-enrollment-google-meta-rollover/,rochesterprep.uncommonschools.org,yes,,,549,ok,0,,0,https://rochesterprep.uncommonschools.org/25-26-enrollment-google-search/,98%,,yes,,,Nearly identical to another page: consider consolidating
https://rochesterprep.uncommonschools.org/26-27-school-year-enrollment-application/,rochesterprep.uncommonschools.org,yes,,,18,very thin,1,,0,,,,yes,,,
https://rochesterprep.uncommonschools.org/west-campus-es/,rochesterprep.uncommonschools.org,yes,,,668,ok,2,,0,https://rochesterprep.uncommonschools.org/brooks-campus-ms/,88%,,,,,Nearly identical to another page: consider consolidating
https://rochesterprep.uncommonschools.org/west-campus-ms/,rochesterprep.uncommonschools.org,yes,,,788,ok,3,,0,https://rochesterprep.uncommonschools.org/brooks-campus-ms/,76%,,,,,
https://rochesterprep.uncommonschools.org/rochester-prep-hs/,rochesterprep.uncommonschools.org,yes,,,1791,ok,6,,0,https://nyc.uncommonschools.org/uncommon-prep-hs/,71%,,,,,
https://rochesterprep.uncommonschools.org/board-of-trustees/,rochesterprep.uncommonschools.org,yes,,,571,ok,0,yes,0,,,,,,,
https://rochesterprep.uncommonschools.org/26-27-enrollment-pmax/,rochesterprep.uncommonschools.org,yes,,,548,ok,0,,0,https://rochesterprep.uncommonschools.org/26-27-enrollment-etarget/,98%,,yes,,,Nearly identical to another page: consider consolidating
https://rochesterprep.uncommonschools.org/enroll/,rochesterprep.uncommonschools.org,yes,,,1136,ok,26,yes,0,,,,yes,58,4.8,
https://rochesterprep.uncommonschools.org/family-resources/,rochesterprep.uncommonschools.org,yes,,,431,ok,10,yes,0,,,,,,,
https://rochesterprep.uncommonschools.org/current-legal-notices/,rochesterprep.uncommonschools.org,yes,,,263,ok,0,yes,0,https://uncommonschools.org/current-legal-notices/,87%,yes,,,,
https://hscurriculum.uncommonschools.org/2020/05/28/hello-world/,hscurriculum.uncommonschools.org,yes,,,,,0,,0,,,,,,,
https://hscurriculum.uncommonschools.org/subject/ap-biology/,hscurriculum.uncommonschools.org,error 404,,,,gated resource (sign-in required),0,,0,,,,,,,Dead page: remove from site lists or set up a redirect
https://hscurriculum.uncommonschools.org/subject/ap-biology/course-resources-ap-biology/,hscurriculum.uncommonschools.org,error 404,,,,gated resource (sign-in required),0,,0,,,,,,,Dead page: remove from site lists or set up a redirect
https://hscurriculum.uncommonschools.org/subject/ap-chemistry/,hscurriculum.uncommonschools.org,error 404,,,,gated resource (sign-in required),0,,0,,,,,,,Dead page: remove from site lists or set up a redirect
https://hscurriculum.uncommonschools.org/subject/ap-chemistry/course-resources-ap-chemistry/,hscurriculum.uncommonschools.org,error 404,,,,gated resource (sign-in required),0,,0,,,,,,,Dead page: remove from site lists or set up a redirect
https://hscurriculum.uncommonschools.org/subject/ap-comp-sci-a/,hscurriculum.uncommonschools.org,error 404,,,,gated resource (sign-in required),0,,0,,,,,,,Dead page: remove from site lists or set up a redirect
https://hscurriculum.uncommonschools.org/subject/ap-comp-sci-a/course-resources-ap-comp-sci-a/,hscurriculum.uncommonschools.org,error 404,,,,gated resource (sign-in required),0,,0,,,,,,,Dead page: remove from site lists or set up a redirect
https://hscurriculum.uncommonschools.org/subject/ap-research/,hscurriculum.uncommonschools.org,error 404,,,,gated resource (sign-in required),0,,0,,,,,,,Dead page: remove from site lists or set up a redirect
https://hscurriculum.uncommonschools.org/subject/ap-research/course-resources-ap-research/,hscurriculum.uncommonschools.org,error 404,,,,gated resource (sign-in required),0,,0,,,,,,,Dead page: remove from site lists or set up a redirect
https://hscurriculum.uncommonschools.org/subject/ap-seminar/,hscurriculum.uncommonschools.org,error 404,,,,gated resource (sign-in required),0,,0,,,,,,,Dead page: remove from site lists or set up a redirect
https://hscurriculum.uncommonschools.org/subject/ap-seminar/course-resources-ap-seminar/,hscurriculum.uncommonschools.org,error 404,,,,gated resource (sign-in required),0,,0,,,,,,,Dead page: remove from site lists or set up a redirect
https://hscurriculum.uncommonschools.org/subject/pre-ap-calculus/,hscurriculum.uncommonschools.org,error 404,,,,gated resource (sign-in required),0,,0,,,,,,,Dead page: remove from site lists or set up a redirect
https://hscurriculum.uncommonschools.org/subject/pre-ap-calculus/course-resources-pre-ap-calculus/,hscurriculum.uncommonschools.org,error 404,,,,gated resource (sign-in required),0,,0,,,,,,,Dead page: remove from site lists or set up a redirect
https://hscurriculum.uncommonschools.org/subject/ap-chemistry/unit-1-atomic-structure-periodicity/,hscurriculum.uncommonschools.org,error 404,,,,gated resource (sign-in required),0,,0,,,,,,,Dead page: remove from site lists or set up a redirect
https://hscurriculum.uncommonschools.org/subject/ap-research/unit-1-establishing-foundations-of-research/,hscurriculum.uncommonschools.org,error 404,,,,gated resource (sign-in required),0,,0,,,,,,,Dead page: remove from site lists or set up a redirect
https://hscurriculum.uncommonschools.org/subject/pre-ap-calculus/unit-1-function-analysis/,hscurriculum.uncommonschools.org,error 404,,,,gated resource (sign-in required),0,,0,,,,,,,Dead page: remove from site lists or set up a redirect
https://hscurriculum.uncommonschools.org/subject/ap-seminar/unit-1-introduction-to-research-and-argumentation/,hscurriculum.uncommonschools.org,error 404,,,,gated resource (sign-in required),0,,0,,,,,,,Dead page: remove from site lists or set up a redirect
https://hscurriculum.uncommonschools.org/subject/ap-comp-sci-a/unit-1-java-basics/,hscurriculum.uncommonschools.org,error 404,,,,gated resource (sign-in required),0,,0,,,,,,,Dead page: remove from site lists or set up a redirect
https://hscurriculum.uncommonschools.org/subject/ap-biology/unit-1-the-chemistry-of-life/,hscurriculum.uncommonschools.org,error 404,,,,gated resource (sign-in required),0,,0,,,,,,,Dead page: remove from site lists or set up a redirect
https://hscurriculum.uncommonschools.org/subject/pre-ap-calculus/unit-10-analyzing-fx-and-fx/,hscurriculum.uncommonschools.org,error 404,,,,gated resource (sign-in required),0,,0,,,,,,,Dead page: remove from site lists or set up a redirect
https://hscurriculum.uncommonschools.org/subject/ap-comp-sci-a/unit-10-ap-review/,hscurriculum.uncommonschools.org,error 404,,,,gated resource (sign-in required),0,,0,,,,,,,Dead page: remove from site lists or set up a redirect
https://hscurriculum.uncommonschools.org/subject/pre-ap-calculus/unit-11-applications-of-derivatives/,hscurriculum.uncommonschools.org,error 404,,,,gated resource (sign-in required),0,,0,,,,yes,,,Dead page: remove from site lists or set up a redirect
https://hscurriculum.uncommonschools.org/subject/ap-biology/unit-2-cell-structure-and-function/,hscurriculum.uncommonschools.org,error 404,,,,gated resource (sign-in required),0,,0,,,,,,,Dead page: remove from site lists or set up a redirect
https://hscurriculum.uncommonschools.org/subject/ap-research/unit-2-drafting-the-ap-research-paper/,hscurriculum.uncommonschools.org,error 404,,,,gated resource (sign-in required),0,,0,,,,,,,Dead page: remove from site lists or set up a redirect
https://hscurriculum.uncommonschools.org/subject/pre-ap-calculus/unit-2-linear-and-polynomial-functions/,hscurriculum.uncommonschools.org,error 404,,,,gated resource (sign-in required),0,,0,,,,,,,Dead page: remove from site lists or set up a redirect
https://hscurriculum.uncommonschools.org/subject/ap-chemistry/unit-2-molecular-structure-and-properties/,hscurriculum.uncommonschools.org,error 404,,,,gated resource (sign-in required),0,,0,,,,,,,Dead page: remove from site lists or set up a redirect
https://hscurriculum.uncommonschools.org/subject/ap-seminar/unit-2-performance-task-1-team-project-presentations/,hscurriculum.uncommonschools.org,error 404,,,,gated resource (sign-in required),0,,0,,,,,,,Dead page: remove from site lists or set up a redirect
https://hscurriculum.uncommonschools.org/subject/ap-comp-sci-a/unit-2-strings-and-objects/,hscurriculum.uncommonschools.org,error 404,,,,gated resource (sign-in required),0,,0,,,,,,,Dead page: remove from site lists or set up a redirect
https://hscurriculum.uncommonschools.org/subject/ap-seminar/unit-3-ap-performance-task-2-individual-evidence-based-essay-presentation/,hscurriculum.uncommonschools.org,error 404,,,,gated resource (sign-in required),0,,0,,,,,,,Dead page: remove from site lists or set up a redirect
https://hscurriculum.uncommonschools.org/subject/ap-biology/unit-3-cellular-energetics/,hscurriculum.uncommonschools.org,error 404,,,,gated resource (sign-in required),0,,0,,,,,,,Dead page: remove from site lists or set up a redirect
https://hscurriculum.uncommonschools.org/subject/ap-comp-sci-a/unit-3-conditionals-while-loops-and-methods/,hscurriculum.uncommonschools.org,error 404,,,,gated resource (sign-in required),0,,0,,,,,,,Dead page: remove from site lists or set up a redirect
https://hscurriculum.uncommonschools.org/subject/pre-ap-calculus/unit-3-rational-radical-and-piecewise-functions/,hscurriculum.uncommonschools.org,error 404,,,,gated resource (sign-in required),0,,0,,,,,,,Dead page: remove from site lists or set up a redirect
https://hscurriculum.uncommonschools.org/subject/ap-chemistry/unit-3-stoichiometry/,hscurriculum.uncommonschools.org,error 404,,,,gated resource (sign-in required),0,,0,,,,,,,Dead page: remove from site lists or set up a redirect
https://hscurriculum.uncommonschools.org/subject/ap-research/unit-3-submitting-the-academic-paper/,hscurriculum.uncommonschools.org,error 404,,,,gated resource (sign-in required),0,,0,,,,,,,Dead page: remove from site lists or set up a redirect
https://hscurriculum.uncommonschools.org/subject/ap-seminar/unit-4-argument-analysis-and-synthesis/,hscurriculum.uncommonschools.org,error 404,,,,gated resource (sign-in required),0,,0,,,,,,,Dead page: remove from site lists or set up a redirect
https://hscurriculum.uncommonschools.org/subject/ap-biology/unit-4-cell-communication-and-the-cell-cycle/,hscurriculum.uncommonschools.org,error 404,,,,gated resource (sign-in required),0,,0,,,,,,,Dead page: remove from site lists or set up a redirect
https://hscurriculum.uncommonschools.org/subject/ap-comp-sci-a/unit-4-classes-objects-and-methods/,hscurriculum.uncommonschools.org,error 404,,,,gated resource (sign-in required),0,,0,,,,,,,Dead page: remove from site lists or set up a redirect
https://hscurriculum.uncommonschools.org/subject/ap-chemistry/unit-4-kinetics/,hscurriculum.uncommonschools.org,error 404,,,,gated resource (sign-in required),0,,0,,,,,,,Dead page: remove from site lists or set up a redirect
https://hscurriculum.uncommonschools.org/subject/ap-research/unit-4-presenting-academic-research/,hscurriculum.uncommonschools.org,error 404,,,,gated resource (sign-in required),0,,0,,,,,,,Dead page: remove from site lists or set up a redirect
https://hscurriculum.uncommonschools.org/subject/pre-ap-calculus/unit-4-trigonometry-for-calculus/,hscurriculum.uncommonschools.org,error 404,,,,gated resource (sign-in required),0,,0,,,,,,,Dead page: remove from site lists or set up a redirect
https://hscurriculum.uncommonschools.org/subject/ap-comp-sci-a/unit-5-arrays/,hscurriculum.uncommonschools.org,error 404,,,,gated resource (sign-in required),0,,0,,,,,,,Dead page: remove from site lists or set up a redirect
https://hscurriculum.uncommonschools.org/subject/ap-chemistry/unit-5-equilibrium/,hscurriculum.uncommonschools.org,error 404,,,,gated resource (sign-in required),0,,0,,,,,,,Dead page: remove from site lists or set up a redirect
https://hscurriculum.uncommonschools.org/subject/pre-ap-calculus/unit-5-exponential-and-logarithmic-functions/,hscurriculum.uncommonschools.org,error 404,,,,gated resource (sign-in required),0,,0,,,,,,,Dead page: remove from site lists or set up a redirect
https://hscurriculum.uncommonschools.org/subject/ap-biology/unit-5-heredity/,hscurriculum.uncommonschools.org,error 404,,,,gated resource (sign-in required),0,,0,,,,,,,Dead page: remove from site lists or set up a redirect
https://hscurriculum.uncommonschools.org/subject/ap-chemistry/unit-6-acids-and-bases/,hscurriculum.uncommonschools.org,error 404,,,,gated resource (sign-in required),0,,0,,,,,,,Dead page: remove from site lists or set up a redirect
https://hscurriculum.uncommonschools.org/subject/ap-comp-sci-a/unit-6-arraylist-class/,hscurriculum.uncommonschools.org,error 404,,,,gated resource (sign-in required),0,,0,,,,,,,Dead page: remove from site lists or set up a redirect
https://hscurriculum.uncommonschools.org/subject/ap-biology/unit-6-gene-expression-and-regulation/,hscurriculum.uncommonschools.org,error 404,,,,gated resource (sign-in required),0,,0,,,,,,,Dead page: remove from site lists or set up a redirect
https://hscurriculum.uncommonschools.org/subject/pre-ap-calculus/unit-6-polar-and-parametric-curves/,hscurriculum.uncommonschools.org,error 404,,,,gated resource (sign-in required),0,,0,,,,,,,Dead page: remove from site lists or set up a redirect
https://hscurriculum.uncommonschools.org/subject/ap-comp-sci-a/unit-7-2d-arrays/,hscurriculum.uncommonschools.org,error 404,,,,gated resource (sign-in required),0,,0,,,,,,,Dead page: remove from site lists or set up a redirect
https://hscurriculum.uncommonschools.org/subject/ap-biology/unit-7-evolution/,hscurriculum.uncommonschools.org,error 404,,,,gated resource (sign-in required),0,,0,,,,,,,Dead page: remove from site lists or set up a redirect
https://hscurriculum.uncommonschools.org/subject/pre-ap-calculus/unit-7-rational-function-analysis/,hscurriculum.uncommonschools.org,error 404,,,,gated resource (sign-in required),0,,0,,,,,,,Dead page: remove from site lists or set up a redirect
https://hscurriculum.uncommonschools.org/subject/ap-chemistry/unit-7-thermodynamics/,hscurriculum.uncommonschools.org,error 404,,,,gated resource (sign-in required),0,,0,,,,,,,Dead page: remove from site lists or set up a redirect
https://hscurriculum.uncommonschools.org/subject/ap-biology/unit-8-ecology/,hscurriculum.uncommonschools.org,error 404,,,,gated resource (sign-in required),0,,0,,,,,,,Dead page: remove from site lists or set up a redirect
https://hscurriculum.uncommonschools.org/subject/ap-chemistry/unit-8-electrochemistry/,hscurriculum.uncommonschools.org,error 404,,,,gated resource (sign-in required),0,,0,,,,,,,Dead page: remove from site lists or set up a redirect
https://hscurriculum.uncommonschools.org/subject/ap-comp-sci-a/unit-8-inheritance/,hscurriculum.uncommonschools.org,error 404,,,,gated resource (sign-in required),0,,0,,,,,,,Dead page: remove from site lists or set up a redirect
https://hscurriculum.uncommonschools.org/subject/pre-ap-calculus/unit-8-limits-and-continuity/,hscurriculum.uncommonschools.org,error 404,,,,gated resource (sign-in required),0,,0,,,,,,,Dead page: remove from site lists or set up a redirect
https://hscurriculum.uncommonschools.org/subject/ap-comp-sci-a/unit-9-recursion-searching-and-sorting/,hscurriculum.uncommonschools.org,error 404,,,,gated resource (sign-in required),0,,0,,,,,,,Dead page: remove from site lists or set up a redirect
https://hscurriculum.uncommonschools.org/subject/pre-ap-calculus/unit-9-the-derivative/,hscurriculum.uncommonschools.org,error 404,,,,gated resource (sign-in required),0,,0,,,,,,,Dead page: remove from site lists or set up a redirect
https://hscurriculum.uncommonschools.org/author/sitecare/,hscurriculum.uncommonschools.org,yes,,,,,0,,0,,,,,,,
https://hscurriculum.uncommonschools.org/collection/ap-chemistry-unit-1-plan/,hscurriculum.uncommonschools.org,yes,,,12,gated resource (sign-in required),0,,0,,,,,,,
https://hscurriculum.uncommonschools.org/collection/1-02-successive-ionization-energies/,hscurriculum.uncommonschools.org,yes,,,11,gated resource (sign-in required),0,,0,,,,,,,
https://hscurriculum.uncommonschools.org/collection/1-03-periodic-trends-free-response-practice/,hscurriculum.uncommonschools.org,yes,,,12,gated resource (sign-in required),0,,0,,,,,,,
https://hscurriculum.uncommonschools.org/collection/1-04-energy-wavelength-frequency/,hscurriculum.uncommonschools.org,yes,,,11,gated resource (sign-in required),0,,0,,,,,,,
https://hscurriculum.uncommonschools.org/collection/1-05-photoelectron-massspectra/,hscurriculum.uncommonschools.org,yes,,,10,gated resource (sign-in required),0,,0,,,,,,,
https://hscurriculum.uncommonschools.org/collection/ap-chemistry-unit-1-assessments/,hscurriculum.uncommonschools.org,yes,,,12,gated resource (sign-in required),0,,0,,,,,,,
https://hscurriculum.uncommonschools.org/collection/ap-chemistry-unit-2-plan/,hscurriculum.uncommonschools.org,yes,,,12,gated resource (sign-in required),0,,0,,,,,,,
https://hscurriculum.uncommonschools.org/collection/2-01-lattice-energy/,hscurriculum.uncommonschools.org,yes,,,10,gated resource (sign-in required),0,,0,,,,,,,
https://hscurriculum.uncommonschools.org/collection/2-02-lewis-structures-and-vsepr/,hscurriculum.uncommonschools.org,yes,,,12,gated resource (sign-in required),0,,0,,,,,,,
https://hscurriculum.uncommonschools.org/collection/2-03-resonance-and-formal-charge/,hscurriculum.uncommonschools.org,yes,,,12,gated resource (sign-in required),0,,0,,,,,,,
https://hscurriculum.uncommonschools.org/collection/2-04-polarity-and-intermolecular-forces/,hscurriculum.uncommonschools.org,yes,,,12,gated resource (sign-in required),0,,0,,,,,,,
https://hscurriculum.uncommonschools.org/collection/2-05-intermolecular-forces-and-molecular-properties/,hscurriculum.uncommonschools.org,yes,,,13,gated resource (sign-in required),0,,0,,,,,,,
https://hscurriculum.uncommonschools.org/collection/2-06-solubility/,hscurriculum.uncommonschools.org,yes,,,9,gated resource (sign-in required),0,,0,,,,,,,
https://hscurriculum.uncommonschools.org/collection/2-07-intermolecular-forces-frq-practice/,hscurriculum.uncommonschools.org,yes,,,12,gated resource (sign-in required),0,,0,,,,,,,
https://hscurriculum.uncommonschools.org/collection/2-08-daltons-law-of-partial-pressures/,hscurriculum.uncommonschools.org,yes,,,13,gated resource (sign-in required),0,,0,,,,,,,
https://hscurriculum.uncommonschools.org/collection/2-10-real-gases/,hscurriculum.uncommonschools.org,yes,,,10,gated resource (sign-in required),0,,0,,,,,,,
https://hscurriculum.uncommonschools.org/collection/2-12-beers-law/,hscurriculum.uncommonschools.org,yes,,,10,gated resource (sign-in required),0,,0,,,,,,,
https://hscurriculum.uncommonschools.org/collection/2-14-metallic-solids/,hscurriculum.uncommonschools.org,yes,,,10,gated resource (sign-in required),0,,0,,,,,,,
https://hscurriculum.uncommonschools.org/collection/ap-chemistry-unit-3-plan/,hscurriculum.uncommonschools.org,yes,,,12,gated resource (sign-in required),0,,0,,,,,,,
https://hscurriculum.uncommonschools.org/collection/3-01-net-ionic-equations/,hscurriculum.uncommonschools.org,yes,,,10,gated resource (sign-in required),0,,0,,,,,,,
https://hscurriculum.uncommonschools.org/collection/3-02-limiting-reactants-and-percent-yield/,hscurriculum.uncommonschools.org,yes,,,13,gated resource (sign-in required),0,,0,,,,,,,
https://hscurriculum.uncommonschools.org/collection/3-03-empirical-formulas-and-percent-composition/,hscurriculum.uncommonschools.org,yes,,,13,gated resource (sign-in required),0,,0,,,,,,,
https://hscurriculum.uncommonschools.org/collection/3-04-introduction-to-titrations/,hscurriculum.uncommonschools.org,yes,,,11,gated resource (sign-in required),0,,0,,,,,,,
https://hscurriculum.uncommonschools.org/collection/3-05-types-of-chemical-reactions/,hscurriculum.uncommonschools.org,yes,,,12,gated resource (sign-in required),0,,0,,,,,,,
https://hscurriculum.uncommonschools.org/collection/3-06-gravimetric-analysis/,hscurriculum.uncommonschools.org,yes,,,10,gated resource (sign-in required),0,,0,,,,,,,
https://hscurriculum.uncommonschools.org/collection/3-07-titration-pre-lab/,hscurriculum.uncommonschools.org,yes,,,10,gated resource (sign-in required),0,,0,,,,,,,
https://hscurriculum.uncommonschools.org/collection/ap-chemistry-unit-3-assessments/,hscurriculum.uncommonschools.org,yes,,,12,gated resource (sign-in required),0,,0,,,,,,,
https://hscurriculum.uncommonschools.org/collection/ap-chemistry-unit-4-plan/,hscurriculum.uncommonschools.org,yes,,,12,gated resource (sign-in required),0,,0,,,,,,,
https://hscurriculum.uncommonschools.org/collection/4-01-reaction-rates/,hscurriculum.uncommonschools.org,yes,,,10,gated resource (sign-in required),0,,0,,,,,,,
https://hscurriculum.uncommonschools.org/collection/4-02-derivative-rate-law/,hscurriculum.uncommonschools.org,yes,,,11,gated resource (sign-in required),0,,0,,,,,,,
https://hscurriculum.uncommonschools.org/collection/4-03-integrated-rate-law/,hscurriculum.uncommonschools.org,yes,,,11,gated resource (sign-in required),0,,0,,,,,,,
https://hscurriculum.uncommonschools.org/collection/4-04-half-life-of-a-first-order-reaction/,hscurriculum.uncommonschools.org,yes,,,13,gated resource (sign-in required),0,,0,,,,,,,
https://hscurriculum.uncommonschools.org/collection/4-06-reaction-mechanisms-day-2/,hscurriculum.uncommonschools.org,yes,,,12,gated resource (sign-in required),0,,0,,,,,,,
https://hscurriculum.uncommonschools.org/collection/4-07-reaction-rates-experiment/,hscurriculum.uncommonschools.org,yes,,,11,gated resource (sign-in required),0,,0,,,,,,,
https://hscurriculum.uncommonschools.org/collection/4-08-reaction-rate-factors/,hscurriculum.uncommonschools.org,yes,,,11,gated resource (sign-in required),0,,0,,,,,,,
https://hscurriculum.uncommonschools.org/collection/ap-chemistry-unit-4-assessments/,hscurriculum.uncommonschools.org,yes,,,12,gated resource (sign-in required),0,,0,,,,,,,
https://hscurriculum.uncommonschools.org/collection/ap-chemistry-unit-5-plan/,hscurriculum.uncommonschools.org,yes,,,12,gated resource (sign-in required),0,,0,,,,,,,
https://hscurriculum.uncommonschools.org/collection/5-02-k-vs-1/,hscurriculum.uncommonschools.org,yes,,,11,gated resource (sign-in required),0,,0,,,,,,,
https://hscurriculum.uncommonschools.org/collection/5-03-q-vs-k/,hscurriculum.uncommonschools.org,yes,,,11,gated resource (sign-in required),0,,0,,,,,,,
https://hscurriculum.uncommonschools.org/collection/5-04-rice-tables/,hscurriculum.uncommonschools.org,yes,,,10,gated resource (sign-in required),0,,0,,,,,,,
https://hscurriculum.uncommonschools.org/collection/5-06-equilibrium-practice/,hscurriculum.uncommonschools.org,yes,,,10,gated resource (sign-in required),0,,0,,,,,,,
https://hscurriculum.uncommonschools.org/collection/5-07-solubility-product-constant/,hscurriculum.uncommonschools.org,yes,,,11,gated resource (sign-in required),0,,0,,,,,,,
https://hscurriculum.uncommonschools.org/collection/5-08-le-chateliers-lab/,hscurriculum.uncommonschools.org,yes,,,11,gated resource (sign-in required),0,,0,,,,,,,
https://hscurriculum.uncommonschools.org/collection/ap-chemistry-unit-6-plan/,hscurriculum.uncommonschools.org,yes,,,12,gated resource (sign-in required),0,,0,,,,,,,
https://hscurriculum.uncommonschools.org/collection/6-01-acid-base-introduction/,hscurriculum.uncommonschools.org,yes,,,11,gated resource (sign-in required),0,,0,,,,,,,
https://hscurriculum.uncommonschools.org/collection/6-02-acid-and-base-dissociation-constants/,hscurriculum.uncommonschools.org,yes,,,13,gated resource (sign-in required),0,,0,,,,,,,
https://hscurriculum.uncommonschools.org/collection/6-03-ph-and-poh/,hscurriculum.uncommonschools.org,yes,,,11,gated resource (sign-in required),0,,0,,,,,,,
https://hscurriculum.uncommonschools.org/collection/6-04-ka-and-kb-calculations-day-1/,hscurriculum.uncommonschools.org,yes,,,15,gated resource (sign-in required),0,,0,,,,,,,
https://hscurriculum.uncommonschools.org/collection/6-05-ka-and-kb-calculations-day-2/,hscurriculum.uncommonschools.org,yes,,,15,gated resource (sign-in required),0,,0,,,,,,,
https://hscurriculum.uncommonschools.org/collection/6-06-introduction-to-buffers/,hscurriculum.uncommonschools.org,yes,,,11,gated resource (sign-in required),0,,0,,,,,,,
https://hscurriculum.uncommonschools.org/collection/6-07-creating-buffers/,hscurriculum.uncommonschools.org,yes,,,10,gated resource (sign-in required),0,,0,,,,,,,
https://hscurriculum.uncommonschools.org/collection/6-08-buffers-comparing-ph-and-pka/,hscurriculum.uncommonschools.org,yes,,,13,gated resource (sign-in required),0,,0,,,,,,,
https://hscurriculum.uncommonschools.org/collection/6-09-strong-acid-strong-base-titrations/,hscurriculum.uncommonschools.org,yes,,,12,gated resource (sign-in required),0,,0,,,,,,,
https://hscurriculum.uncommonschools.org/collection/6-11-titrations-practice-day/,hscurriculum.uncommonschools.org,yes,,,11,gated resource (sign-in required),0,,0,,,,,,,
https://hscurriculum.uncommonschools.org/collection/6-13-titration-virtual-lab/,hscurriculum.uncommonschools.org,yes,,,11,gated resource (sign-in required),0,,0,,,,,,,
https://hscurriculum.uncommonschools.org/collection/ap-chemistry-unit-6-assessments/,hscurriculum.uncommonschools.org,yes,,,12,gated resource (sign-in required),0,,0,,,,,,,
https://hscurriculum.uncommonschools.org/collection/ap-chemistry-unit-7-plan/,hscurriculum.uncommonschools.org,yes,,,12,gated resource (sign-in required),0,,0,,,,,,,
https://hscurriculum.uncommonschools.org/collection/7-01-calorimetry/,hscurriculum.uncommonschools.org,yes,,,9,gated resource (sign-in required),0,,0,,,,,,,
https://hscurriculum.uncommonschools.org/collection/7-02-calorimetry-and-enthalpy/,hscurriculum.uncommonschools.org,yes,,,11,gated resource (sign-in required),0,,0,,,,,,,
https://hscurriculum.uncommonschools.org/collection/7-03-calorimetry-free-response-practice/,hscurriculum.uncommonschools.org,yes,,,11,gated resource (sign-in required),0,,0,,,,,,,
https://hscurriculum.uncommonschools.org/collection/7-04-bond-enthalpies-and-%ce%b4hrxn/,hscurriculum.uncommonschools.org,yes,,,12,gated resource (sign-in required),0,,0,,,,,,,
https://hscurriculum.uncommonschools.org/collection/7-05-heat-of-solution/,hscurriculum.uncommonschools.org,yes,,,11,gated resource (sign-in required),0,,0,,,,,,,
https://hscurriculum.uncommonschools.org/collection/7-06-hess-law/,hscurriculum.uncommonschools.org,yes,,,10,gated resource (sign-in required),0,,0,,,,,,,
https://hscurriculum.uncommonschools.org/collection/7-07-hess-law-lab/,hscurriculum.uncommonschools.org,yes,,,11,gated resource (sign-in required),0,,0,,,,,,,
https://hscurriculum.uncommonschools.org/collection/7-08-standard-enthalpy-and-entropy/,hscurriculum.uncommonschools.org,yes,,,12,gated resource (sign-in required),0,,0,,,,,,,
https://hscurriculum.uncommonschools.org/collection/7-09-entropy/,hscurriculum.uncommonschools.org,yes,,,9,gated resource (sign-in required),0,,0,,,,,,,
https://hscurriculum.uncommonschools.org/collection/7-10-gibbs-free-energy/,hscurriculum.uncommonschools.org,yes,,,11,gated resource (sign-in required),0,,0,,,,,,,
https://hscurriculum.uncommonschools.org/collection/7-11-gibbs-free-energy-and-temperatures/,hscurriculum.uncommonschools.org,yes,,,13,gated resource (sign-in required),0,,0,,,,,,,
https://hscurriculum.uncommonschools.org/collection/7-12-thermodynamic-and-kinetic-control/,hscurriculum.uncommonschools.org,yes,,,12,gated resource (sign-in required),0,,0,,,,,,,
https://hscurriculum.uncommonschools.org/collection/7-13-thermodynamics-frq-practice/,hscurriculum.uncommonschools.org,yes,,,11,gated resource (sign-in required),0,,0,,,,,,,
https://hscurriculum.uncommonschools.org/collection/ap-chemistry-unit-8-plan/,hscurriculum.uncommonschools.org,yes,,,12,gated resource (sign-in required),0,,0,,,,,,,
https://hscurriculum.uncommonschools.org/collection/8-01-identifying-redox-reactions/,hscurriculum.uncommonschools.org,yes,,,11,gated resource (sign-in required),0,,0,,,,,,,
https://hscurriculum.uncommonschools.org/collection/8-02-calculating-reduction-potential/,hscurriculum.uncommonschools.org,yes,,,11,gated resource (sign-in required),0,,0,,,,,,,
https://hscurriculum.uncommonschools.org/collection/8-03-voltaic-cells/,hscurriculum.uncommonschools.org,yes,,,10,gated resource (sign-in required),0,,0,,,,,,,
https://hscurriculum.uncommonschools.org/collection/8-04-voltaic-cells-practice/,hscurriculum.uncommonschools.org,yes,,,11,gated resource (sign-in required),0,,0,,,,,,,
https://hscurriculum.uncommonschools.org/collection/8-05-free-energy-and-voltaic-cells/,hscurriculum.uncommonschools.org,yes,,,13,gated resource (sign-in required),0,,0,,,,,,,
https://hscurriculum.uncommonschools.org/collection/8-06-nonstandard-reduction-potential/,hscurriculum.uncommonschools.org,yes,,,11,gated resource (sign-in required),0,,0,,,,,,,
https://hscurriculum.uncommonschools.org/collection/8-07-chemical-electrolysis/,hscurriculum.uncommonschools.org,yes,,,10,gated resource (sign-in required),0,,0,,,,,,,
https://hscurriculum.uncommonschools.org/collection/8-08-electrochemistry-virtual-lab/,hscurriculum.uncommonschools.org,yes,,,11,gated resource (sign-in required),0,,0,,,,,,,
https://hscurriculum.uncommonschools.org/collection/ap-comp-sci-a-unit-1-plan/,hscurriculum.uncommonschools.org,yes,,,14,gated resource (sign-in required),0,,0,,,,,,,
https://hscurriculum.uncommonschools.org/collection/101-variable-assignment-and-displaying-output/,hscurriculum.uncommonschools.org,yes,,,13,gated resource (sign-in required),0,,0,,,,,,,
https://hscurriculum.uncommonschools.org/collection/102-variable-assignment-and-displaying-output/,hscurriculum.uncommonschools.org,yes,,,13,gated resource (sign-in required),0,,0,,,,,,,
https://hscurriculum.uncommonschools.org/collection/103-variable-assignment-and-displaying-output/,hscurriculum.uncommonschools.org,yes,,,13,gated resource (sign-in required),0,,0,,,,,,,
https://hscurriculum.uncommonschools.org/collection/104-variable-assignment-and-displaying-output/,hscurriculum.uncommonschools.org,yes,,,13,gated resource (sign-in required),0,,0,,,,,,,
https://hscurriculum.uncommonschools.org/collection/105-variable-assignment-and-displaying-output/,hscurriculum.uncommonschools.org,yes,,,13,gated resource (sign-in required),0,,0,,,,,,,
https://hscurriculum.uncommonschools.org/collection/111-mathematical-operators/,hscurriculum.uncommonschools.org,yes,,,10,gated resource (sign-in required),0,,0,,,,,,,
https://hscurriculum.uncommonschools.org/collection/114-iteration/,hscurriculum.uncommonschools.org,yes,,,9,gated resource (sign-in required),0,,0,,,,,,,
https://hscurriculum.uncommonschools.org/collection/115-iteration/,hscurriculum.uncommonschools.org,yes,,,9,gated resource (sign-in required),0,,0,,,,,,,
https://hscurriculum.uncommonschools.org/collection/116-random-numbers-and-loss-of-precision/,hscurriculum.uncommonschools.org,yes,,,14,gated resource (sign-in required),0,,0,,,,,,,
https://hscurriculum.uncommonschools.org/collection/117-random-numbers-and-loss-of-precision/,hscurriculum.uncommonschools.org,yes,,,14,gated resource (sign-in required),0,,0,,,,,,,
https://hscurriculum.uncommonschools.org/collection/118-random-numbers-and-loss-of-precision/,hscurriculum.uncommonschools.org,yes,,,14,gated resource (sign-in required),0,,0,,,,,,,
https://hscurriculum.uncommonschools.org/collection/119-random-numbers-and-loss-of-precision/,hscurriculum.uncommonschools.org,yes,,,14,gated resource (sign-in required),0,,0,,,,,,,
https://hscurriculum.uncommonschools.org/collection/222-user-input-and-strings/,hscurriculum.uncommonschools.org,yes,,,12,gated resource (sign-in required),0,,0,,,,,,,
https://hscurriculum.uncommonschools.org/collection/223-user-input-and-strings/,hscurriculum.uncommonschools.org,yes,,,12,gated resource (sign-in required),0,,0,,,,,,,
https://hscurriculum.uncommonschools.org/collection/225-user-input-and-strings/,hscurriculum.uncommonschools.org,yes,,,12,gated resource (sign-in required),0,,0,,,,,,,
https://hscurriculum.uncommonschools.org/collection/226-user-input-and-strings/,hscurriculum.uncommonschools.org,yes,,,12,gated resource (sign-in required),0,,0,,,,,,,
https://hscurriculum.uncommonschools.org/collection/227-user-input-and-strings/,hscurriculum.uncommonschools.org,yes,,,12,gated resource (sign-in required),0,,0,,,,,,,
https://hscurriculum.uncommonschools.org/collection/228-creating-objects/,hscurriculum.uncommonschools.org,yes,,,10,gated resource (sign-in required),0,,0,,,,,,,
https://hscurriculum.uncommonschools.org/collection/229-creating-objects/,hscurriculum.uncommonschools.org,yes,,,10,gated resource (sign-in required),0,,0,,,,,,,
https://hscurriculum.uncommonschools.org/collection/231-creating-objects/,hscurriculum.uncommonschools.org,yes,,,10,gated resource (sign-in required),0,,0,,,,,,,
https://hscurriculum.uncommonschools.org/collection/232-creating-objects/,hscurriculum.uncommonschools.org,yes,,,10,gated resource (sign-in required),0,,0,,,,,,,
https://hscurriculum.uncommonschools.org/collection/335-conditional-statements/,hscurriculum.uncommonschools.org,yes,,,10,gated resource (sign-in required),0,,0,,,,,,,
https://hscurriculum.uncommonschools.org/collection/336-conditional-statements/,hscurriculum.uncommonschools.org,yes,,,10,gated resource (sign-in required),0,,0,,,,,,,
https://hscurriculum.uncommonschools.org/collection/337-conditional-statements/,hscurriculum.uncommonschools.org,yes,,,10,gated resource (sign-in required),0,,0,,,,,,,
https://hscurriculum.uncommonschools.org/collection/338-conditional-statements/,hscurriculum.uncommonschools.org,yes,,,10,gated resource (sign-in required),0,,0,,,,,,,
https://hscurriculum.uncommonschools.org/collection/339-conditional-statements/,hscurriculum.uncommonschools.org,yes,,,10,gated resource (sign-in required),0,,0,,,,,,,
https://hscurriculum.uncommonschools.org/collection/340-while-loops/,hscurriculum.uncommonschools.org,yes,,,10,gated resource (sign-in required),0,,0,,,,,,,
https://hscurriculum.uncommonschools.org/collection/341-while-loops/,hscurriculum.uncommonschools.org,yes,,,10,gated resource (sign-in required),0,,0,,,,,,,
https://hscurriculum.uncommonschools.org/collection/342-while-loops/,hscurriculum.uncommonschools.org,yes,,,10,gated resource (sign-in required),0,,0,,,,,,,
https://hscurriculum.uncommonschools.org/collection/344-review/,hscurriculum.uncommonschools.org,yes,,,9,gated resource (sign-in required),0,,0,,,,,,,
https://hscurriculum.uncommonschools.org/collection/345-methods/,hscurriculum.uncommonschools.org,yes,,,9,gated resource (sign-in required),0,,0,,,,,,,
https://hscurriculum.uncommonschools.org/collection/346-methods/,hscurriculum.uncommonschools.org,yes,,,9,gated resource (sign-in required),0,,0,,,,,,,
https://hscurriculum.uncommonschools.org/collection/347-methods/,hscurriculum.uncommonschools.org,yes,,,9,gated resource (sign-in required),0,,0,,,,,,,
https://hscurriculum.uncommonschools.org/collection/348-methods/,hscurriculum.uncommonschools.org,yes,,,9,gated resource (sign-in required),0,,0,,,,,,,
https://hscurriculum.uncommonschools.org/collection/349-review/,hscurriculum.uncommonschools.org,yes,,,9,gated resource (sign-in required),0,,0,,,,,,,
https://hscurriculum.uncommonschools.org/collection/350-review/,hscurriculum.uncommonschools.org,yes,,,9,gated resource (sign-in required),0,,0,,,,,,,
https://hscurriculum.uncommonschools.org/collection/351-implementing-methods/,hscurriculum.uncommonschools.org,yes,,,10,gated resource (sign-in required),0,,0,,,,,,,
https://hscurriculum.uncommonschools.org/collection/354-implementing-methods/,hscurriculum.uncommonschools.org,yes,,,10,gated resource (sign-in required),0,,0,,,,,,,
https://hscurriculum.uncommonschools.org/collection/355-implementing-methods/,hscurriculum.uncommonschools.org,yes,,,10,gated resource (sign-in required),0,,0,,,,,,,
https://hscurriculum.uncommonschools.org/collection/356-implementing-methods/,hscurriculum.uncommonschools.org,yes,,,10,gated resource (sign-in required),0,,0,,,,,,,
https://hscurriculum.uncommonschools.org/collection/ap-comp-sci-a-unit-4-plan/,hscurriculum.uncommonschools.org,yes,,,14,gated resource (sign-in required),0,,0,,,,,,,
https://hscurriculum.uncommonschools.org/collection/463-implementing-classes/,hscurriculum.uncommonschools.org,yes,,,10,gated resource (sign-in required),0,,0,,,,,,,
https://hscurriculum.uncommonschools.org/collection/464-implementing-classes/,hscurriculum.uncommonschools.org,yes,,,10,gated resource (sign-in required),0,,0,,,,,,,
https://hscurriculum.uncommonschools.org/collection/465-implementing-classes/,hscurriculum.uncommonschools.org,yes,,,10,gated resource (sign-in required),0,,0,,,,,,,
https://hscurriculum.uncommonschools.org/collection/466-implementing-classes/,hscurriculum.uncommonschools.org,yes,,,10,gated resource (sign-in required),0,,0,,,,,,,
https://hscurriculum.uncommonschools.org/collection/467-implementing-classes/,hscurriculum.uncommonschools.org,yes,,,10,gated resource (sign-in required),0,,0,,,,,,,
https://hscurriculum.uncommonschools.org/collection/468-implementing-classes/,hscurriculum.uncommonschools.org,yes,,,10,gated resource (sign-in required),0,,0,,,,,,,
https://hscurriculum.uncommonschools.org/collection/469-implementing-classes/,hscurriculum.uncommonschools.org,yes,,,10,gated resource (sign-in required),0,,0,,,,,,,
https://hscurriculum.uncommonschools.org/collection/470-implementing-classes/,hscurriculum.uncommonschools.org,yes,,,10,gated resource (sign-in required),0,,0,,,,,,,
https://hscurriculum.uncommonschools.org/collection/471-implementing-classes/,hscurriculum.uncommonschools.org,yes,,,10,gated resource (sign-in required),0,,0,,,,,,,
https://hscurriculum.uncommonschools.org/collection/472-implementing-classes/,hscurriculum.uncommonschools.org,yes,,,10,gated resource (sign-in required),0,,0,,,,,,,
https://hscurriculum.uncommonschools.org/collection/473-implementing-classes/,hscurriculum.uncommonschools.org,yes,,,10,gated resource (sign-in required),0,,0,,,,,,,
https://hscurriculum.uncommonschools.org/collection/474-implementing-classes/,hscurriculum.uncommonschools.org,yes,,,10,gated resource (sign-in required),0,,0,,,,,,,
https://hscurriculum.uncommonschools.org/collection/475-review/,hscurriculum.uncommonschools.org,yes,,,9,gated resource (sign-in required),0,,0,,,,,,,
https://hscurriculum.uncommonschools.org/collection/476-unit-4-test/,hscurriculum.uncommonschools.org,yes,,,11,gated resource (sign-in required),0,,0,,,,,,,
https://hscurriculum.uncommonschools.org/collection/ap-comp-sci-a-unit-5-plan/,hscurriculum.uncommonschools.org,yes,,,14,gated resource (sign-in required),0,,0,,,,,,,
https://hscurriculum.uncommonschools.org/collection/ap-comp-sci-a-577/,hscurriculum.uncommonschools.org,yes,,,12,gated resource (sign-in required),0,,0,,,,,,,
https://hscurriculum.uncommonschools.org/collection/ap-comp-sci-a-578/,hscurriculum.uncommonschools.org,yes,,,12,gated resource (sign-in required),0,,0,,,,,,,
https://hscurriculum.uncommonschools.org/collection/ap-comp-sci-a-579/,hscurriculum.uncommonschools.org,yes,,,12,gated resource (sign-in required),0,,0,,,,,,,
https://hscurriculum.uncommonschools.org/collection/ap-comp-sci-a-580/,hscurriculum.uncommonschools.org,yes,,,12,gated resource (sign-in required),0,,0,,,,,,,
https://hscurriculum.uncommonschools.org/collection/ap-comp-sci-a-581/,hscurriculum.uncommonschools.org,yes,,,12,gated resource (sign-in required),0,,0,,,,,,,
https://hscurriculum.uncommonschools.org/collection/ap-comp-sci-a-582/,hscurriculum.uncommonschools.org,yes,,,12,gated resource (sign-in required),0,,0,,,,,,,
https://hscurriculum.uncommonschools.org/collection/583-primitives-v-objects/,hscurriculum.uncommonschools.org,yes,,,11,gated resource (sign-in required),0,,0,,,,,,,
https://hscurriculum.uncommonschools.org/collection/584-primitives-v-objects/,hscurriculum.uncommonschools.org,yes,,,11,gated resource (sign-in required),0,,0,,,,,,,
https://hscurriculum.uncommonschools.org/collection/585-primitives-v-objects/,hscurriculum.uncommonschools.org,yes,,,11,gated resource (sign-in required),0,,0,,,,,,,
https://hscurriculum.uncommonschools.org/collection/586-primitives-v-objects/,hscurriculum.uncommonschools.org,yes,,,11,gated resource (sign-in required),0,,0,,,,,,,
https://hscurriculum.uncommonschools.org/collection/587-primitives-v-objects/,hscurriculum.uncommonschools.org,yes,,,11,gated resource (sign-in required),0,,0,,,,,,,
https://hscurriculum.uncommonschools.org/collection/588-primitives-v-objects/,hscurriculum.uncommonschools.org,yes,,,11,gated resource (sign-in required),0,,0,,,,,,,
https://hscurriculum.uncommonschools.org/collection/589-arrays-of-objects/,hscurriculum.uncommonschools.org,yes,,,11,gated resource (sign-in required),0,,0,,,,,,,
https://hscurriculum.uncommonschools.org/collection/590-arrays-of-objects/,hscurriculum.uncommonschools.org,yes,,,11,gated resource (sign-in required),0,,0,,,,,,,
https://hscurriculum.uncommonschools.org/collection/591-arrays-of-objects/,hscurriculum.uncommonschools.org,yes,,,11,gated resource (sign-in required),0,,0,,,,,,,
https://hscurriculum.uncommonschools.org/collection/592-arrays-of-objects/,hscurriculum.uncommonschools.org,yes,,,11,gated resource (sign-in required),0,,0,,,,,,,
https://hscurriculum.uncommonschools.org/collection/593-unit-5-test/,hscurriculum.uncommonschools.org,yes,,,11,gated resource (sign-in required),0,,0,,,,,,,
https://hscurriculum.uncommonschools.org/collection/594-arrays-of-objects/,hscurriculum.uncommonschools.org,yes,,,11,gated resource (sign-in required),0,,0,,,,,,,
https://hscurriculum.uncommonschools.org/collection/695-arraylist-class/,hscurriculum.uncommonschools.org,yes,,,10,gated resource (sign-in required),0,,0,,,,,,,
https://hscurriculum.uncommonschools.org/collection/696-arraylist-class/,hscurriculum.uncommonschools.org,yes,,,10,gated resource (sign-in required),0,,0,,,,,,,
https://hscurriculum.uncommonschools.org/collection/697-arraylist-class/,hscurriculum.uncommonschools.org,yes,,,10,gated resource (sign-in required),0,,0,,,,,,,
https://hscurriculum.uncommonschools.org/collection/698-arraylist-class/,hscurriculum.uncommonschools.org,yes,,,10,gated resource (sign-in required),0,,0,,,,,,,
https://hscurriculum.uncommonschools.org/collection/699-arraylist-class/,hscurriculum.uncommonschools.org,yes,,,10,gated resource (sign-in required),0,,0,,,,,,,
https://hscurriculum.uncommonschools.org/collection/6100-arraylist-class/,hscurriculum.uncommonschools.org,yes,,,10,gated resource (sign-in required),0,,0,,,,,,,
https://hscurriculum.uncommonschools.org/collection/6101-arraylist-class/,hscurriculum.uncommonschools.org,yes,,,10,gated resource (sign-in required),0,,0,,,,,,,
https://hscurriculum.uncommonschools.org/collection/ap-comp-sci-a-unit-7-plan/,hscurriculum.uncommonschools.org,yes,,,14,gated resource (sign-in required),0,,0,,,,,,,
https://hscurriculum.uncommonschools.org/collection/7102-create-and-manipulate-2d-arrays/,hscurriculum.uncommonschools.org,yes,,,13,gated resource (sign-in required),0,,0,,,,,,,
https://hscurriculum.uncommonschools.org/collection/7103-create-and-manipulate-2d-arrays/,hscurriculum.uncommonschools.org,yes,,,13,gated resource (sign-in required),0,,0,,,,,,,
https://hscurriculum.uncommonschools.org/collection/7104-create-and-manipulate-2d-arrays/,hscurriculum.uncommonschools.org,yes,,,13,gated resource (sign-in required),0,,0,,,,,,,
https://hscurriculum.uncommonschools.org/collection/7105-create-and-manipulate-2d-arrays/,hscurriculum.uncommonschools.org,yes,,,13,gated resource (sign-in required),0,,0,,,,,,,
https://hscurriculum.uncommonschools.org/collection/7106-create-and-manipulate-2d-arrays/,hscurriculum.uncommonschools.org,yes,,,13,gated resource (sign-in required),0,,0,,,,,,,
https://hscurriculum.uncommonschools.org/collection/ap-comp-sci-a-unit-8-plan/,hscurriculum.uncommonschools.org,yes,,,14,gated resource (sign-in required),0,,0,,,,,,,
https://hscurriculum.uncommonschools.org/collection/8118-polymorphism/,hscurriculum.uncommonschools.org,yes,,,9,gated resource (sign-in required),0,,0,,,,,,,
https://hscurriculum.uncommonschools.org/collection/8119-polymorphism/,hscurriculum.uncommonschools.org,yes,,,9,gated resource (sign-in required),0,,0,,,,,,,
https://hscurriculum.uncommonschools.org/collection/8120-polymorphism/,hscurriculum.uncommonschools.org,yes,,,9,gated resource (sign-in required),0,,0,,,,,,,
https://hscurriculum.uncommonschools.org/collection/8121-polymorphism/,hscurriculum.uncommonschools.org,yes,,,9,gated resource (sign-in required),0,,0,,,,,,,
https://hscurriculum.uncommonschools.org/collection/8122-polymorphism/,hscurriculum.uncommonschools.org,yes,,,9,gated resource (sign-in required),0,,0,,,,,,,
https://hscurriculum.uncommonschools.org/collection/8123-polymorphism/,hscurriculum.uncommonschools.org,yes,,,9,gated resource (sign-in required),0,,0,,,,,,,
https://hscurriculum.uncommonschools.org/collection/9141-recursion/,hscurriculum.uncommonschools.org,yes,,,9,gated resource (sign-in required),0,,0,,,,,,,
https://hscurriculum.uncommonschools.org/collection/1142-review/,hscurriculum.uncommonschools.org,yes,,,9,gated resource (sign-in required),0,,0,,,,,,,
https://hscurriculum.uncommonschools.org/collection/1143-review/,hscurriculum.uncommonschools.org,yes,,,9,gated resource (sign-in required),0,,0,,,,,,,
https://hscurriculum.uncommonschools.org/collection/1144-review/,hscurriculum.uncommonschools.org,yes,,,9,gated resource (sign-in required),0,,0,,,,,,,
https://hscurriculum.uncommonschools.org/collection/1145-review/,hscurriculum.uncommonschools.org,yes,,,9,gated resource (sign-in required),0,,0,,,,,,,
https://hscurriculum.uncommonschools.org/collection/1146-review/,hscurriculum.uncommonschools.org,yes,,,9,gated resource (sign-in required),0,,0,,,,,,,
https://hscurriculum.uncommonschools.org/collection/1147-review/,hscurriculum.uncommonschools.org,yes,,,9,gated resource (sign-in required),0,,0,,,,,,,
https://hscurriculum.uncommonschools.org/collection/1149-review/,hscurriculum.uncommonschools.org,yes,,,9,gated resource (sign-in required),0,,0,,,,,,,
https://hscurriculum.uncommonschools.org/collection/1150-review/,hscurriculum.uncommonschools.org,yes,,,9,gated resource (sign-in required),0,,0,,,,,,,
https://hscurriculum.uncommonschools.org/collection/1151-review/,hscurriculum.uncommonschools.org,yes,,,9,gated resource (sign-in required),0,,0,,,,,,,
https://hscurriculum.uncommonschools.org/collection/1153-review/,hscurriculum.uncommonschools.org,yes,,,9,gated resource (sign-in required),0,,0,,,,,,,
https://hscurriculum.uncommonschools.org/collection/1154-review/,hscurriculum.uncommonschools.org,yes,,,9,gated resource (sign-in required),0,,0,,,,,,,
https://hscurriculum.uncommonschools.org/collection/1165-review/,hscurriculum.uncommonschools.org,yes,,,9,gated resource (sign-in required),0,,0,,,,,,,
https://hscurriculum.uncommonschools.org/collection/1166-review/,hscurriculum.uncommonschools.org,yes,,,9,gated resource (sign-in required),0,,0,,,,,,,
https://hscurriculum.uncommonschools.org/collection/1168-review/,hscurriculum.uncommonschools.org,yes,,,9,gated resource (sign-in required),0,,0,,,,,,,
https://hscurriculum.uncommonschools.org/collection/1170-review/,hscurriculum.uncommonschools.org,yes,,,9,gated resource (sign-in required),0,,0,,,,,,,
https://hscurriculum.uncommonschools.org/collection/1171-review/,hscurriculum.uncommonschools.org,yes,,,9,gated resource (sign-in required),0,,0,,,,,,,
https://hscurriculum.uncommonschools.org/collection/ap-comp-sci-a-unit-6-plan/,hscurriculum.uncommonschools.org,yes,,,14,gated resource (sign-in required),0,,0,,,,,,,
https://hscurriculum.uncommonschools.org/collection/1-07-evaluate-function/,hscurriculum.uncommonschools.org,yes,,,10,gated resource (sign-in required),0,,0,,,,,,,
https://hscurriculum.uncommonschools.org/collection/1-08-rate-of-change-no-calculator/,hscurriculum.uncommonschools.org,yes,,,13,gated resource (sign-in required),0,,0,,,,,,,
https://hscurriculum.uncommonschools.org/collection/1-09-rate-of-change-w-calculator/,hscurriculum.uncommonschools.org,yes,,,13,gated resource (sign-in required),0,,0,,,,,,,
https://hscurriculum.uncommonschools.org/collection/1-10-symmetry/,hscurriculum.uncommonschools.org,yes,,,9,gated resource (sign-in required),0,,0,,,,,,,
https://hscurriculum.uncommonschools.org/collection/2-07-end-behavior-and-limits-at-infinity/,hscurriculum.uncommonschools.org,yes,,,14,gated resource (sign-in required),0,,0,,,,,,,
https://hscurriculum.uncommonschools.org/collection/2-08-factoring-polynomials/,hscurriculum.uncommonschools.org,yes,,,10,gated resource (sign-in required),0,,0,,,,,,,
https://hscurriculum.uncommonschools.org/collection/2-09-multiplicity/,hscurriculum.uncommonschools.org,yes,,,9,gated resource (sign-in required),0,,0,,,,,,,
https://hscurriculum.uncommonschools.org/collection/3-01-end-behavior-end-asymptotes/,hscurriculum.uncommonschools.org,yes,,,12,gated resource (sign-in required),0,,0,,,,,,,
https://hscurriculum.uncommonschools.org/collection/3-02-sign-tests-and-infinite-limits/,hscurriculum.uncommonschools.org,yes,,,13,gated resource (sign-in required),0,,0,,,,,,,
https://hscurriculum.uncommonschools.org/collection/3-03-graphs-of-rational-functions/,hscurriculum.uncommonschools.org,yes,,,12,gated resource (sign-in required),0,,0,,,,,,,
https://hscurriculum.uncommonschools.org/collection/3-04-fractional-exponents/,hscurriculum.uncommonschools.org,yes,,,10,gated resource (sign-in required),0,,0,,,,,,,
https://hscurriculum.uncommonschools.org/collection/3-05-graphs-of-radical-functions/,hscurriculum.uncommonschools.org,yes,,,12,gated resource (sign-in required),0,,0,,,,,,,
https://hscurriculum.uncommonschools.org/collection/4-06-graphs-of-the-six-trigonometric-functions/,hscurriculum.uncommonschools.org,yes,,,14,gated resource (sign-in required),0,,0,,,,,,,
https://hscurriculum.uncommonschools.org/collection/4-07-the-sum-and-difference-formulas/,hscurriculum.uncommonschools.org,yes,,,13,gated resource (sign-in required),0,,0,,,,,,,
https://hscurriculum.uncommonschools.org/collection/4-08-trigonometric-identities/,hscurriculum.uncommonschools.org,yes,,,10,gated resource (sign-in required),0,,0,,,,,,,
https://hscurriculum.uncommonschools.org/collection/4-09-the-inverse-trigonometric-functions/,hscurriculum.uncommonschools.org,yes,,,12,gated resource (sign-in required),0,,0,,,,,,,
https://hscurriculum.uncommonschools.org/collection/4-10-inverse-trigonometric-composition-expressions/,hscurriculum.uncommonschools.org,yes,,,12,gated resource (sign-in required),0,,0,,,,,,,
https://hscurriculum.uncommonschools.org/collection/5-01-properties-of-exponents/,hscurriculum.uncommonschools.org,yes,,,11,gated resource (sign-in required),0,,0,,,,,,,
https://hscurriculum.uncommonschools.org/collection/5-02-evaluating-logarithms/,hscurriculum.uncommonschools.org,yes,,,10,gated resource (sign-in required),0,,0,,,,,,,
https://hscurriculum.uncommonschools.org/collection/5-03-properties-of-logarithms/,hscurriculum.uncommonschools.org,yes,,,11,gated resource (sign-in required),0,,0,,,,,,,
https://hscurriculum.uncommonschools.org/collection/5-04-solving-exponential-and-logarithmic-equations/,hscurriculum.uncommonschools.org,yes,,,13,gated resource (sign-in required),0,,0,,,,,,,
https://hscurriculum.uncommonschools.org/collection/6-06-graphing-circles-in-the-polar-plane/,hscurriculum.uncommonschools.org,yes,,,14,gated resource (sign-in required),0,,0,,,,,,,
https://hscurriculum.uncommonschools.org/collection/6-07-particle-motion/,hscurriculum.uncommonschools.org,yes,,,10,gated resource (sign-in required),0,,0,,,,,,,
https://hscurriculum.uncommonschools.org/collection/6-08-particle-motion/,hscurriculum.uncommonschools.org,yes,,,10,gated resource (sign-in required),0,,0,,,,,,,
https://hscurriculum.uncommonschools.org/collection/6-09-calculating-acceleration/,hscurriculum.uncommonschools.org,yes,,,10,gated resource (sign-in required),0,,0,,,,,,,
https://hscurriculum.uncommonschools.org/collection/6-10-particle-motion-with-a-calculator/,hscurriculum.uncommonschools.org,yes,,,13,gated resource (sign-in required),0,,0,,,,,,,
https://hscurriculum.uncommonschools.org/collection/7-01-graphing-basic-parametric-equations/,hscurriculum.uncommonschools.org,yes,,,12,gated resource (sign-in required),0,,0,,,,,,,
https://hscurriculum.uncommonschools.org/collection/7-02-graphing-basic-parametric-equations-part-2/,hscurriculum.uncommonschools.org,yes,,,14,gated resource (sign-in required),0,,0,,,,,,,
https://hscurriculum.uncommonschools.org/collection/7-03-converting-parametric-and-rectangular/,hscurriculum.uncommonschools.org,yes,,,12,gated resource (sign-in required),0,,0,,,,,,,
https://hscurriculum.uncommonschools.org/collection/7-05-classifying-discontinuities/,hscurriculum.uncommonschools.org,yes,,,10,gated resource (sign-in required),0,,0,,,,,,,
https://hscurriculum.uncommonschools.org/collection/7-06-discontinuities-of-piecewise-defined-functions/,hscurriculum.uncommonschools.org,yes,,,12,gated resource (sign-in required),0,,0,,,,,,,
https://hscurriculum.uncommonschools.org/collection/7-07-continuous-extensions/,hscurriculum.uncommonschools.org,yes,,,10,gated resource (sign-in required),0,,0,,,,,,,
https://hscurriculum.uncommonschools.org/collection/7-08-the-limit-laws/,hscurriculum.uncommonschools.org,yes,,,11,gated resource (sign-in required),0,,0,,,,,,,
https://hscurriculum.uncommonschools.org/collection/7-09-trigonometric-limits/,hscurriculum.uncommonschools.org,yes,,,10,gated resource (sign-in required),0,,0,,,,,,,
https://hscurriculum.uncommonschools.org/collection/7-10-infinite-limits-and-limits-at-infinity/,hscurriculum.uncommonschools.org,yes,,,14,gated resource (sign-in required),0,,0,,,,,,,
https://hscurriculum.uncommonschools.org/collection/7-11-hierarchy-of-dominance/,hscurriculum.uncommonschools.org,yes,,,11,gated resource (sign-in required),0,,0,,,,,,,
https://hscurriculum.uncommonschools.org/collection/7-12-asympotes-and-rational-functions/,hscurriculum.uncommonschools.org,yes,,,12,gated resource (sign-in required),0,,0,,,,,,,
https://hscurriculum.uncommonschools.org/collection/7-13-mixed-review/,hscurriculum.uncommonschools.org,yes,,,10,gated resource (sign-in required),0,,0,,,,,,,
https://hscurriculum.uncommonschools.org/collection/7-14-open-ended-limits-and-continuity/,hscurriculum.uncommonschools.org,yes,,,12,gated resource (sign-in required),0,,0,,,,,,,
https://hscurriculum.uncommonschools.org/collection/pre-ap-calculus-unit-7-assessments/,hscurriculum.uncommonschools.org,yes,,,12,gated resource (sign-in required),0,,0,,,,,,,
https://hscurriculum.uncommonschools.org/collection/8-01-tangent-and-secant-lines/,hscurriculum.uncommonschools.org,yes,,,12,gated resource (sign-in required),0,,0,,,,,,,
https://hscurriculum.uncommonschools.org/collection/8-02-the-limit-definition-of-the-derivative/,hscurriculum.uncommonschools.org,yes,,,14,gated resource (sign-in required),0,,0,,,,,,,
https://hscurriculum.uncommonschools.org/collection/8-03-sketching-the-graph-of-%e2%80%b2/,hscurriculum.uncommonschools.org,yes,,,14,gated resource (sign-in required),0,,0,,,,,,,
https://hscurriculum.uncommonschools.org/collection/8-04-differentiability/,hscurriculum.uncommonschools.org,yes,,,9,gated resource (sign-in required),0,,0,,,,,,,
https://hscurriculum.uncommonschools.org/collection/8-05-the-power-rule/,hscurriculum.uncommonschools.org,yes,,,11,gated resource (sign-in required),0,,0,,,,,,,
https://hscurriculum.uncommonschools.org/collection/8-06-basica-derivative-rules/,hscurriculum.uncommonschools.org,yes,,,11,gated resource (sign-in required),0,,0,,,,,,,
https://hscurriculum.uncommonschools.org/collection/8-07-tangent-and-normal-lines/,hscurriculum.uncommonschools.org,yes,,,12,gated resource (sign-in required),0,,0,,,,,,,
https://hscurriculum.uncommonschools.org/collection/8-08-derivatives-of-sine-and-cosine/,hscurriculum.uncommonschools.org,yes,,,13,gated resource (sign-in required),0,,0,,,,,,,
https://hscurriculum.uncommonschools.org/collection/8-09-the-product-rule/,hscurriculum.uncommonschools.org,yes,,,11,gated resource (sign-in required),0,,0,,,,,,,
https://hscurriculum.uncommonschools.org/collection/8-10-the-quotient-rule/,hscurriculum.uncommonschools.org,yes,,,11,gated resource (sign-in required),0,,0,,,,,,,
https://hscurriculum.uncommonschools.org/collection/8-11-derivatives-of-the-other-4-trig-functions/,hscurriculum.uncommonschools.org,yes,,,15,gated resource (sign-in required),0,,0,,,,,,,
https://hscurriculum.uncommonschools.org/collection/8-12-derivatives-from-graphs-and-tables-of-values/,hscurriculum.uncommonschools.org,yes,,,15,gated resource (sign-in required),0,,0,,,,,,,
https://hscurriculum.uncommonschools.org/collection/pre-ap-calculus-unit-8-assessments/,hscurriculum.uncommonschools.org,yes,,,12,gated resource (sign-in required),0,,0,,,,,,,
https://hscurriculum.uncommonschools.org/collection/pre-ap-calculus-unit-9-plan/,hscurriculum.uncommonschools.org,yes,,,12,gated resource (sign-in required),0,,0,,,,,,,
https://hscurriculum.uncommonschools.org/collection/9-01-the-chain-rule/,hscurriculum.uncommonschools.org,yes,,,11,gated resource (sign-in required),0,,0,,,,,,,
https://hscurriculum.uncommonschools.org/collection/9-02-implicit-differentiation/,hscurriculum.uncommonschools.org,yes,,,10,gated resource (sign-in required),0,,0,,,,,,,
https://hscurriculum.uncommonschools.org/collection/9-03-derivatives-of-logarithmic-and-exponential-functions/,hscurriculum.uncommonschools.org,yes,,,14,gated resource (sign-in required),0,,0,,,,,,,
https://hscurriculum.uncommonschools.org/collection/9-04-horizontal-and-vertical-tangents/,hscurriculum.uncommonschools.org,yes,,,12,gated resource (sign-in required),0,,0,,,,,,,
https://hscurriculum.uncommonschools.org/collection/9-05-derivative-and-tangent-lines-with-a-calculator/,hscurriculum.uncommonschools.org,yes,,,15,gated resource (sign-in required),0,,0,,,,,,,
https://hscurriculum.uncommonschools.org/collection/9-06-lhospitals-rule/,hscurriculum.uncommonschools.org,yes,,,10,gated resource (sign-in required),0,,0,,,,,,,
https://hscurriculum.uncommonschools.org/collection/9-07-power-rule-for-derivatives/,hscurriculum.uncommonschools.org,yes,,,12,gated resource (sign-in required),0,,0,,,,,,,
https://hscurriculum.uncommonschools.org/collection/9-08-basic-derivative-rules/,hscurriculum.uncommonschools.org,yes,,,11,gated resource (sign-in required),0,,0,,,,,,,
https://hscurriculum.uncommonschools.org/collection/9-09-piecewise-function-differentiability/,hscurriculum.uncommonschools.org,yes,,,11,gated resource (sign-in required),0,,0,,,,,,,
https://hscurriculum.uncommonschools.org/collection/9-10-derivatives-of-inverse-trig-functions/,hscurriculum.uncommonschools.org,yes,,,13,gated resource (sign-in required),0,,0,,,,,,,
https://hscurriculum.uncommonschools.org/collection/9-11-derivatives-in-disguise/,hscurriculum.uncommonschools.org,yes,,,11,gated resource (sign-in required),0,,0,,,,,,,
https://hscurriculum.uncommonschools.org/collection/9-12-the-2nd-derivative/,hscurriculum.uncommonschools.org,yes,,,11,gated resource (sign-in required),0,,0,,,,,,,
https://hscurriculum.uncommonschools.org/collection/9-13-unknown-coefficients-and-constants/,hscurriculum.uncommonschools.org,yes,,,12,gated resource (sign-in required),0,,0,,,,,,,
https://hscurriculum.uncommonschools.org/collection/pre-ap-calculus-unit-9-assessments/,hscurriculum.uncommonschools.org,yes,,,12,gated resource (sign-in required),0,,0,,,,,,,
https://hscurriculum.uncommonschools.org/collection/pre-ap-calculus-unit-10-plan/,hscurriculum.uncommonschools.org,yes,,,12,gated resource (sign-in required),0,,0,,,,,,,
https://hscurriculum.uncommonschools.org/collection/10-01-critical-points/,hscurriculum.uncommonschools.org,yes,,,10,gated resource (sign-in required),0,,0,,,,,,,
https://hscurriculum.uncommonschools.org/collection/10-02-the-increasing-decreasing-test/,hscurriculum.uncommonschools.org,yes,,,11,gated resource (sign-in required),0,,0,,,,,,,
https://hscurriculum.uncommonschools.org/collection/10-03-the-1st-derivative-test/,hscurriculum.uncommonschools.org,yes,,,12,gated resource (sign-in required),0,,0,,,,,,,
https://hscurriculum.uncommonschools.org/collection/10-04-the-convaity-gtest/,hscurriculum.uncommonschools.org,yes,,,11,gated resource (sign-in required),0,,0,,,,,,,
https://hscurriculum.uncommonschools.org/collection/10-05-the-2nd-derivative-test/,hscurriculum.uncommonschools.org,yes,,,12,gated resource (sign-in required),0,,0,,,,,,,
https://hscurriculum.uncommonschools.org/collection/10-06-the-closed-interval-method/,hscurriculum.uncommonschools.org,yes,,,12,gated resource (sign-in required),0,,0,,,,,,,
https://hscurriculum.uncommonschools.org/collection/10-07-analyzing-the-graph-of-%e2%80%b2/,hscurriculum.uncommonschools.org,yes,,,14,gated resource (sign-in required),0,,0,,,,,,,
https://hscurriculum.uncommonschools.org/collection/10-08-matching-%e2%80%b2-with/,hscurriculum.uncommonschools.org,yes,,,14,gated resource (sign-in required),0,,0,,,,,,,
https://hscurriculum.uncommonschools.org/collection/10-09-grahing-using-the-1st-and-2nd-derivatives/,hscurriculum.uncommonschools.org,yes,,,15,gated resource (sign-in required),0,,0,,,,,,,
https://hscurriculum.uncommonschools.org/collection/10-10-comparing-%e2%80%b2-and-%e2%80%b2%e2%80%b2/,hscurriculum.uncommonschools.org,yes,,,12,gated resource (sign-in required),0,,0,,,,,,,
https://hscurriculum.uncommonschools.org/collection/10-11-using-a-graphing-calculator-with-the-1st-derivative/,hscurriculum.uncommonschools.org,yes,,,16,gated resource (sign-in required),0,,0,,,,,,,
https://hscurriculum.uncommonschools.org/collection/10-12-using-a-graphing-calculator-with-the-2nd-derivative/,hscurriculum.uncommonschools.org,yes,,,16,gated resource (sign-in required),0,,0,,,,,,,
https://hscurriculum.uncommonschools.org/collection/10-13-graphic-analysis-with-a-table-of-values/,hscurriculum.uncommonschools.org,yes,,,15,gated resource (sign-in required),0,,0,,,,,,,
https://hscurriculum.uncommonschools.org/collection/10-14-analyzing-%e2%80%b2-open-ended-workshop/,hscurriculum.uncommonschools.org,yes,,,13,gated resource (sign-in required),0,,0,,,,,,,
https://hscurriculum.uncommonschools.org/collection/pre-ap-calculus-unit-11-plan/,hscurriculum.uncommonschools.org,yes,,,12,gated resource (sign-in required),0,,0,,,,,,,
https://hscurriculum.uncommonschools.org/collection/11-01-derivative-in-context/,hscurriculum.uncommonschools.org,yes,,,11,gated resource (sign-in required),0,,0,,,,,,,
https://hscurriculum.uncommonschools.org/collection/11-02-optimization/,hscurriculum.uncommonschools.org,yes,,,9,gated resource (sign-in required),0,,0,,,,,,,
https://hscurriculum.uncommonschools.org/collection/11-03-optimizations-in-geometry/,hscurriculum.uncommonschools.org,yes,,,11,gated resource (sign-in required),0,,0,,,,,,,
https://hscurriculum.uncommonschools.org/collection/11-04-particle-motion-revisited/,hscurriculum.uncommonschools.org,yes,,,11,gated resource (sign-in required),0,,0,,,,,,,
https://hscurriculum.uncommonschools.org/collection/11-05-speed-and-change-in-direction/,hscurriculum.uncommonschools.org,yes,,,13,gated resource (sign-in required),0,,0,,,,,,,
https://hscurriculum.uncommonschools.org/collection/11-06-analyzing-the-graph-of-a-velocity-function/,hscurriculum.uncommonschools.org,yes,,,15,gated resource (sign-in required),0,,0,,,,,,,
https://hscurriculum.uncommonschools.org/collection/11-07-graphing-calculator-active-particle-motion-questions/,hscurriculum.uncommonschools.org,yes,,,14,gated resource (sign-in required),0,,0,,,,,,,
https://hscurriculum.uncommonschools.org/collection/11-08-particle-motion-open-ended/,hscurriculum.uncommonschools.org,yes,,,11,gated resource (sign-in required),0,,0,,,,,,,
https://hscurriculum.uncommonschools.org/collection/11-09-complex-derivatives-involving-the-chain-rule/,hscurriculum.uncommonschools.org,yes,,,14,gated resource (sign-in required),0,,0,,,,,,,
https://hscurriculum.uncommonschools.org/collection/1-22-simulation-intro/,hscurriculum.uncommonschools.org,yes,,,10,gated resource (sign-in required),0,,0,,,,,,,
https://hscurriculum.uncommonschools.org/collection/1-23-irr-analysis/,hscurriculum.uncommonschools.org,yes,,,10,gated resource (sign-in required),0,,0,,,,,,,
https://hscurriculum.uncommonschools.org/collection/1-24-irr-research/,hscurriculum.uncommonschools.org,yes,,,10,gated resource (sign-in required),0,,0,,,,,,,
https://hscurriculum.uncommonschools.org/collection/1-25-irr-research/,hscurriculum.uncommonschools.org,yes,,,10,gated resource (sign-in required),0,,0,,,,,,,
https://hscurriculum.uncommonschools.org/collection/1-26-irr-research/,hscurriculum.uncommonschools.org,yes,,,10,gated resource (sign-in required),0,,0,,,,,,,
https://hscurriculum.uncommonschools.org/collection/1-28-irr-draft-100/,hscurriculum.uncommonschools.org,yes,,,11,gated resource (sign-in required),0,,0,,,,,,,
https://hscurriculum.uncommonschools.org/collection/1-29-irr-draft-300/,hscurriculum.uncommonschools.org,yes,,,11,gated resource (sign-in required),0,,0,,,,,,,
https://hscurriculum.uncommonschools.org/collection/1-30-irr-draft-500/,hscurriculum.uncommonschools.org,yes,,,11,gated resource (sign-in required),0,,0,,,,,,,
https://hscurriculum.uncommonschools.org/collection/1-31-team-argument/,hscurriculum.uncommonschools.org,yes,,,10,gated resource (sign-in required),0,,0,,,,,,,
https://hscurriculum.uncommonschools.org/collection/1-32-team-script/,hscurriculum.uncommonschools.org,yes,,,10,gated resource (sign-in required),0,,0,,,,,,,
https://hscurriculum.uncommonschools.org/collection/1-33-team-slides/,hscurriculum.uncommonschools.org,yes,,,10,gated resource (sign-in required),0,,0,,,,,,,
https://hscurriculum.uncommonschools.org/collection/1-34-tmp-rehearsal/,hscurriculum.uncommonschools.org,yes,,,10,gated resource (sign-in required),0,,0,,,,,,,
https://hscurriculum.uncommonschools.org/collection/1-35-simulation-part-1/,hscurriculum.uncommonschools.org,yes,,,11,gated resource (sign-in required),0,,0,,,,,,,
https://hscurriculum.uncommonschools.org/collection/1-36-simulation-part-2/,hscurriculum.uncommonschools.org,yes,,,11,gated resource (sign-in required),0,,0,,,,,,,
https://hscurriculum.uncommonschools.org/collection/1-37-synthesis-writing/,hscurriculum.uncommonschools.org,yes,,,10,gated resource (sign-in required),0,,0,,,,,,,
https://hscurriculum.uncommonschools.org/collection/1-38-eoc-a/,hscurriculum.uncommonschools.org,yes,,,10,gated resource (sign-in required),0,,0,,,,,,,
https://hscurriculum.uncommonschools.org/collection/2-01-team-norms/,hscurriculum.uncommonschools.org,yes,,,10,gated resource (sign-in required),0,,0,,,,,,,
https://hscurriculum.uncommonschools.org/collection/2-02-research-question-1/,hscurriculum.uncommonschools.org,yes,,,11,gated resource (sign-in required),0,,0,,,,,,,
https://hscurriculum.uncommonschools.org/collection/2-03-research-question-2/,hscurriculum.uncommonschools.org,yes,,,11,gated resource (sign-in required),0,,0,,,,,,,
https://hscurriculum.uncommonschools.org/collection/2-04-research-question-3/,hscurriculum.uncommonschools.org,yes,,,11,gated resource (sign-in required),0,,0,,,,,,,
https://hscurriculum.uncommonschools.org/collection/2-05-research-1/,hscurriculum.uncommonschools.org,yes,,,10,gated resource (sign-in required),0,,0,,,,,,,
https://hscurriculum.uncommonschools.org/collection/2-06-research-2/,hscurriculum.uncommonschools.org,yes,,,10,gated resource (sign-in required),0,,0,,,,,,,
https://hscurriculum.uncommonschools.org/collection/2-07-research-3/,hscurriculum.uncommonschools.org,yes,,,10,gated resource (sign-in required),0,,0,,,,,,,
https://hscurriculum.uncommonschools.org/collection/2-08-research-4/,hscurriculum.uncommonschools.org,yes,,,10,gated resource (sign-in required),0,,0,,,,,,,
https://hscurriculum.uncommonschools.org/collection/2-09-research-5/,hscurriculum.uncommonschools.org,yes,,,10,gated resource (sign-in required),0,,0,,,,,,,
https://hscurriculum.uncommonschools.org/collection/2-10-research-6/,hscurriculum.uncommonschools.org,yes,,,10,gated resource (sign-in required),0,,0,,,,,,,
https://hscurriculum.uncommonschools.org/collection/2-11-outline-1/,hscurriculum.uncommonschools.org,yes,,,10,gated resource (sign-in required),0,,0,,,,,,,
https://hscurriculum.uncommonschools.org/collection/2-12-outline-2/,hscurriculum.uncommonschools.org,yes,,,10,gated resource (sign-in required),0,,0,,,,,,,
https://hscurriculum.uncommonschools.org/collection/2-13-irr-200/,hscurriculum.uncommonschools.org,yes,,,10,gated resource (sign-in required),0,,0,,,,,,,
https://hscurriculum.uncommonschools.org/collection/2-14-irr-400/,hscurriculum.uncommonschools.org,yes,,,10,gated resource (sign-in required),0,,0,,,,,,,
https://hscurriculum.uncommonschools.org/collection/2-15-irr-600/,hscurriculum.uncommonschools.org,yes,,,10,gated resource (sign-in required),0,,0,,,,,,,
https://hscurriculum.uncommonschools.org/collection/2-16-irr-800/,hscurriculum.uncommonschools.org,yes,,,10,gated resource (sign-in required),0,,0,,,,,,,
https://hscurriculum.uncommonschools.org/collection/2-17-irr-1000/,hscurriculum.uncommonschools.org,yes,,,10,gated resource (sign-in required),0,,0,,,,,,,
https://hscurriculum.uncommonschools.org/collection/2-18-irr-1200/,hscurriculum.uncommonschools.org,yes,,,10,gated resource (sign-in required),0,,0,,,,,,,
https://hscurriculum.uncommonschools.org/collection/2-19-irr-checklist/,hscurriculum.uncommonschools.org,yes,,,10,gated resource (sign-in required),0,,0,,,,,,,
https://hscurriculum.uncommonschools.org/collection/2-21-irr-peer-review/,hscurriculum.uncommonschools.org,yes,,,11,gated resource (sign-in required),0,,0,,,,,,,
https://hscurriculum.uncommonschools.org/collection/2-22-irr-proofread/,hscurriculum.uncommonschools.org,yes,,,10,gated resource (sign-in required),0,,0,,,,,,,
https://hscurriculum.uncommonschools.org/collection/2-23-irr-finalize/,hscurriculum.uncommonschools.org,yes,,,10,gated resource (sign-in required),0,,0,,,,,,,
https://hscurriculum.uncommonschools.org/collection/2-24-tmp-solutions/,hscurriculum.uncommonschools.org,yes,,,10,gated resource (sign-in required),0,,0,,,,,,,
https://hscurriculum.uncommonschools.org/collection/2-25-tmp-evidence/,hscurriculum.uncommonschools.org,yes,,,10,gated resource (sign-in required),0,,0,,,,,,,
https://hscurriculum.uncommonschools.org/collection/2-26-tmp-analysis/,hscurriculum.uncommonschools.org,yes,,,10,gated resource (sign-in required),0,,0,,,,,,,
https://hscurriculum.uncommonschools.org/collection/2-27-tmp-outline/,hscurriculum.uncommonschools.org,yes,,,10,gated resource (sign-in required),0,,0,,,,,,,
https://hscurriculum.uncommonschools.org/collection/2-28-tmp-script-1/,hscurriculum.uncommonschools.org,yes,,,11,gated resource (sign-in required),0,,0,,,,,,,
https://hscurriculum.uncommonschools.org/collection/2-29-tmp-script-2/,hscurriculum.uncommonschools.org,yes,,,11,gated resource (sign-in required),0,,0,,,,,,,
https://hscurriculum.uncommonschools.org/collection/2-30-tmp-script-3/,hscurriculum.uncommonschools.org,yes,,,11,gated resource (sign-in required),0,,0,,,,,,,
https://hscurriculum.uncommonschools.org/collection/2-31-tmp-slides-1/,hscurriculum.uncommonschools.org,yes,,,11,gated resource (sign-in required),0,,0,,,,,,,
https://hscurriculum.uncommonschools.org/collection/2-32-oral-defense/,hscurriculum.uncommonschools.org,yes,,,10,gated resource (sign-in required),0,,0,,,,,,,
https://hscurriculum.uncommonschools.org/collection/2-33-tmp-slides/,hscurriculum.uncommonschools.org,yes,,,10,gated resource (sign-in required),0,,0,,,,,,,
https://hscurriculum.uncommonschools.org/collection/2-34-tmp-rehearsal/,hscurriculum.uncommonschools.org,yes,,,10,gated resource (sign-in required),0,,0,,,,,,,
https://hscurriculum.uncommonschools.org/collection/2-36-tmp-rehearsal/,hscurriculum.uncommonschools.org,yes,,,10,gated resource (sign-in required),0,,0,,,,,,,
https://hscurriculum.uncommonschools.org/collection/2-37-tmp-rehearsal/,hscurriculum.uncommonschools.org,yes,,,10,gated resource (sign-in required),0,,0,,,,,,,
https://hscurriculum.uncommonschools.org/collection/2-38-tmp-rehearsal/,hscurriculum.uncommonschools.org,yes,,,10,gated resource (sign-in required),0,,0,,,,,,,
https://hscurriculum.uncommonschools.org/collection/2-39-tmp-rehearsal/,hscurriculum.uncommonschools.org,yes,,,10,gated resource (sign-in required),0,,0,,,,,,,
https://hscurriculum.uncommonschools.org/collection/2-40-tmp-ap-task/,hscurriculum.uncommonschools.org,yes,,,11,gated resource (sign-in required),0,,0,,,,,,,
https://hscurriculum.uncommonschools.org/collection/2-41-tmp-ap-task/,hscurriculum.uncommonschools.org,yes,,,11,gated resource (sign-in required),0,,0,,,,,,,
https://hscurriculum.uncommonschools.org/collection/3-04-stimulus-materials/,hscurriculum.uncommonschools.org,yes,,,10,gated resource (sign-in required),0,,0,,,,,,,
https://hscurriculum.uncommonschools.org/collection/305-stimulus-materials/,hscurriculum.uncommonschools.org,yes,,,10,gated resource (sign-in required),0,,0,,,,,,,
https://hscurriculum.uncommonschools.org/collection/306-stimulus-materials/,hscurriculum.uncommonschools.org,yes,,,10,gated resource (sign-in required),0,,0,,,,,,,
https://hscurriculum.uncommonschools.org/collection/3-07-topic-brainstorm/,hscurriculum.uncommonschools.org,yes,,,10,gated resource (sign-in required),0,,0,,,,,,,
https://hscurriculum.uncommonschools.org/collection/3-08-questions/,hscurriculum.uncommonschools.org,yes,,,9,gated resource (sign-in required),0,,0,,,,,,,
https://hscurriculum.uncommonschools.org/collection/3-09-questions/,hscurriculum.uncommonschools.org,yes,,,9,gated resource (sign-in required),0,,0,,,,,,,
https://hscurriculum.uncommonschools.org/collection/3-10-research-1-background/,hscurriculum.uncommonschools.org,yes,,,11,gated resource (sign-in required),0,,0,,,,,,,
https://hscurriculum.uncommonschools.org/collection/3-11-research-2-background/,hscurriculum.uncommonschools.org,yes,,,11,gated resource (sign-in required),0,,0,,,,,,,
https://hscurriculum.uncommonschools.org/collection/3-12-stimulus-materials/,hscurriculum.uncommonschools.org,yes,,,10,gated resource (sign-in required),0,,0,,,,,,,
https://hscurriculum.uncommonschools.org/collection/3-13-research-3-perspectives/,hscurriculum.uncommonschools.org,yes,,,11,gated resource (sign-in required),0,,0,,,,,,,
https://hscurriculum.uncommonschools.org/collection/3-14-research-4-persepctives/,hscurriculum.uncommonschools.org,yes,,,11,gated resource (sign-in required),0,,0,,,,,,,
https://hscurriculum.uncommonschools.org/collection/3-15-research-5-perspectives/,hscurriculum.uncommonschools.org,yes,,,11,gated resource (sign-in required),0,,0,,,,,,,
https://hscurriculum.uncommonschools.org/collection/3-16-research-6-perspectives/,hscurriculum.uncommonschools.org,yes,,,11,gated resource (sign-in required),0,,0,,,,,,,
https://hscurriculum.uncommonschools.org/collection/3-17-research-7-scholarly-academic-sources/,hscurriculum.uncommonschools.org,yes,,,14,gated resource (sign-in required),0,,0,,,,,,,
https://hscurriculum.uncommonschools.org/collection/3-18-research-8-scholarly-academic-sources/,hscurriculum.uncommonschools.org,yes,,,14,gated resource (sign-in required),0,,0,,,,,,,
https://hscurriculum.uncommonschools.org/collection/3-19-research-9-scholarly-academic-sources/,hscurriculum.uncommonschools.org,yes,,,14,gated resource (sign-in required),0,,0,,,,,,,
https://hscurriculum.uncommonschools.org/collection/3-20-iwa-outline/,hscurriculum.uncommonschools.org,yes,,,10,gated resource (sign-in required),0,,0,,,,,,,
https://hscurriculum.uncommonschools.org/collection/3-21-iwa-100/,hscurriculum.uncommonschools.org,yes,,,10,gated resource (sign-in required),0,,0,,,,,,,
https://hscurriculum.uncommonschools.org/collection/3-22-iwa-200/,hscurriculum.uncommonschools.org,yes,,,10,gated resource (sign-in required),0,,0,,,,,,,
https://hscurriculum.uncommonschools.org/collection/3-23-iwa-400/,hscurriculum.uncommonschools.org,yes,,,10,gated resource (sign-in required),0,,0,,,,,,,
https://hscurriculum.uncommonschools.org/collection/3-24-iwa-600/,hscurriculum.uncommonschools.org,yes,,,10,gated resource (sign-in required),0,,0,,,,,,,
https://hscurriculum.uncommonschools.org/collection/3-25-iwa-800/,hscurriculum.uncommonschools.org,yes,,,10,gated resource (sign-in required),0,,0,,,,,,,
https://hscurriculum.uncommonschools.org/collection/3-26-iwa-1000/,hscurriculum.uncommonschools.org,yes,,,10,gated resource (sign-in required),0,,0,,,,,,,
https://hscurriculum.uncommonschools.org/collection/3-27-iwa-1200/,hscurriculum.uncommonschools.org,yes,,,10,gated resource (sign-in required),0,,0,,,,,,,
https://hscurriculum.uncommonschools.org/collection/3-28-iwa-1400/,hscurriculum.uncommonschools.org,yes,,,10,gated resource (sign-in required),0,,0,,,,,,,
https://hscurriculum.uncommonschools.org/collection/3-29-iwa-1600/,hscurriculum.uncommonschools.org,yes,,,10,gated resource (sign-in required),0,,0,,,,,,,
https://hscurriculum.uncommonschools.org/collection/3-30-iwa-1800/,hscurriculum.uncommonschools.org,yes,,,10,gated resource (sign-in required),0,,0,,,,,,,
https://hscurriculum.uncommonschools.org/collection/3-31-iwa-2000/,hscurriculum.uncommonschools.org,yes,,,10,gated resource (sign-in required),0,,0,,,,,,,
https://hscurriculum.uncommonschools.org/collection/3-32-iwa-revise-1/,hscurriculum.uncommonschools.org,yes,,,11,gated resource (sign-in required),0,,0,,,,,,,
https://hscurriculum.uncommonschools.org/collection/3-33-iwa-revise-2/,hscurriculum.uncommonschools.org,yes,,,11,gated resource (sign-in required),0,,0,,,,,,,
https://hscurriculum.uncommonschools.org/collection/3-34-iwa-peer-review/,hscurriculum.uncommonschools.org,yes,,,11,gated resource (sign-in required),0,,0,,,,,,,
https://hscurriculum.uncommonschools.org/collection/3-35-iwa-proofread/,hscurriculum.uncommonschools.org,yes,,,10,gated resource (sign-in required),0,,0,,,,,,,
https://hscurriculum.uncommonschools.org/collection/3-36-iwa-finalize/,hscurriculum.uncommonschools.org,yes,,,10,gated resource (sign-in required),0,,0,,,,,,,
https://hscurriculum.uncommonschools.org/collection/3-37-ia-review/,hscurriculum.uncommonschools.org,yes,,,10,gated resource (sign-in required),0,,0,,,,,,,
https://hscurriculum.uncommonschools.org/collection/4-1-script-1/,hscurriculum.uncommonschools.org,yes,,,10,gated resource (sign-in required),0,,0,,,,,,,
https://hscurriculum.uncommonschools.org/collection/4-2-script-2/,hscurriculum.uncommonschools.org,yes,,,10,gated resource (sign-in required),0,,0,,,,,,,
https://hscurriculum.uncommonschools.org/collection/4-3-script-3/,hscurriculum.uncommonschools.org,yes,,,10,gated resource (sign-in required),0,,0,,,,,,,
https://hscurriculum.uncommonschools.org/collection/4-4-slides-1/,hscurriculum.uncommonschools.org,yes,,,10,gated resource (sign-in required),0,,0,,,,,,,
https://hscurriculum.uncommonschools.org/collection/4-5-slides-2/,hscurriculum.uncommonschools.org,yes,,,10,gated resource (sign-in required),0,,0,,,,,,,
https://hscurriculum.uncommonschools.org/collection/4-6-slides-3/,hscurriculum.uncommonschools.org,yes,,,10,gated resource (sign-in required),0,,0,,,,,,,
https://hscurriculum.uncommonschools.org/collection/4-8-rehearsal-2/,hscurriculum.uncommonschools.org,yes,,,10,gated resource (sign-in required),0,,0,,,,,,,
https://hscurriculum.uncommonschools.org/collection/4-9-rehearsal-3/,hscurriculum.uncommonschools.org,yes,,,10,gated resource (sign-in required),0,,0,,,,,,,
https://hscurriculum.uncommonschools.org/collection/4-10-rehearsal-4/,hscurriculum.uncommonschools.org,yes,,,10,gated resource (sign-in required),0,,0,,,,,,,
https://hscurriculum.uncommonschools.org/collection/4-11-rehearsal-5/,hscurriculum.uncommonschools.org,yes,,,10,gated resource (sign-in required),0,,0,,,,,,,
https://hscurriculum.uncommonschools.org/collection/4-12-rehearsal-6/,hscurriculum.uncommonschools.org,yes,,,10,gated resource (sign-in required),0,,0,,,,,,,
https://hscurriculum.uncommonschools.org/collection/4-13-imp-1/,hscurriculum.uncommonschools.org,yes,,,10,gated resource (sign-in required),0,,0,,,,,,,
https://hscurriculum.uncommonschools.org/collection/4-14-imp-2/,hscurriculum.uncommonschools.org,yes,,,10,gated resource (sign-in required),0,,0,,,,,,,
https://hscurriculum.uncommonschools.org/collection/ap-research-u1-plan/,hscurriculum.uncommonschools.org,yes,,,11,gated resource (sign-in required),0,,0,,,,,,,
https://hscurriculum.uncommonschools.org/collection/1-01-intro-to-research/,hscurriculum.uncommonschools.org,yes,,,11,gated resource (sign-in required),0,,0,,,,,,,
https://hscurriculum.uncommonschools.org/collection/1-02-components-of-a-strong-research-question/,hscurriculum.uncommonschools.org,yes,,,14,gated resource (sign-in required),0,,0,,,,,,,
https://hscurriculum.uncommonschools.org/collection/1-03-scope-of-a-research-question/,hscurriculum.uncommonschools.org,yes,,,13,gated resource (sign-in required),0,,0,,,,,,,
https://hscurriculum.uncommonschools.org/collection/1-04-developing-strong-research-questions/,hscurriculum.uncommonschools.org,yes,,,12,gated resource (sign-in required),0,,0,,,,,,,
https://hscurriculum.uncommonschools.org/collection/1-05-identify-gaps-in-scholarship/,hscurriculum.uncommonschools.org,yes,,,12,gated resource (sign-in required),0,,0,,,,,,,
https://hscurriculum.uncommonschools.org/collection/1-06-case-study-uncovering-the-gap/,hscurriculum.uncommonschools.org,yes,,,13,gated resource (sign-in required),0,,0,,,,,,,
https://hscurriculum.uncommonschools.org/collection/1-07-determine-variables-and-feasibility-of-topics/,hscurriculum.uncommonschools.org,yes,,,14,gated resource (sign-in required),0,,0,,,,,,,
https://hscurriculum.uncommonschools.org/collection/1-08-solidify-the-gap-in-a-research-question/,hscurriculum.uncommonschools.org,yes,,,15,gated resource (sign-in required),0,,0,,,,,,,
https://hscurriculum.uncommonschools.org/collection/1-09-academic-disciplines-ways-of-knowing/,hscurriculum.uncommonschools.org,yes,,,13,gated resource (sign-in required),0,,0,,,,,,,
https://hscurriculum.uncommonschools.org/collection/1-10-discipline-specific-research/,hscurriculum.uncommonschools.org,yes,,,10,gated resource (sign-in required),0,,0,,,,,,,
https://hscurriculum.uncommonschools.org/collection/1-12-revise-and-submit-research-topic-and-question/,hscurriculum.uncommonschools.org,yes,,,15,gated resource (sign-in required),0,,0,,,,,,,
https://hscurriculum.uncommonschools.org/collection/1-13-research-question-presentations/,hscurriculum.uncommonschools.org,yes,,,11,gated resource (sign-in required),0,,0,,,,,,,
https://hscurriculum.uncommonschools.org/collection/1-14-components-of-an-annotate-bibliography/,hscurriculum.uncommonschools.org,yes,,,13,gated resource (sign-in required),0,,0,,,,,,,
https://hscurriculum.uncommonschools.org/collection/1-15-conduct-smarter-searches/,hscurriculum.uncommonschools.org,yes,,,11,gated resource (sign-in required),0,,0,,,,,,,
https://hscurriculum.uncommonschools.org/collection/1-16-source-research/,hscurriculum.uncommonschools.org,yes,,,10,gated resource (sign-in required),0,,0,,,,,,,
https://hscurriculum.uncommonschools.org/collection/1-17-source-research/,hscurriculum.uncommonschools.org,yes,,,10,gated resource (sign-in required),0,,0,,,,,,,
https://hscurriculum.uncommonschools.org/collection/1-18-source-research/,hscurriculum.uncommonschools.org,yes,,,10,gated resource (sign-in required),0,,0,,,,,,,
https://hscurriculum.uncommonschools.org/collection/1-19-source-research/,hscurriculum.uncommonschools.org,yes,,,10,gated resource (sign-in required),0,,0,,,,,,,
https://hscurriculum.uncommonschools.org/collection/1-21-explore-the-role-of-methods/,hscurriculum.uncommonschools.org,yes,,,13,gated resource (sign-in required),0,,0,,,,,,,
https://hscurriculum.uncommonschools.org/collection/1-22-methods-and-ethics/,hscurriculum.uncommonschools.org,yes,,,11,gated resource (sign-in required),0,,0,,,,,,,
https://hscurriculum.uncommonschools.org/collection/1-23-identifying-a-methodological-model/,hscurriculum.uncommonschools.org,yes,,,12,gated resource (sign-in required),0,,0,,,,,,,
https://hscurriculum.uncommonschools.org/collection/1-24-identifying-a-methodological-model/,hscurriculum.uncommonschools.org,yes,,,12,gated resource (sign-in required),0,,0,,,,,,,
https://hscurriculum.uncommonschools.org/collection/1-25-identifying-a-methodological-model/,hscurriculum.uncommonschools.org,yes,,,12,gated resource (sign-in required),0,,0,,,,,,,
https://hscurriculum.uncommonschools.org/collection/1-26-identifying-a-methodological-model/,hscurriculum.uncommonschools.org,yes,,,12,gated resource (sign-in required),0,,0,,,,,,,
https://hscurriculum.uncommonschools.org/collection/1-27-annotated-bibliography-research/,hscurriculum.uncommonschools.org,yes,,,11,gated resource (sign-in required),0,,0,,,,,,,
https://hscurriculum.uncommonschools.org/collection/1-28-annotated-bibliography-research/,hscurriculum.uncommonschools.org,yes,,,11,gated resource (sign-in required),0,,0,,,,,,,
https://hscurriculum.uncommonschools.org/collection/1-29-annotated-bibliography-research/,hscurriculum.uncommonschools.org,yes,,,11,gated resource (sign-in required),0,,0,,,,,,,
https://hscurriculum.uncommonschools.org/collection/1-30-annotated-bibliography-research/,hscurriculum.uncommonschools.org,yes,,,11,gated resource (sign-in required),0,,0,,,,,,,
https://hscurriculum.uncommonschools.org/collection/1-30b-research-method-elevator-speech/,hscurriculum.uncommonschools.org,yes,,,12,gated resource (sign-in required),0,,0,,,,,,,
https://hscurriculum.uncommonschools.org/collection/1-31-annotated-bibliography-research/,hscurriculum.uncommonschools.org,yes,,,11,gated resource (sign-in required),0,,0,,,,,,,
https://hscurriculum.uncommonschools.org/collection/1-32-annotated-bibliography-research/,hscurriculum.uncommonschools.org,yes,,,11,gated resource (sign-in required),0,,0,,,,,,,
https://hscurriculum.uncommonschools.org/collection/1-33-annotated-bibliography-research/,hscurriculum.uncommonschools.org,yes,,,11,gated resource (sign-in required),0,,0,,,,,,,
https://hscurriculum.uncommonschools.org/collection/1-34-annotated-bibliography-research/,hscurriculum.uncommonschools.org,yes,,,11,gated resource (sign-in required),0,,0,,,,,,,
https://hscurriculum.uncommonschools.org/collection/1-35-annotated-bibliography-research/,hscurriculum.uncommonschools.org,yes,,,11,gated resource (sign-in required),0,,0,,,,,,,
https://hscurriculum.uncommonschools.org/collection/1-36-annotated-bibliography-research/,hscurriculum.uncommonschools.org,yes,,,11,gated resource (sign-in required),0,,0,,,,,,,
https://hscurriculum.uncommonschools.org/collection/1-37-annotated-bibliography-research/,hscurriculum.uncommonschools.org,yes,,,11,gated resource (sign-in required),0,,0,,,,,,,
https://hscurriculum.uncommonschools.org/collection/1-38-drafting-a-research-proposal/,hscurriculum.uncommonschools.org,yes,,,12,gated resource (sign-in required),0,,0,,,,,,,
https://hscurriculum.uncommonschools.org/collection/1-40-drafting-a-research-proposal/,hscurriculum.uncommonschools.org,yes,,,12,gated resource (sign-in required),0,,0,,,,,,,
https://hscurriculum.uncommonschools.org/collection/1-41-develop-research-proposal-elevator-pitch/,hscurriculum.uncommonschools.org,yes,,,13,gated resource (sign-in required),0,,0,,,,,,,
https://hscurriculum.uncommonschools.org/collection/1-42-develop-research-proposal-elevator-pitch/,hscurriculum.uncommonschools.org,yes,,,13,gated resource (sign-in required),0,,0,,,,,,,
https://hscurriculum.uncommonschools.org/collection/1-43-develop-research-proposal-elevator-pitch/,hscurriculum.uncommonschools.org,yes,,,13,gated resource (sign-in required),0,,0,,,,,,,
https://hscurriculum.uncommonschools.org/collection/1-44-develop-research-proposal-elevator-pitch/,hscurriculum.uncommonschools.org,yes,,,13,gated resource (sign-in required),0,,0,,,,,,,
https://hscurriculum.uncommonschools.org/collection/1-45-annotated-bibliography-completion/,hscurriculum.uncommonschools.org,yes,,,11,gated resource (sign-in required),0,,0,,,,,,,
https://hscurriculum.uncommonschools.org/collection/1-46-annotated-bibliography-completion/,hscurriculum.uncommonschools.org,yes,,,11,gated resource (sign-in required),0,,0,,,,,,,
https://hscurriculum.uncommonschools.org/collection/1-47-annotated-bibliography-completion/,hscurriculum.uncommonschools.org,yes,,,11,gated resource (sign-in required),0,,0,,,,,,,
https://hscurriculum.uncommonschools.org/collection/148-flex-resources/,hscurriculum.uncommonschools.org,yes,,,10,gated resource (sign-in required),0,,0,,,,,,,
https://hscurriculum.uncommonschools.org/collection/unit-2-plan/,hscurriculum.uncommonschools.org,yes,,,10,gated resource (sign-in required),0,,0,,,,,,,
https://hscurriculum.uncommonschools.org/collection/201-analyze-components-of-a-lit-review/,hscurriculum.uncommonschools.org,yes,,,14,gated resource (sign-in required),0,,0,,,,,,,
https://hscurriculum.uncommonschools.org/collection/202-draft-outline/,hscurriculum.uncommonschools.org,yes,,,10,gated resource (sign-in required),0,,0,,,,,,,
https://hscurriculum.uncommonschools.org/collection/203-draft-outline/,hscurriculum.uncommonschools.org,yes,,,10,gated resource (sign-in required),0,,0,,,,,,,
https://hscurriculum.uncommonschools.org/collection/204-draft-first-100-words/,hscurriculum.uncommonschools.org,yes,,,12,gated resource (sign-in required),0,,0,,,,,,,
https://hscurriculum.uncommonschools.org/collection/205-draft-first-200-words/,hscurriculum.uncommonschools.org,yes,,,12,gated resource (sign-in required),0,,0,,,,,,,
https://hscurriculum.uncommonschools.org/collection/2-06-draft-first-400-words/,hscurriculum.uncommonschools.org,yes,,,12,gated resource (sign-in required),0,,0,,,,,,,
https://hscurriculum.uncommonschools.org/collection/2-07-draft-first-500-words/,hscurriculum.uncommonschools.org,yes,,,12,gated resource (sign-in required),0,,0,,,,,,,
https://hscurriculum.uncommonschools.org/collection/2-08-draft-first-700-words/,hscurriculum.uncommonschools.org,yes,,,12,gated resource (sign-in required),0,,0,,,,,,,
https://hscurriculum.uncommonschools.org/collection/2-10-draft-first-1000-words/,hscurriculum.uncommonschools.org,yes,,,12,gated resource (sign-in required),0,,0,,,,,,,
https://hscurriculum.uncommonschools.org/collection/2-11-draft-first-1200-words/,hscurriculum.uncommonschools.org,yes,,,12,gated resource (sign-in required),0,,0,,,,,,,
https://hscurriculum.uncommonschools.org/collection/2-12-revise-first-1000-words/,hscurriculum.uncommonschools.org,yes,,,12,gated resource (sign-in required),0,,0,,,,,,,
https://hscurriculum.uncommonschools.org/collection/2-13-finish-draft-of-1200-words/,hscurriculum.uncommonschools.org,yes,,,13,gated resource (sign-in required),0,,0,,,,,,,
https://hscurriculum.uncommonschools.org/collection/2-14-draft-1400-words/,hscurriculum.uncommonschools.org,yes,,,11,gated resource (sign-in required),0,,0,,,,,,,
https://hscurriculum.uncommonschools.org/collection/2-15-draft-1500-words/,hscurriculum.uncommonschools.org,yes,,,11,gated resource (sign-in required),0,,0,,,,,,,
https://hscurriculum.uncommonschools.org/collection/2-16-draft-1500-words/,hscurriculum.uncommonschools.org,yes,,,11,gated resource (sign-in required),0,,0,,,,,,,
https://hscurriculum.uncommonschools.org/collection/2-17-draft-1500-words/,hscurriculum.uncommonschools.org,yes,,,11,gated resource (sign-in required),0,,0,,,,,,,
https://hscurriculum.uncommonschools.org/collection/2-18-revise-and-edit-using-checklist/,hscurriculum.uncommonschools.org,yes,,,13,gated resource (sign-in required),0,,0,,,,,,,
https://hscurriculum.uncommonschools.org/collection/2-19-peer-review/,hscurriculum.uncommonschools.org,yes,,,10,gated resource (sign-in required),0,,0,,,,,,,
https://hscurriculum.uncommonschools.org/collection/2-20-historical-research-and-survey-case-study/,hscurriculum.uncommonschools.org,yes,,,14,gated resource (sign-in required),0,,0,,,,,,,
https://hscurriculum.uncommonschools.org/collection/2-21-case-study-and-phenomenology-case-study/,hscurriculum.uncommonschools.org,yes,,,14,gated resource (sign-in required),0,,0,,,,,,,
https://hscurriculum.uncommonschools.org/collection/2-22-reteach-and-continue-drafting/,hscurriculum.uncommonschools.org,yes,,,12,gated resource (sign-in required),0,,0,,,,,,,
https://hscurriculum.uncommonschools.org/collection/2-23-revise-and-edit-using-checklist/,hscurriculum.uncommonschools.org,yes,,,13,gated resource (sign-in required),0,,0,,,,,,,
https://hscurriculum.uncommonschools.org/collection/2-24-field-research-case-study/,hscurriculum.uncommonschools.org,yes,,,12,gated resource (sign-in required),0,,0,,,,,,,
https://hscurriculum.uncommonschools.org/collection/2-25-identify-a-research-method/,hscurriculum.uncommonschools.org,yes,,,12,gated resource (sign-in required),0,,0,,,,,,,
https://hscurriculum.uncommonschools.org/collection/2-26-plan-for-executing-a-method/,hscurriculum.uncommonschools.org,yes,,,13,gated resource (sign-in required),0,,0,,,,,,,
https://hscurriculum.uncommonschools.org/collection/2-27-execute-method/,hscurriculum.uncommonschools.org,yes,,,10,gated resource (sign-in required),0,,0,,,,,,,
https://hscurriculum.uncommonschools.org/collection/228-execute-method/,hscurriculum.uncommonschools.org,yes,,,10,gated resource (sign-in required),0,,0,,,,,,,
https://hscurriculum.uncommonschools.org/collection/2-29-execute-method/,hscurriculum.uncommonschools.org,yes,,,10,gated resource (sign-in required),0,,0,,,,,,,
https://hscurriculum.uncommonschools.org/collection/2-32-execute-method/,hscurriculum.uncommonschools.org,yes,,,10,gated resource (sign-in required),0,,0,,,,,,,
https://hscurriculum.uncommonschools.org/collection/2-33-execute-method/,hscurriculum.uncommonschools.org,yes,,,10,gated resource (sign-in required),0,,0,,,,,,,
https://hscurriculum.uncommonschools.org/collection/2-34-execute-method/,hscurriculum.uncommonschools.org,yes,,,10,gated resource (sign-in required),0,,0,,,,,,,
https://hscurriculum.uncommonschools.org/collection/2-35-execute-method/,hscurriculum.uncommonschools.org,yes,,,10,gated resource (sign-in required),0,,0,,,,,,,
https://hscurriculum.uncommonschools.org/collection/2-36-execute-method/,hscurriculum.uncommonschools.org,yes,,,10,gated resource (sign-in required),0,,0,,,,,,,
https://hscurriculum.uncommonschools.org/collection/2-37-prep-reflection/,hscurriculum.uncommonschools.org,yes,,,10,gated resource (sign-in required),0,,0,,,,,,,
https://hscurriculum.uncommonschools.org/collection/2-38-analyze-components-of-results-section/,hscurriculum.uncommonschools.org,yes,,,13,gated resource (sign-in required),0,,0,,,,,,,
https://hscurriculum.uncommonschools.org/collection/2-39-draft-results-section/,hscurriculum.uncommonschools.org,yes,,,11,gated resource (sign-in required),0,,0,,,,,,,
https://hscurriculum.uncommonschools.org/collection/2-40-draft-results-section/,hscurriculum.uncommonschools.org,yes,,,11,gated resource (sign-in required),0,,0,,,,,,,
https://hscurriculum.uncommonschools.org/collection/2-41-draft-results-section/,hscurriculum.uncommonschools.org,yes,,,11,gated resource (sign-in required),0,,0,,,,,,,
https://hscurriculum.uncommonschools.org/collection/2-43-prep-reflection/,hscurriculum.uncommonschools.org,yes,,,10,gated resource (sign-in required),0,,0,,,,,,,
https://hscurriculum.uncommonschools.org/collection/2-44-draft-results-section/,hscurriculum.uncommonschools.org,yes,,,11,gated resource (sign-in required),0,,0,,,,,,,
https://hscurriculum.uncommonschools.org/collection/2-45-draft-results-section/,hscurriculum.uncommonschools.org,yes,,,11,gated resource (sign-in required),0,,0,,,,,,,
https://hscurriculum.uncommonschools.org/collection/2-46-draft-results-section/,hscurriculum.uncommonschools.org,yes,,,11,gated resource (sign-in required),0,,0,,,,,,,
https://hscurriculum.uncommonschools.org/collection/2-47-draft-results-section/,hscurriculum.uncommonschools.org,yes,,,11,gated resource (sign-in required),0,,0,,,,,,,
https://hscurriculum.uncommonschools.org/collection/2-48-draft-results-section/,hscurriculum.uncommonschools.org,yes,,,11,gated resource (sign-in required),0,,0,,,,,,,
https://hscurriculum.uncommonschools.org/collection/2-49-draft-results-section/,hscurriculum.uncommonschools.org,yes,,,11,gated resource (sign-in required),0,,0,,,,,,,
https://hscurriculum.uncommonschools.org/collection/2-50-draft-results-section/,hscurriculum.uncommonschools.org,yes,,,11,gated resource (sign-in required),0,,0,,,,,,,
https://hscurriculum.uncommonschools.org/collection/ap-research-u3-plan/,hscurriculum.uncommonschools.org,yes,,,11,gated resource (sign-in required),0,,0,,,,,,,
https://hscurriculum.uncommonschools.org/collection/301-analyze-components-of-a-sample-method-section/,hscurriculum.uncommonschools.org,yes,,,15,gated resource (sign-in required),0,,0,,,,,,,
https://hscurriculum.uncommonschools.org/collection/302-draft-analysis-section/,hscurriculum.uncommonschools.org,yes,,,11,gated resource (sign-in required),0,,0,,,,,,,
https://hscurriculum.uncommonschools.org/collection/303-draft-analysis-section/,hscurriculum.uncommonschools.org,yes,,,11,gated resource (sign-in required),0,,0,,,,,,,
https://hscurriculum.uncommonschools.org/collection/304-draft-analysis-section/,hscurriculum.uncommonschools.org,yes,,,11,gated resource (sign-in required),0,,0,,,,,,,
https://hscurriculum.uncommonschools.org/collection/3-05-draft-analysis-section/,hscurriculum.uncommonschools.org,yes,,,11,gated resource (sign-in required),0,,0,,,,,,,
https://hscurriculum.uncommonschools.org/collection/3-06-draft-analysis-section/,hscurriculum.uncommonschools.org,yes,,,11,gated resource (sign-in required),0,,0,,,,,,,
https://hscurriculum.uncommonschools.org/collection/3-07-draft-analysis-section/,hscurriculum.uncommonschools.org,yes,,,11,gated resource (sign-in required),0,,0,,,,,,,
https://hscurriculum.uncommonschools.org/collection/3-08-draft-analysis-section/,hscurriculum.uncommonschools.org,yes,,,11,gated resource (sign-in required),0,,0,,,,,,,
https://hscurriculum.uncommonschools.org/collection/3-09-draft-analysis-section/,hscurriculum.uncommonschools.org,yes,,,11,gated resource (sign-in required),0,,0,,,,,,,
https://hscurriculum.uncommonschools.org/collection/3-10-draft-analysis-section/,hscurriculum.uncommonschools.org,yes,,,11,gated resource (sign-in required),0,,0,,,,,,,
https://hscurriculum.uncommonschools.org/collection/3-11-draft-analysis-section/,hscurriculum.uncommonschools.org,yes,,,11,gated resource (sign-in required),0,,0,,,,,,,
https://hscurriculum.uncommonschools.org/collection/3-12-draft-analysis-section/,hscurriculum.uncommonschools.org,yes,,,11,gated resource (sign-in required),0,,0,,,,,,,
https://hscurriculum.uncommonschools.org/collection/3-13-draft-analysis-section/,hscurriculum.uncommonschools.org,yes,,,11,gated resource (sign-in required),0,,0,,,,,,,
https://hscurriculum.uncommonschools.org/collection/3-14-draft-analysis-section/,hscurriculum.uncommonschools.org,yes,,,11,gated resource (sign-in required),0,,0,,,,,,,
https://hscurriculum.uncommonschools.org/collection/3-15-draft-analysis-section/,hscurriculum.uncommonschools.org,yes,,,11,gated resource (sign-in required),0,,0,,,,,,,
https://hscurriculum.uncommonschools.org/collection/3-16-draft-analysis-section/,hscurriculum.uncommonschools.org,yes,,,11,gated resource (sign-in required),0,,0,,,,,,,
https://hscurriculum.uncommonschools.org/collection/3-17-draft-conclusion-section/,hscurriculum.uncommonschools.org,yes,,,11,gated resource (sign-in required),0,,0,,,,,,,
https://hscurriculum.uncommonschools.org/collection/3-18-draft-conclusion-section/,hscurriculum.uncommonschools.org,yes,,,11,gated resource (sign-in required),0,,0,,,,,,,
https://hscurriculum.uncommonschools.org/collection/3-19-draft-conclusion-section/,hscurriculum.uncommonschools.org,yes,,,11,gated resource (sign-in required),0,,0,,,,,,,
https://hscurriculum.uncommonschools.org/collection/3-20-draft-conclusion-section/,hscurriculum.uncommonschools.org,yes,,,11,gated resource (sign-in required),0,,0,,,,,,,
https://hscurriculum.uncommonschools.org/collection/3-21-draft-conclusion-section/,hscurriculum.uncommonschools.org,yes,,,11,gated resource (sign-in required),0,,0,,,,,,,
https://hscurriculum.uncommonschools.org/collection/3-22-draft-conclusion-section/,hscurriculum.uncommonschools.org,yes,,,11,gated resource (sign-in required),0,,0,,,,,,,
https://hscurriculum.uncommonschools.org/collection/3-23-oral-history-as-source-material/,hscurriculum.uncommonschools.org,yes,,,13,gated resource (sign-in required),0,,0,,,,,,,
https://hscurriculum.uncommonschools.org/collection/3-24-draft-conclusion-section/,hscurriculum.uncommonschools.org,yes,,,11,gated resource (sign-in required),0,,0,,,,,,,
https://hscurriculum.uncommonschools.org/collection/3-25-draft-conclusion-section/,hscurriculum.uncommonschools.org,yes,,,11,gated resource (sign-in required),0,,0,,,,,,,
https://hscurriculum.uncommonschools.org/collection/3-27-multiple-perspectives/,hscurriculum.uncommonschools.org,yes,,,10,gated resource (sign-in required),0,,0,,,,,,,
https://hscurriculum.uncommonschools.org/collection/3-28-revising-citations/,hscurriculum.uncommonschools.org,yes,,,10,gated resource (sign-in required),0,,0,,,,,,,
https://hscurriculum.uncommonschools.org/collection/3-29-articulation-of-gap/,hscurriculum.uncommonschools.org,yes,,,11,gated resource (sign-in required),0,,0,,,,,,,
https://hscurriculum.uncommonschools.org/collection/3-30-turnitin/,hscurriculum.uncommonschools.org,yes,,,9,gated resource (sign-in required),0,,0,,,,,,,
https://hscurriculum.uncommonschools.org/collection/3-31-digital-portfolio-setup/,hscurriculum.uncommonschools.org,yes,,,11,gated resource (sign-in required),0,,0,,,,,,,
https://hscurriculum.uncommonschools.org/collection/3-33-peer-review/,hscurriculum.uncommonschools.org,yes,,,10,gated resource (sign-in required),0,,0,,,,,,,
https://hscurriculum.uncommonschools.org/collection/3-34-method-revision/,hscurriculum.uncommonschools.org,yes,,,10,gated resource (sign-in required),0,,0,,,,,,,
https://hscurriculum.uncommonschools.org/collection/3-35-final-edits/,hscurriculum.uncommonschools.org,yes,,,10,gated resource (sign-in required),0,,0,,,,,,,
https://hscurriculum.uncommonschools.org/collection/3-36-submit-paper/,hscurriculum.uncommonschools.org,yes,,,10,gated resource (sign-in required),0,,0,,,,,,,
https://hscurriculum.uncommonschools.org/collection/3-37-rtd-and-revisions/,hscurriculum.uncommonschools.org,yes,,,11,gated resource (sign-in required),0,,0,,,,,,,
https://hscurriculum.uncommonschools.org/collection/3-38-presentation-rubric-review/,hscurriculum.uncommonschools.org,yes,,,11,gated resource (sign-in required),0,,0,,,,,,,
https://hscurriculum.uncommonschools.org/collection/3-39-draft-presentation-outline/,hscurriculum.uncommonschools.org,yes,,,11,gated resource (sign-in required),0,,0,,,,,,,
https://hscurriculum.uncommonschools.org/collection/3-40-draft-presentation-introduction-and-lit-review/,hscurriculum.uncommonschools.org,yes,,,14,gated resource (sign-in required),0,,0,,,,,,,
https://hscurriculum.uncommonschools.org/collection/3-41-draft-method-section-of-presentation/,hscurriculum.uncommonschools.org,yes,,,13,gated resource (sign-in required),0,,0,,,,,,,
https://hscurriculum.uncommonschools.org/collection/3-42-draft-argument-section-of-presentation/,hscurriculum.uncommonschools.org,yes,,,13,gated resource (sign-in required),0,,0,,,,,,,
https://hscurriculum.uncommonschools.org/collection/3-43-rtd-and-revisions/,hscurriculum.uncommonschools.org,yes,,,11,gated resource (sign-in required),0,,0,,,,,,,
https://hscurriculum.uncommonschools.org/collection/3-44-draft-conclusion/,hscurriculum.uncommonschools.org,yes,,,10,gated resource (sign-in required),0,,0,,,,,,,
https://hscurriculum.uncommonschools.org/collection/3-45-slide-design/,hscurriculum.uncommonschools.org,yes,,,10,gated resource (sign-in required),0,,0,,,,,,,
https://hscurriculum.uncommonschools.org/collection/3-46-argument-slides/,hscurriculum.uncommonschools.org,yes,,,10,gated resource (sign-in required),0,,0,,,,,,,
https://hscurriculum.uncommonschools.org/collection/3-47-conclusion-slides/,hscurriculum.uncommonschools.org,yes,,,10,gated resource (sign-in required),0,,0,,,,,,,
https://hscurriculum.uncommonschools.org/collection/3-48-peer-review-slides/,hscurriculum.uncommonschools.org,yes,,,11,gated resource (sign-in required),0,,0,,,,,,,
https://hscurriculum.uncommonschools.org/collection/3-49-lit-review-and-method-slides/,hscurriculum.uncommonschools.org,yes,,,13,gated resource (sign-in required),0,,0,,,,,,,
https://hscurriculum.uncommonschools.org/collection/3-50-peer-review-slides/,hscurriculum.uncommonschools.org,yes,,,11,gated resource (sign-in required),0,,0,,,,,,,
https://hscurriculum.uncommonschools.org/collection/ap-research-q4-plan/,hscurriculum.uncommonschools.org,yes,,,11,gated resource (sign-in required),0,,0,,,,,,,
https://hscurriculum.uncommonschools.org/collection/4-01-presentation-introduction-practice/,hscurriculum.uncommonschools.org,yes,,,11,gated resource (sign-in required),0,,0,,,,,,,
https://hscurriculum.uncommonschools.org/collection/4-02-presentation-lit-review-and-method-practice/,hscurriculum.uncommonschools.org,yes,,,14,gated resource (sign-in required),0,,0,,,,,,,
https://hscurriculum.uncommonschools.org/collection/4-03-presentation-argument-practice/,hscurriculum.uncommonschools.org,yes,,,11,gated resource (sign-in required),0,,0,,,,,,,
https://hscurriculum.uncommonschools.org/collection/4-05-practice-oral-defense/,hscurriculum.uncommonschools.org,yes,,,11,gated resource (sign-in required),0,,0,,,,,,,
https://hscurriculum.uncommonschools.org/collection/4-06-presentation-practice/,hscurriculum.uncommonschools.org,yes,,,10,gated resource (sign-in required),0,,0,,,,,,,
https://hscurriculum.uncommonschools.org/collection/4-07-presentation-practice/,hscurriculum.uncommonschools.org,yes,,,10,gated resource (sign-in required),0,,0,,,,,,,
https://hscurriculum.uncommonschools.org/collection/4-08-presentation-practice/,hscurriculum.uncommonschools.org,yes,,,10,gated resource (sign-in required),0,,0,,,,,,,
https://hscurriculum.uncommonschools.org/collection/4-09-presentation-practice/,hscurriculum.uncommonschools.org,yes,,,10,gated resource (sign-in required),0,,0,,,,,,,
https://hscurriculum.uncommonschools.org/collection/4-10-presentation-practice/,hscurriculum.uncommonschools.org,yes,,,10,gated resource (sign-in required),0,,0,,,,,,,
https://hscurriculum.uncommonschools.org/collection/4-11-presentation-practice/,hscurriculum.uncommonschools.org,yes,,,10,gated resource (sign-in required),0,,0,,,,,,,
https://hscurriculum.uncommonschools.org/collection/4-12-presentation-practice/,hscurriculum.uncommonschools.org,yes,,,10,gated resource (sign-in required),0,,0,,,,,,,
https://hscurriculum.uncommonschools.org/collection/4-13-presentation-practice/,hscurriculum.uncommonschools.org,yes,,,10,gated resource (sign-in required),0,,0,,,,,,,
https://hscurriculum.uncommonschools.org/collection/4-14-presentation-practice/,hscurriculum.uncommonschools.org,yes,,,10,gated resource (sign-in required),0,,0,,,,,,,
https://hscurriculum.uncommonschools.org/collection/4-15-presentation-practice/,hscurriculum.uncommonschools.org,yes,,,10,gated resource (sign-in required),0,,0,,,,,,,
https://hscurriculum.uncommonschools.org/collection/4-16-presentation-practice/,hscurriculum.uncommonschools.org,yes,,,10,gated resource (sign-in required),0,,0,,,,,,,
https://hscurriculum.uncommonschools.org/collection/4-17-presentation-practice/,hscurriculum.uncommonschools.org,yes,,,10,gated resource (sign-in required),0,,0,,,,,,,
https://hscurriculum.uncommonschools.org/collection/4-18-presentation-practice/,hscurriculum.uncommonschools.org,yes,,,10,gated resource (sign-in required),0,,0,,,,,,,
https://hscurriculum.uncommonschools.org/collection/4-19-reflections-on-research/,hscurriculum.uncommonschools.org,yes,,,11,gated resource (sign-in required),0,,0,,,,,,,
https://hscurriculum.uncommonschools.org/collection/4-20-draft-abstract/,hscurriculum.uncommonschools.org,yes,,,10,gated resource (sign-in required),0,,0,,,,,,,
https://hscurriculum.uncommonschools.org/collection/4-21-draft-letter-to-ap-seminar-student/,hscurriculum.uncommonschools.org,yes,,,14,gated resource (sign-in required),0,,0,,,,,,,
https://hscurriculum.uncommonschools.org/collection/4-22-finalize-letter-to-ap-seminar-student/,hscurriculum.uncommonschools.org,yes,,,14,gated resource (sign-in required),0,,0,,,,,,,
https://hscurriculum.uncommonschools.org/collection/4-23-explore-connections-to-college-research/,hscurriculum.uncommonschools.org,yes,,,13,gated resource (sign-in required),0,,0,,,,,,,
https://hscurriculum.uncommonschools.org/collection/4-24-explore-connections-to-real-world-research/,hscurriculum.uncommonschools.org,yes,,,13,gated resource (sign-in required),0,,0,,,,,,,
https://hscurriculum.uncommonschools.org/collection/4-25-explore-humanities/,hscurriculum.uncommonschools.org,yes,,,10,gated resource (sign-in required),0,,0,,,,,,,
https://hscurriculum.uncommonschools.org/collection/4-26-explore-stem/,hscurriculum.uncommonschools.org,yes,,,10,gated resource (sign-in required),0,,0,,,,,,,
https://hscurriculum.uncommonschools.org/collection/4-27-explore-social-sciences/,hscurriculum.uncommonschools.org,yes,,,11,gated resource (sign-in required),0,,0,,,,,,,
https://hscurriculum.uncommonschools.org/collection/4-28-begin-choice-project/,hscurriculum.uncommonschools.org,yes,,,11,gated resource (sign-in required),0,,0,,,,,,,
https://hscurriculum.uncommonschools.org/collection/4-29-continue-choice-project/,hscurriculum.uncommonschools.org,yes,,,11,gated resource (sign-in required),0,,0,,,,,,,
https://hscurriculum.uncommonschools.org/collection/101-properties-of-water/,hscurriculum.uncommonschools.org,yes,,,11,gated resource (sign-in required),0,,0,,,,,,,
https://hscurriculum.uncommonschools.org/collection/102-properties-of-water-continued/,hscurriculum.uncommonschools.org,yes,,,12,gated resource (sign-in required),0,,0,,,,,,,
https://hscurriculum.uncommonschools.org/collection/103-macromolecules/,hscurriculum.uncommonschools.org,yes,,,9,gated resource (sign-in required),0,,0,,,,,,,
https://hscurriculum.uncommonschools.org/collection/105-structure-and-function-of-polymers/,hscurriculum.uncommonschools.org,yes,,,13,gated resource (sign-in required),0,,0,,,,,,,
https://hscurriculum.uncommonschools.org/collection/108-enzyme-lab/,hscurriculum.uncommonschools.org,yes,,,10,gated resource (sign-in required),0,,0,,,,,,,
https://hscurriculum.uncommonschools.org/collection/110-enzyme-activity-lab-report/,hscurriculum.uncommonschools.org,yes,,,12,gated resource (sign-in required),0,,0,,,,,,,
https://hscurriculum.uncommonschools.org/collection/ap-biology-unit-1-assessments/,hscurriculum.uncommonschools.org,yes,,,12,gated resource (sign-in required),0,,0,,,,,,,
https://hscurriculum.uncommonschools.org/collection/ap-biology-unit-2-plan/,hscurriculum.uncommonschools.org,yes,,,12,gated resource (sign-in required),0,,0,,,,,,,
https://hscurriculum.uncommonschools.org/collection/202-cell-size/,hscurriculum.uncommonschools.org,yes,,,10,gated resource (sign-in required),0,,0,,,,,,,
https://hscurriculum.uncommonschools.org/collection/203-active-and-passive-transport/,hscurriculum.uncommonschools.org,yes,,,12,gated resource (sign-in required),0,,0,,,,,,,
https://hscurriculum.uncommonschools.org/collection/205-osmosis-lab-day-1/,hscurriculum.uncommonschools.org,yes,,,12,gated resource (sign-in required),0,,0,,,,,,,
https://hscurriculum.uncommonschools.org/collection/207-osmoregulation/,hscurriculum.uncommonschools.org,yes,,,9,gated resource (sign-in required),0,,0,,,,,,,
https://hscurriculum.uncommonschools.org/collection/208-osmoregulation-frq/,hscurriculum.uncommonschools.org,yes,,,10,gated resource (sign-in required),0,,0,,,,,,,
https://hscurriculum.uncommonschools.org/collection/ap-biology-unit-2-assessments/,hscurriculum.uncommonschools.org,yes,,,12,gated resource (sign-in required),0,,0,,,,,,,
https://hscurriculum.uncommonschools.org/collection/209-photosynthesis-notes-6/,hscurriculum.uncommonschools.org,yes,,,11,gated resource (sign-in required),0,,0,,,,,,,
https://hscurriculum.uncommonschools.org/collection/ap-biology-unit-3-plan/,hscurriculum.uncommonschools.org,yes,,,12,gated resource (sign-in required),0,,0,,,,,,,
https://hscurriculum.uncommonschools.org/collection/301-the-role-of-energy/,hscurriculum.uncommonschools.org,yes,,,12,gated resource (sign-in required),0,,0,,,,,,,
https://hscurriculum.uncommonschools.org/collection/302-modelling-photosynthesis/,hscurriculum.uncommonschools.org,yes,,,10,gated resource (sign-in required),0,,0,,,,,,,
https://hscurriculum.uncommonschools.org/collection/303-photosynthesis-in-detail/,hscurriculum.uncommonschools.org,yes,,,11,gated resource (sign-in required),0,,0,,,,,,,
https://hscurriculum.uncommonschools.org/collection/304-modelling-aerobic-respiration/,hscurriculum.uncommonschools.org,yes,,,11,gated resource (sign-in required),0,,0,,,,,,,
https://hscurriculum.uncommonschools.org/collection/307-aerobic-respiration-and-fermentation/,hscurriculum.uncommonschools.org,yes,,,12,gated resource (sign-in required),0,,0,,,,,,,
https://hscurriculum.uncommonschools.org/collection/309-aerobic-respiration-and-fermentation/,hscurriculum.uncommonschools.org,yes,,,12,gated resource (sign-in required),0,,0,,,,,,,
https://hscurriculum.uncommonschools.org/collection/313-algae-bead-lab-day-2/,hscurriculum.uncommonschools.org,yes,,,13,gated resource (sign-in required),0,,0,,,,,,,
https://hscurriculum.uncommonschools.org/collection/314-algae-bead-lab-day-3/,hscurriculum.uncommonschools.org,yes,,,13,gated resource (sign-in required),0,,0,,,,,,,
https://hscurriculum.uncommonschools.org/collection/315-algae-bead-lab-day-4/,hscurriculum.uncommonschools.org,yes,,,13,gated resource (sign-in required),0,,0,,,,,,,
https://hscurriculum.uncommonschools.org/collection/316-algae-bead-lab-day-5/,hscurriculum.uncommonschools.org,yes,,,13,gated resource (sign-in required),0,,0,,,,,,,
https://hscurriculum.uncommonschools.org/collection/ap-biology-unit-3-assessments/,hscurriculum.uncommonschools.org,yes,,,12,gated resource (sign-in required),0,,0,,,,,,,
https://hscurriculum.uncommonschools.org/collection/ap-biology-unit-4-plan/,hscurriculum.uncommonschools.org,yes,,,12,gated resource (sign-in required),0,,0,,,,,,,
https://hscurriculum.uncommonschools.org/collection/401-intro-to-cell-signaling/,hscurriculum.uncommonschools.org,yes,,,12,gated resource (sign-in required),0,,0,,,,,,,
https://hscurriculum.uncommonschools.org/collection/402-signal-transduction-pathway/,hscurriculum.uncommonschools.org,yes,,,11,gated resource (sign-in required),0,,0,,,,,,,
https://hscurriculum.uncommonschools.org/collection/403-modeling-signal-transduction/,hscurriculum.uncommonschools.org,yes,,,11,gated resource (sign-in required),0,,0,,,,,,,
https://hscurriculum.uncommonschools.org/collection/404-signal-transduction-practice/,hscurriculum.uncommonschools.org,yes,,,11,gated resource (sign-in required),0,,0,,,,,,,
https://hscurriculum.uncommonschools.org/collection/405-feedback-loops/,hscurriculum.uncommonschools.org,yes,,,10,gated resource (sign-in required),0,,0,,,,,,,
https://hscurriculum.uncommonschools.org/collection/406-mitosis/,hscurriculum.uncommonschools.org,yes,,,9,gated resource (sign-in required),0,,0,,,,,,,
https://hscurriculum.uncommonschools.org/collection/ap-biology-unit-4-assessments/,hscurriculum.uncommonschools.org,yes,,,12,gated resource (sign-in required),0,,0,,,,,,,
https://hscurriculum.uncommonschools.org/collection/ap-biology-unit-5-plan/,hscurriculum.uncommonschools.org,yes,,,12,gated resource (sign-in required),0,,0,,,,,,,
https://hscurriculum.uncommonschools.org/collection/501-meiosis/,hscurriculum.uncommonschools.org,yes,,,9,gated resource (sign-in required),0,,0,,,,,,,
https://hscurriculum.uncommonschools.org/collection/502-genetic-diversity/,hscurriculum.uncommonschools.org,yes,,,10,gated resource (sign-in required),0,,0,,,,,,,
https://hscurriculum.uncommonschools.org/collection/503-punnett-squares-day-1/,hscurriculum.uncommonschools.org,yes,,,12,gated resource (sign-in required),0,,0,,,,,,,
https://hscurriculum.uncommonschools.org/collection/505-sex-linked-traits/,hscurriculum.uncommonschools.org,yes,,,10,gated resource (sign-in required),0,,0,,,,,,,
https://hscurriculum.uncommonschools.org/collection/506-pedigrees/,hscurriculum.uncommonschools.org,yes,,,9,gated resource (sign-in required),0,,0,,,,,,,
https://hscurriculum.uncommonschools.org/collection/507-linked-genes/,hscurriculum.uncommonschools.org,yes,,,10,gated resource (sign-in required),0,,0,,,,,,,
https://hscurriculum.uncommonschools.org/collection/508-chi-square-and-linked-genes/,hscurriculum.uncommonschools.org,yes,,,12,gated resource (sign-in required),0,,0,,,,,,,
https://hscurriculum.uncommonschools.org/collection/ap-biology-unit-5-assessments/,hscurriculum.uncommonschools.org,yes,,,12,gated resource (sign-in required),0,,0,,,,,,,
https://hscurriculum.uncommonschools.org/collection/602-dna-replication/,hscurriculum.uncommonschools.org,yes,,,10,gated resource (sign-in required),0,,0,,,,,,,
https://hscurriculum.uncommonschools.org/collection/603-gene-expression-overview/,hscurriculum.uncommonschools.org,yes,,,11,gated resource (sign-in required),0,,0,,,,,,,
https://hscurriculum.uncommonschools.org/collection/604-transcription/,hscurriculum.uncommonschools.org,yes,,,9,gated resource (sign-in required),0,,0,,,,,,,
https://hscurriculum.uncommonschools.org/collection/605-translation/,hscurriculum.uncommonschools.org,yes,,,9,gated resource (sign-in required),0,,0,,,,,,,
https://hscurriculum.uncommonschools.org/collection/606-regulation-of-gene-expression/,hscurriculum.uncommonschools.org,yes,,,12,gated resource (sign-in required),0,,0,,,,,,,
https://hscurriculum.uncommonschools.org/collection/607-operons/,hscurriculum.uncommonschools.org,yes,,,9,gated resource (sign-in required),0,,0,,,,,,,
https://hscurriculum.uncommonschools.org/collection/608-mutations/,hscurriculum.uncommonschools.org,yes,,,9,gated resource (sign-in required),0,,0,,,,,,,
https://hscurriculum.uncommonschools.org/collection/609-unit-6-frqs/,hscurriculum.uncommonschools.org,yes,,,11,gated resource (sign-in required),0,,0,,,,,,,
https://hscurriculum.uncommonschools.org/collection/612-bacterial-transformation-lab-dry-run/,hscurriculum.uncommonschools.org,yes,,,13,gated resource (sign-in required),0,,0,,,,,,,
https://hscurriculum.uncommonschools.org/collection/ap-biology-unit-6-assessments/,hscurriculum.uncommonschools.org,yes,,,12,gated resource (sign-in required),0,,0,,,,,,,
https://hscurriculum.uncommonschools.org/collection/701-intro-to-natural-selection/,hscurriculum.uncommonschools.org,yes,,,12,gated resource (sign-in required),0,,0,,,,,,,
https://hscurriculum.uncommonschools.org/collection/702-natural-selection-ebola-virus/,hscurriculum.uncommonschools.org,yes,,,12,gated resource (sign-in required),0,,0,,,,,,,
https://hscurriculum.uncommonschools.org/collection/703-genetic-drift-and-gene-flow/,hscurriculum.uncommonschools.org,yes,,,13,gated resource (sign-in required),0,,0,,,,,,,
https://hscurriculum.uncommonschools.org/collection/704-hardy-weinberg-day-1/,hscurriculum.uncommonschools.org,yes,,,11,gated resource (sign-in required),0,,0,,,,,,,
https://hscurriculum.uncommonschools.org/collection/705-hardy-weinberg-day-2/,hscurriculum.uncommonschools.org,yes,,,11,gated resource (sign-in required),0,,0,,,,,,,
https://hscurriculum.uncommonschools.org/collection/706-artificial-selection/,hscurriculum.uncommonschools.org,yes,,,10,gated resource (sign-in required),0,,0,,,,,,,
https://hscurriculum.uncommonschools.org/collection/707-speciation/,hscurriculum.uncommonschools.org,yes,,,9,gated resource (sign-in required),0,,0,,,,,,,
https://hscurriculum.uncommonschools.org/collection/708-evidence-for-evolution/,hscurriculum.uncommonschools.org,yes,,,11,gated resource (sign-in required),0,,0,,,,,,,
https://hscurriculum.uncommonschools.org/collection/709-phylogeny-day-1/,hscurriculum.uncommonschools.org,yes,,,11,gated resource (sign-in required),0,,0,,,,,,,
https://hscurriculum.uncommonschools.org/collection/710-phylogeny-day-2/,hscurriculum.uncommonschools.org,yes,,,11,gated resource (sign-in required),0,,0,,,,,,,
https://hscurriculum.uncommonschools.org/collection/711-genetic-diversity/,hscurriculum.uncommonschools.org,yes,,,10,gated resource (sign-in required),0,,0,,,,,,,
https://hscurriculum.uncommonschools.org/collection/712-extinction-and-conservation/,hscurriculum.uncommonschools.org,yes,,,11,gated resource (sign-in required),0,,0,,,,,,,
https://hscurriculum.uncommonschools.org/collection/713-evolution-frqs/,hscurriculum.uncommonschools.org,yes,,,10,gated resource (sign-in required),0,,0,,,,,,,
https://hscurriculum.uncommonschools.org/collection/714-data-representation/,hscurriculum.uncommonschools.org,yes,,,10,gated resource (sign-in required),0,,0,,,,,,,
https://hscurriculum.uncommonschools.org/collection/715-salivary-amylase-data/,hscurriculum.uncommonschools.org,yes,,,11,gated resource (sign-in required),0,,0,,,,,,,
https://hscurriculum.uncommonschools.org/collection/ap-biology-unit-7-assessments/,hscurriculum.uncommonschools.org,yes,,,12,gated resource (sign-in required),0,,0,,,,,,,
https://hscurriculum.uncommonschools.org/collection/801-organization-of-living-systems/,hscurriculum.uncommonschools.org,yes,,,12,gated resource (sign-in required),0,,0,,,,,,,
https://hscurriculum.uncommonschools.org/collection/802-population-dynamics/,hscurriculum.uncommonschools.org,yes,,,10,gated resource (sign-in required),0,,0,,,,,,,
https://hscurriculum.uncommonschools.org/collection/803-carrying-capacity/,hscurriculum.uncommonschools.org,yes,,,10,gated resource (sign-in required),0,,0,,,,,,,
https://hscurriculum.uncommonschools.org/collection/804-community-structure-and-biodiversity/,hscurriculum.uncommonschools.org,yes,,,12,gated resource (sign-in required),0,,0,,,,,,,
https://hscurriculum.uncommonschools.org/collection/805-community-interactions/,hscurriculum.uncommonschools.org,yes,,,10,gated resource (sign-in required),0,,0,,,,,,,
https://hscurriculum.uncommonschools.org/collection/806-keystone-species/,hscurriculum.uncommonschools.org,yes,,,10,gated resource (sign-in required),0,,0,,,,,,,
https://hscurriculum.uncommonschools.org/collection/808-human-impact-on-ecosystems/,hscurriculum.uncommonschools.org,yes,,,12,gated resource (sign-in required),0,,0,,,,,,,
https://hscurriculum.uncommonschools.org/collection/810-response-to-stimuli/,hscurriculum.uncommonschools.org,yes,,,11,gated resource (sign-in required),0,,0,,,,,,,
https://hscurriculum.uncommonschools.org/collection/811-transpiration-lab-design/,hscurriculum.uncommonschools.org,yes,,,11,gated resource (sign-in required),0,,0,,,,,,,
https://hscurriculum.uncommonschools.org/collection/812-transpiration-lab-execution/,hscurriculum.uncommonschools.org,yes,,,11,gated resource (sign-in required),0,,0,,,,,,,
https://hscurriculum.uncommonschools.org/collection/4-04-presentation-conclusion-practice/,hscurriculum.uncommonschools.org,yes,,,11,gated resource (sign-in required),0,,0,,,,,,,
https://hscurriculum.uncommonschools.org/collection/ap-seminar-unit-1-plan/,hscurriculum.uncommonschools.org,yes,,,12,gated resource (sign-in required),0,,0,,,,,,,
https://hscurriculum.uncommonschools.org/collection/ap-seminar-unit-4-plan/,hscurriculum.uncommonschools.org,yes,,,12,gated resource (sign-in required),0,,0,,,,,,,
https://hscurriculum.uncommonschools.org/collection/3-32-revising-citations/,hscurriculum.uncommonschools.org,yes,,,10,gated resource (sign-in required),0,,0,,,,,,,
https://hscurriculum.uncommonschools.org/collection/1-01-function-notation/,hscurriculum.uncommonschools.org,yes,,,10,gated resource (sign-in required),0,,0,,,,,24,2.1,
https://hscurriculum.uncommonschools.org/collection/1-02-interval-and-inequality-notation/,hscurriculum.uncommonschools.org,yes,,,12,gated resource (sign-in required),0,,0,,,,,,,
https://hscurriculum.uncommonschools.org/collection/1-13-unit-1-review/,hscurriculum.uncommonschools.org,yes,,,11,gated resource (sign-in required),0,,0,,,,,,,
https://hscurriculum.uncommonschools.org/collection/1-11-invertible-functions/,hscurriculum.uncommonschools.org,yes,,,10,gated resource (sign-in required),0,,0,,,,,,,
https://hscurriculum.uncommonschools.org/collection/1-12-inverse-functions/,hscurriculum.uncommonschools.org,yes,,,10,gated resource (sign-in required),0,,0,,,,,,,
https://hscurriculum.uncommonschools.org/collection/1-05-function-graph-properties/,hscurriculum.uncommonschools.org,yes,,,11,gated resource (sign-in required),0,,0,,,,,,,
https://hscurriculum.uncommonschools.org/collection/1-06-graphing-functions/,hscurriculum.uncommonschools.org,yes,,,10,gated resource (sign-in required),0,,0,,,,,,,
https://hscurriculum.uncommonschools.org/collection/1-04-distinguishing-functions/,hscurriculum.uncommonschools.org,yes,,,10,gated resource (sign-in required),0,,0,,,,,,,
https://hscurriculum.uncommonschools.org/collection/1-03-extrema/,hscurriculum.uncommonschools.org,yes,,,9,gated resource (sign-in required),0,,0,,,,,,,
https://hscurriculum.uncommonschools.org/collection/2-05-factoring-quadratics/,hscurriculum.uncommonschools.org,yes,,,10,gated resource (sign-in required),0,,0,,,,,,,
https://hscurriculum.uncommonschools.org/collection/2-06-quadratic-equations/,hscurriculum.uncommonschools.org,yes,,,10,gated resource (sign-in required),0,,0,,,,,,,
https://hscurriculum.uncommonschools.org/collection/2-03-parallel-and-perpendicular-lines/,hscurriculum.uncommonschools.org,yes,,,12,gated resource (sign-in required),0,,0,,,,,,,
https://hscurriculum.uncommonschools.org/collection/2-04-systems-of-equations/,hscurriculum.uncommonschools.org,yes,,,11,gated resource (sign-in required),0,,0,,,,,,,
https://hscurriculum.uncommonschools.org/collection/2-02-literal-equations/,hscurriculum.uncommonschools.org,yes,,,10,gated resource (sign-in required),0,,0,,,,,,,
https://hscurriculum.uncommonschools.org/collection/2-01-linear-equations/,hscurriculum.uncommonschools.org,yes,,,10,gated resource (sign-in required),0,,0,,,,,,,
https://hscurriculum.uncommonschools.org/collection/2-14-unit-2-review/,hscurriculum.uncommonschools.org,yes,,,11,gated resource (sign-in required),0,,0,,,,,,,
https://hscurriculum.uncommonschools.org/collection/4-05-graphing-sinusoids/,hscurriculum.uncommonschools.org,yes,,,10,gated resource (sign-in required),0,,0,,,,,,,
https://hscurriculum.uncommonschools.org/collection/4-03-pythagorean-identities/,hscurriculum.uncommonschools.org,yes,,,10,gated resource (sign-in required),0,,0,,,,,,,
https://hscurriculum.uncommonschools.org/collection/4-02-coterminal-angles/,hscurriculum.uncommonschools.org,yes,,,10,gated resource (sign-in required),0,,0,,,,,,,
https://hscurriculum.uncommonschools.org/collection/4-01-trigonometric-ratios/,hscurriculum.uncommonschools.org,yes,,,10,gated resource (sign-in required),0,,0,,,,,,,
https://hscurriculum.uncommonschools.org/collection/4-14-solving-complex-equations-by-factoring/,hscurriculum.uncommonschools.org,yes,,,13,gated resource (sign-in required),0,,0,,,,,,,
https://hscurriculum.uncommonschools.org/collection/4-11-solving-right-triangles/,hscurriculum.uncommonschools.org,yes,,,11,gated resource (sign-in required),0,,0,,,,,,,
https://hscurriculum.uncommonschools.org/collection/4-12-solving-linear-trigonometric-equations/,hscurriculum.uncommonschools.org,yes,,,12,gated resource (sign-in required),0,,0,,,,,,,
https://hscurriculum.uncommonschools.org/collection/4-13-solving-quadratic-trigonometric-equations/,hscurriculum.uncommonschools.org,yes,,,12,gated resource (sign-in required),0,,0,,,,,,,
https://hscurriculum.uncommonschools.org/collection/4-15-unit-4-review/,hscurriculum.uncommonschools.org,yes,,,11,gated resource (sign-in required),0,,0,,,,,,,
https://hscurriculum.uncommonschools.org/collection/4-16-unit-4-test/,hscurriculum.uncommonschools.org,yes,,,11,gated resource (sign-in required),0,,0,,,,,,,
https://hscurriculum.uncommonschools.org/collection/5-09-choosing-the-appropriate-function/,hscurriculum.uncommonschools.org,yes,,,12,gated resource (sign-in required),0,,0,,,,,,,
https://hscurriculum.uncommonschools.org/collection/5-07-arithmetic-and-geometric-sequences-1/,hscurriculum.uncommonschools.org,yes,,,13,gated resource (sign-in required),0,,0,,,,,,,
https://hscurriculum.uncommonschools.org/collection/5-08-arithmetic-and-geometric-sequences-2/,hscurriculum.uncommonschools.org,yes,,,13,gated resource (sign-in required),0,,0,,,,,,,
https://hscurriculum.uncommonschools.org/collection/5-05-logarithmic-and-exponential-graphs/,hscurriculum.uncommonschools.org,yes,,,12,gated resource (sign-in required),0,,0,,,,,,,
https://hscurriculum.uncommonschools.org/collection/5-10-unit-5-review/,hscurriculum.uncommonschools.org,yes,,,11,gated resource (sign-in required),0,,0,,,,,,,
https://hscurriculum.uncommonschools.org/collection/5-11-unit-5-test/,hscurriculum.uncommonschools.org,yes,,,11,gated resource (sign-in required),0,,0,,,,,,,
https://hscurriculum.uncommonschools.org/collection/6-12-parametric-equations/,hscurriculum.uncommonschools.org,yes,,,10,gated resource (sign-in required),0,,0,,,,,,,
https://hscurriculum.uncommonschools.org/collection/6-13-converting-parametric-equations/,hscurriculum.uncommonschools.org,yes,,,11,gated resource (sign-in required),0,,0,,,,,,,
https://hscurriculum.uncommonschools.org/collection/6-05-graphing-circles-in-the-cartesian-plane/,hscurriculum.uncommonschools.org,yes,,,14,gated resource (sign-in required),0,,0,,,,,,,
https://hscurriculum.uncommonschools.org/collection/6-04-rose-curves/,hscurriculum.uncommonschools.org,yes,,,10,gated resource (sign-in required),0,,0,,,,,,,
https://hscurriculum.uncommonschools.org/collection/6-02-converting-between-cartesian-and-polar-coordinates/,hscurriculum.uncommonschools.org,yes,,,14,gated resource (sign-in required),0,,0,,,,,,,
https://hscurriculum.uncommonschools.org/collection/6-03-graphing-and-converting-polar-equations/,hscurriculum.uncommonschools.org,yes,,,13,gated resource (sign-in required),0,,0,,,,,,,
https://hscurriculum.uncommonschools.org/collection/6-01-polar-coordinates/,hscurriculum.uncommonschools.org,yes,,,10,gated resource (sign-in required),0,,0,,,,,,,
https://hscurriculum.uncommonschools.org/collection/3-08-piecewise-functions-day-2/,hscurriculum.uncommonschools.org,yes,,,12,gated resource (sign-in required),0,,0,,,,,,,
https://hscurriculum.uncommonschools.org/collection/3-07-piecewise-functions-day-1/,hscurriculum.uncommonschools.org,yes,,,12,gated resource (sign-in required),0,,0,,,,,,,
https://hscurriculum.uncommonschools.org/collection/3-09-q1-ia-review/,hscurriculum.uncommonschools.org,yes,,,11,gated resource (sign-in required),0,,0,,,,,,,
https://hscurriculum.uncommonschools.org/collection/ap-biology-unit-1-plan/,hscurriculum.uncommonschools.org,yes,,,12,gated resource (sign-in required),0,,0,,,,,,,
https://hscurriculum.uncommonschools.org/collection/ap-biology-unit-8-plan/,hscurriculum.uncommonschools.org,yes,,,12,gated resource (sign-in required),0,,0,,,,,,,
https://hscurriculum.uncommonschools.org/collection/ap-biology-unit-7-plan/,hscurriculum.uncommonschools.org,yes,,,12,gated resource (sign-in required),0,,0,,,,,,,
https://hscurriculum.uncommonschools.org/collection/ap-biology-unit-6-plan/,hscurriculum.uncommonschools.org,yes,,,12,gated resource (sign-in required),0,,0,,,,,,,
https://hscurriculum.uncommonschools.org/collection/ap-biology-unit-8-assessments/,hscurriculum.uncommonschools.org,yes,,,12,gated resource (sign-in required),0,,0,,,,,,,
https://hscurriculum.uncommonschools.org/collection/scope-and-sequence/,hscurriculum.uncommonschools.org,yes,,,10,gated resource (sign-in required),0,,0,,,,,,,
https://hscurriculum.uncommonschools.org/collection/exam-review-plan/,hscurriculum.uncommonschools.org,yes,,,10,gated resource (sign-in required),0,,0,,,,,,,
https://hscurriculum.uncommonschools.org/collection/ap-research-scope-and-sequence-and-syllabus/,hscurriculum.uncommonschools.org,yes,,,14,gated resource (sign-in required),0,,0,,,,,,,
https://hscurriculum.uncommonschools.org/collection/ap-seminar-summer-assignment-for-ap-research/,hscurriculum.uncommonschools.org,yes,,,14,gated resource (sign-in required),0,,0,,,,,,,
https://hscurriculum.uncommonschools.org/collection/ap-seminar-task-progress-trackers/,hscurriculum.uncommonschools.org,yes,,,12,gated resource (sign-in required),0,,0,,,,,,,
https://hscurriculum.uncommonschools.org/collection/ap-seminar-digital-portfolio-submission/,hscurriculum.uncommonschools.org,yes,,,12,gated resource (sign-in required),0,,0,,,,,,,
https://hscurriculum.uncommonschools.org/collection/ap-seminar-visual-materials/,hscurriculum.uncommonschools.org,yes,,,11,gated resource (sign-in required),0,,0,,,,,,,
https://hscurriculum.uncommonschools.org/collection/ap-seminar-scope-sequence-and-syllabus/,hscurriculum.uncommonschools.org,yes,,,14,gated resource (sign-in required),0,,0,,,,,,,
https://hscurriculum.uncommonschools.org/collection/pre-ap-calculus-scope-and-sequence/,hscurriculum.uncommonschools.org,yes,,,12,gated resource (sign-in required),0,,0,,,,,,,
https://hscurriculum.uncommonschools.org/collection/ap-seminar-resource-binder/,hscurriculum.uncommonschools.org,yes,,,11,gated resource (sign-in required),0,,0,,,,,,,
https://hscurriculum.uncommonschools.org/collection/ap-comp-sci-a-scope-and-sequence/,hscurriculum.uncommonschools.org,yes,,,14,gated resource (sign-in required),0,,0,,,,,,,
https://hscurriculum.uncommonschools.org/collection/1-19-eoc-a-quiz/,hscurriculum.uncommonschools.org,yes,,,11,gated resource (sign-in required),0,,0,,,,,,,
https://hscurriculum.uncommonschools.org/collection/1-17-scar/,hscurriculum.uncommonschools.org,yes,,,9,gated resource (sign-in required),0,,0,,,,,,,
https://hscurriculum.uncommonschools.org/collection/1-18-analyzing-evidence/,hscurriculum.uncommonschools.org,yes,,,10,gated resource (sign-in required),0,,0,,,,,,,
https://hscurriculum.uncommonschools.org/collection/1-15-raven/,hscurriculum.uncommonschools.org,yes,,,9,gated resource (sign-in required),0,,0,,,,,,,
https://hscurriculum.uncommonschools.org/collection/1-14-synthesis-essay/,hscurriculum.uncommonschools.org,yes,,,10,gated resource (sign-in required),0,,0,,,,,,,
https://hscurriculum.uncommonschools.org/collection/1-11-logical-fallacies-2/,hscurriculum.uncommonschools.org,yes,,,11,gated resource (sign-in required),0,,0,,,,,,,
https://hscurriculum.uncommonschools.org/collection/1-09-lor-connections/,hscurriculum.uncommonschools.org,yes,,,10,gated resource (sign-in required),0,,0,,,,,,,
https://hscurriculum.uncommonschools.org/collection/1-10-logical-fallacies-1/,hscurriculum.uncommonschools.org,yes,,,11,gated resource (sign-in required),0,,0,,,,,,,
https://hscurriculum.uncommonschools.org/collection/1-07-argument-types/,hscurriculum.uncommonschools.org,yes,,,10,gated resource (sign-in required),0,,0,,,,,,,
https://hscurriculum.uncommonschools.org/collection/1-08-argument-maps/,hscurriculum.uncommonschools.org,yes,,,10,gated resource (sign-in required),0,,0,,,,,,,
https://hscurriculum.uncommonschools.org/collection/1-05-name-presentation/,hscurriculum.uncommonschools.org,yes,,,10,gated resource (sign-in required),0,,0,,,,,,,
https://hscurriculum.uncommonschools.org/collection/1-06-connection-maps/,hscurriculum.uncommonschools.org,yes,,,10,gated resource (sign-in required),0,,0,,,,,,,
https://hscurriculum.uncommonschools.org/collection/1-02-freewrites/,hscurriculum.uncommonschools.org,yes,,,9,gated resource (sign-in required),0,,0,,,,,,,
https://hscurriculum.uncommonschools.org/collection/ap-seminar-unit-2-plan/,hscurriculum.uncommonschools.org,yes,,,12,gated resource (sign-in required),0,,0,,,,,,,
https://hscurriculum.uncommonschools.org/collection/3-03-eoc-b-rewrite/,hscurriculum.uncommonschools.org,yes,,,11,gated resource (sign-in required),0,,0,,,,,,,
https://hscurriculum.uncommonschools.org/collection/3-01-pt2-intro/,hscurriculum.uncommonschools.org,yes,,,10,gated resource (sign-in required),0,,0,,,,,,,
https://hscurriculum.uncommonschools.org/collection/3-02-eoc-b-gaps/,hscurriculum.uncommonschools.org,yes,,,11,gated resource (sign-in required),0,,0,,,,,,,
https://hscurriculum.uncommonschools.org/collection/ap-seminar-unit-3-plan/,hscurriculum.uncommonschools.org,yes,,,12,gated resource (sign-in required),0,,0,,,,,,,
https://hscurriculum.uncommonschools.org/collection/4-24-eoc-review/,hscurriculum.uncommonschools.org,yes,,,10,gated resource (sign-in required),0,,0,,,,,,,
https://hscurriculum.uncommonschools.org/collection/4-23-eoc-a-practice/,hscurriculum.uncommonschools.org,yes,,,11,gated resource (sign-in required),0,,0,,,,,,,
https://hscurriculum.uncommonschools.org/collection/4-22-eoc-a-lor/,hscurriculum.uncommonschools.org,yes,,,11,gated resource (sign-in required),0,,0,,,,,,,
https://hscurriculum.uncommonschools.org/collection/4-21-eoc-a-evidence-2/,hscurriculum.uncommonschools.org,yes,,,12,gated resource (sign-in required),0,,0,,,,,,,
https://hscurriculum.uncommonschools.org/collection/4-20-eoc-a-evidence-1/,hscurriculum.uncommonschools.org,yes,,,12,gated resource (sign-in required),0,,0,,,,,,,
https://hscurriculum.uncommonschools.org/collection/4-19-eoc-b-outline/,hscurriculum.uncommonschools.org,yes,,,11,gated resource (sign-in required),0,,0,,,,,,,
https://hscurriculum.uncommonschools.org/collection/4-18-eoc-b-analyze/,hscurriculum.uncommonschools.org,yes,,,11,gated resource (sign-in required),0,,0,,,,,,,
https://hscurriculum.uncommonschools.org/collection/4-17-eoc-b-evidence/,hscurriculum.uncommonschools.org,yes,,,11,gated resource (sign-in required),0,,0,,,,,,,
https://hscurriculum.uncommonschools.org/collection/4-16-eoc-b-lor-2/,hscurriculum.uncommonschools.org,yes,,,12,gated resource (sign-in required),0,,0,,,,,,,
https://hscurriculum.uncommonschools.org/collection/4-15-eoc-b-lor-1/,hscurriculum.uncommonschools.org,yes,,,12,gated resource (sign-in required),0,,0,,,,,,,
https://hscurriculum.uncommonschools.org/collection/ap-research-u2-interim-assessment/,hscurriculum.uncommonschools.org,yes,,,13,gated resource (sign-in required),0,,0,,,,,,,
https://hscurriculum.uncommonschools.org/collection/ap-seminar-unit-2-interim-assessment/,hscurriculum.uncommonschools.org,yes,,,13,gated resource (sign-in required),0,,0,,,,,,,
https://hscurriculum.uncommonschools.org/collection/ap-chemistry-q2-interim-assessment/,hscurriculum.uncommonschools.org,yes,,,13,gated resource (sign-in required),0,,0,,,,,,,
https://hscurriculum.uncommonschools.org/collection/ap-chemistry-q3-interim-assessment/,hscurriculum.uncommonschools.org,yes,,,13,gated resource (sign-in required),0,,0,,,,,,,
https://hscurriculum.uncommonschools.org/collection/ap-research-u3-interim-assessment/,hscurriculum.uncommonschools.org,yes,,,13,gated resource (sign-in required),0,,0,,,,,,,
https://hscurriculum.uncommonschools.org/collection/ap-research-u1-interim-assessment/,hscurriculum.uncommonschools.org,yes,,,13,gated resource (sign-in required),0,,0,,,,,,,
https://hscurriculum.uncommonschools.org/collection/5-06-logarithmic-exponential-and-logistic-models/,hscurriculum.uncommonschools.org,yes,,,13,gated resource (sign-in required),0,,0,,,,,,,
https://hscurriculum.uncommonschools.org/collection/813-transpiration-lab-analysis/,hscurriculum.uncommonschools.org,yes,,,11,gated resource (sign-in required),0,,0,,,,,,,
https://hscurriculum.uncommonschools.org/collection/ap-chemistry-scope-and-sequence/,hscurriculum.uncommonschools.org,yes,,,12,gated resource (sign-in required),0,,0,,,,,,,
https://hscurriculum.uncommonschools.org/collection/1-01-explaining-periodic-trends/,hscurriculum.uncommonschools.org,yes,,,11,gated resource (sign-in required),0,,0,,,,,,,
https://hscurriculum.uncommonschools.org/collection/2-09-gas-particle-mass-speed-and-temperature/,hscurriculum.uncommonschools.org,yes,,,14,gated resource (sign-in required),0,,0,,,,,,,
https://hscurriculum.uncommonschools.org/collection/2-11-molarity/,hscurriculum.uncommonschools.org,yes,,,9,gated resource (sign-in required),0,,0,,,,,,,
https://hscurriculum.uncommonschools.org/collection/2-13-dilutions-beers-law-practice/,hscurriculum.uncommonschools.org,yes,,,13,gated resource (sign-in required),0,,0,,,,,,,
https://hscurriculum.uncommonschools.org/collection/ap-chemistry-unit-2-assessments/,hscurriculum.uncommonschools.org,yes,,,12,gated resource (sign-in required),0,,0,,,,,,,
https://hscurriculum.uncommonschools.org/collection/3-08-titration-lab/,hscurriculum.uncommonschools.org,yes,,,10,gated resource (sign-in required),0,,0,,,,,,,
https://hscurriculum.uncommonschools.org/collection/5-01-introduction-to-equilibrium/,hscurriculum.uncommonschools.org,yes,,,11,gated resource (sign-in required),0,,0,,,,,,,
https://hscurriculum.uncommonschools.org/collection/ap-chemistry-unit-5-assessments/,hscurriculum.uncommonschools.org,yes,,,12,gated resource (sign-in required),0,,0,,,,,,,
https://hscurriculum.uncommonschools.org/collection/6-10-weak-acid-strong-base-and-weak-base-strong-acid-titrations/,hscurriculum.uncommonschools.org,yes,,,16,gated resource (sign-in required),0,,0,,,,,,,
https://hscurriculum.uncommonschools.org/collection/6-12-acid-base-frq-practice/,hscurriculum.uncommonschools.org,yes,,,11,gated resource (sign-in required),0,,0,,,,,,,
https://hscurriculum.uncommonschools.org/collection/ap-chemistry-unit-7-assessments/,hscurriculum.uncommonschools.org,yes,,,12,gated resource (sign-in required),0,,0,,,,,,,
https://hscurriculum.uncommonschools.org/collection/8-009-electrochemistry-frq-practice/,hscurriculum.uncommonschools.org,yes,,,11,gated resource (sign-in required),0,,0,,,,,,,
https://hscurriculum.uncommonschools.org/collection/ap-chemistry-unit-8-assessments/,hscurriculum.uncommonschools.org,yes,,,12,gated resource (sign-in required),0,,0,,,,,,,
https://hscurriculum.uncommonschools.org/collection/106-mathematical-operators/,hscurriculum.uncommonschools.org,yes,,,10,gated resource (sign-in required),0,,0,,,,,,,
https://hscurriculum.uncommonschools.org/collection/112-iteration/,hscurriculum.uncommonschools.org,yes,,,9,gated resource (sign-in required),0,,0,,,,,,,
https://hscurriculum.uncommonschools.org/collection/120-random-numbers-and-loss-of-precision/,hscurriculum.uncommonschools.org,yes,,,14,gated resource (sign-in required),0,,0,,,,,,,
https://hscurriculum.uncommonschools.org/collection/121-unit-1-test/,hscurriculum.uncommonschools.org,yes,,,11,gated resource (sign-in required),0,,0,,,,,,,
https://hscurriculum.uncommonschools.org/collection/ap-comp-sci-a-unit-2-plan/,hscurriculum.uncommonschools.org,yes,,,14,gated resource (sign-in required),0,,0,,,,,,,
https://hscurriculum.uncommonschools.org/collection/224-user-input-and-strings/,hscurriculum.uncommonschools.org,yes,,,12,gated resource (sign-in required),0,,0,,,,,,,
https://hscurriculum.uncommonschools.org/collection/230-creating-objects/,hscurriculum.uncommonschools.org,yes,,,10,gated resource (sign-in required),0,,0,,,,,,,
https://hscurriculum.uncommonschools.org/collection/233-creating-objects/,hscurriculum.uncommonschools.org,yes,,,10,gated resource (sign-in required),0,,0,,,,,,,
https://hscurriculum.uncommonschools.org/collection/234-unit-2-test/,hscurriculum.uncommonschools.org,yes,,,11,gated resource (sign-in required),0,,0,,,,,,,
https://hscurriculum.uncommonschools.org/collection/ap-comp-sci-a-unit-3-plan/,hscurriculum.uncommonschools.org,yes,,,14,gated resource (sign-in required),0,,0,,,,,,,
https://hscurriculum.uncommonschools.org/collection/343-while-loops/,hscurriculum.uncommonschools.org,yes,,,10,gated resource (sign-in required),0,,0,,,,,,,
https://hscurriculum.uncommonschools.org/collection/352-implementing-methods/,hscurriculum.uncommonschools.org,yes,,,10,gated resource (sign-in required),0,,0,,,,,,,
https://hscurriculum.uncommonschools.org/collection/353-implementing-methods/,hscurriculum.uncommonschools.org,yes,,,10,gated resource (sign-in required),0,,0,,,,,,,
https://hscurriculum.uncommonschools.org/collection/457-the-acbs-of-classes/,hscurriculum.uncommonschools.org,yes,,,12,gated resource (sign-in required),0,,0,,,,,,,
https://hscurriculum.uncommonschools.org/collection/459-the-acbs-of-classes/,hscurriculum.uncommonschools.org,yes,,,12,gated resource (sign-in required),0,,0,,,,,,,
https://hscurriculum.uncommonschools.org/collection/460-the-acbs-of-classes/,hscurriculum.uncommonschools.org,yes,,,12,gated resource (sign-in required),0,,0,,,,,,,
https://hscurriculum.uncommonschools.org/collection/461-the-acbs-of-classes/,hscurriculum.uncommonschools.org,yes,,,12,gated resource (sign-in required),0,,0,,,,,,,
https://hscurriculum.uncommonschools.org/collection/462-the-acbs-of-classes/,hscurriculum.uncommonschools.org,yes,,,12,gated resource (sign-in required),0,,0,,,,,,,
https://hscurriculum.uncommonschools.org/collection/9124-recursion/,hscurriculum.uncommonschools.org,yes,,,9,gated resource (sign-in required),0,,0,,,,,,,
https://hscurriculum.uncommonschools.org/collection/9125-recursion/,hscurriculum.uncommonschools.org,yes,,,9,gated resource (sign-in required),0,,0,,,,,,,
https://hscurriculum.uncommonschools.org/collection/9126-recursion/,hscurriculum.uncommonschools.org,yes,,,9,gated resource (sign-in required),0,,0,,,,,,,
https://hscurriculum.uncommonschools.org/collection/9127-recursion/,hscurriculum.uncommonschools.org,yes,,,9,gated resource (sign-in required),0,,0,,,,,,,
https://hscurriculum.uncommonschools.org/collection/9128-recursion/,hscurriculum.uncommonschools.org,yes,,,9,gated resource (sign-in required),0,,0,,,,,,,
https://hscurriculum.uncommonschools.org/collection/9130-recursion/,hscurriculum.uncommonschools.org,yes,,,9,gated resource (sign-in required),0,,0,,,,,,,
https://hscurriculum.uncommonschools.org/collection/9131-recursion/,hscurriculum.uncommonschools.org,yes,,,9,gated resource (sign-in required),0,,0,,,,,,,
https://hscurriculum.uncommonschools.org/collection/9132-recursion/,hscurriculum.uncommonschools.org,yes,,,9,gated resource (sign-in required),0,,0,,,,,,,
https://hscurriculum.uncommonschools.org/collection/9133-recursion/,hscurriculum.uncommonschools.org,yes,,,9,gated resource (sign-in required),0,,0,,,,,,,
https://hscurriculum.uncommonschools.org/collection/9134-recursion/,hscurriculum.uncommonschools.org,yes,,,9,gated resource (sign-in required),0,,0,,,,,,,
https://hscurriculum.uncommonschools.org/collection/9136-recursion/,hscurriculum.uncommonschools.org,yes,,,9,gated resource (sign-in required),0,,0,,,,,,,
https://hscurriculum.uncommonschools.org/collection/9137-recursion/,hscurriculum.uncommonschools.org,yes,,,9,gated resource (sign-in required),0,,0,,,,,,,
https://hscurriculum.uncommonschools.org/collection/9138-recursion/,hscurriculum.uncommonschools.org,yes,,,9,gated resource (sign-in required),0,,0,,,,,,,
https://hscurriculum.uncommonschools.org/collection/9139-recursion/,hscurriculum.uncommonschools.org,yes,,,9,gated resource (sign-in required),0,,0,,,,,,,
https://hscurriculum.uncommonschools.org/collection/9140-recursion/,hscurriculum.uncommonschools.org,yes,,,9,gated resource (sign-in required),0,,0,,,,,,,
https://hscurriculum.uncommonschools.org/collection/1152-review/,hscurriculum.uncommonschools.org,yes,,,9,gated resource (sign-in required),0,,0,,,,,,,
https://hscurriculum.uncommonschools.org/collection/1157-review/,hscurriculum.uncommonschools.org,yes,,,9,gated resource (sign-in required),0,,0,,,,,,,
https://hscurriculum.uncommonschools.org/collection/1164-review/,hscurriculum.uncommonschools.org,yes,,,9,gated resource (sign-in required),0,,0,,,,,,,
https://hscurriculum.uncommonschools.org/collection/pre-ap-calculus-q1-interim-assessment/,hscurriculum.uncommonschools.org,yes,,,12,gated resource (sign-in required),0,,0,,,,,,,
https://hscurriculum.uncommonschools.org/collection/pre-ap-calculus-q2-interim-assessment/,hscurriculum.uncommonschools.org,yes,,,12,gated resource (sign-in required),0,,0,,,,,,,
https://hscurriculum.uncommonschools.org/collection/pre-ap-calculus-q3-interim-assessment/,hscurriculum.uncommonschools.org,yes,,,13,gated resource (sign-in required),0,,0,,,,,,,
https://hscurriculum.uncommonschools.org/collection/pre-ap-calculus-q4-interim-assessment/,hscurriculum.uncommonschools.org,yes,,,13,gated resource (sign-in required),0,,0,,,,,,,
https://hscurriculum.uncommonschools.org/collection/1-14-unit-1-assessments/,hscurriculum.uncommonschools.org,yes,,,11,gated resource (sign-in required),0,,0,,,,,,,
https://hscurriculum.uncommonschools.org/collection/3-06-radical-equations-and-extraneous-solutions/,hscurriculum.uncommonschools.org,yes,,,13,gated resource (sign-in required),0,,0,,,,,,,
https://hscurriculum.uncommonschools.org/collection/4-04-evaluating-trigonometric-functions/,hscurriculum.uncommonschools.org,yes,,,11,gated resource (sign-in required),0,,0,,,,,,,
https://hscurriculum.uncommonschools.org/collection/pre-ap-calculus-unit-8-plan/,hscurriculum.uncommonschools.org,yes,,,12,gated resource (sign-in required),0,,0,,,,,,,
https://hscurriculum.uncommonschools.org/collection/ap-seminar-unit-1-interim-assessment/,hscurriculum.uncommonschools.org,yes,,,13,gated resource (sign-in required),0,,0,,,,,,,
https://hscurriculum.uncommonschools.org/collection/ap-seminar-unit-3-interim-assessment/,hscurriculum.uncommonschools.org,yes,,,13,gated resource (sign-in required),0,,0,,,,,,,
https://hscurriculum.uncommonschools.org/collection/ap-seminar-course-rubrics/,hscurriculum.uncommonschools.org,yes,,,11,gated resource (sign-in required),0,,0,,,,,,,
https://hscurriculum.uncommonschools.org/collection/ap-seminar-google-templates/,hscurriculum.uncommonschools.org,yes,,,11,gated resource (sign-in required),0,,0,,,,,,,
https://hscurriculum.uncommonschools.org/collection/1-12-implications/,hscurriculum.uncommonschools.org,yes,,,9,gated resource (sign-in required),0,,0,,,,,,,
https://hscurriculum.uncommonschools.org/collection/1-13-lor/,hscurriculum.uncommonschools.org,yes,,,9,gated resource (sign-in required),0,,0,,,,,,,
https://hscurriculum.uncommonschools.org/collection/1-21-citations/,hscurriculum.uncommonschools.org,yes,,,9,gated resource (sign-in required),0,,0,,,,,,,
https://hscurriculum.uncommonschools.org/collection/1-27-irr-outline/,hscurriculum.uncommonschools.org,yes,,,10,gated resource (sign-in required),0,,0,,,,,,,
https://hscurriculum.uncommonschools.org/collection/2-20-irr-revise/,hscurriculum.uncommonschools.org,yes,,,10,gated resource (sign-in required),0,,0,,,,,,,
https://hscurriculum.uncommonschools.org/collection/2-35-tmp-rehearsal/,hscurriculum.uncommonschools.org,yes,,,10,gated resource (sign-in required),0,,0,,,,,,,
https://hscurriculum.uncommonschools.org/collection/2-42-synthesis-review/,hscurriculum.uncommonschools.org,yes,,,10,gated resource (sign-in required),0,,0,,,,,,,
https://hscurriculum.uncommonschools.org/collection/4-7-rehearsal-1/,hscurriculum.uncommonschools.org,yes,,,10,gated resource (sign-in required),0,,0,,,,,,,
https://hscurriculum.uncommonschools.org/collection/ap-research-resource-materials/,hscurriculum.uncommonschools.org,yes,,,11,gated resource (sign-in required),0,,0,,,,,,,
https://hscurriculum.uncommonschools.org/collection/1-11-peer-review-and-constructive-feedback/,hscurriculum.uncommonschools.org,yes,,,13,gated resource (sign-in required),0,,0,,,,,,,
https://hscurriculum.uncommonschools.org/collection/1-20-methods-of-research/,hscurriculum.uncommonschools.org,yes,,,11,gated resource (sign-in required),0,,0,,,,,,,
https://hscurriculum.uncommonschools.org/collection/2-09-draft-first-900-words/,hscurriculum.uncommonschools.org,yes,,,12,gated resource (sign-in required),0,,0,,,,,,,
https://hscurriculum.uncommonschools.org/collection/2-30-prep-reflection/,hscurriculum.uncommonschools.org,yes,,,10,gated resource (sign-in required),0,,0,,,,,,,
https://hscurriculum.uncommonschools.org/collection/3-26-revising-citations/,hscurriculum.uncommonschools.org,yes,,,10,gated resource (sign-in required),0,,0,,,,,,,
https://hscurriculum.uncommonschools.org/collection/104-polymer-synthesis-and-decomposition/,hscurriculum.uncommonschools.org,yes,,,12,gated resource (sign-in required),0,,0,,,,,,,
https://hscurriculum.uncommonschools.org/collection/106-levels-of-protein-structure/,hscurriculum.uncommonschools.org,yes,,,12,gated resource (sign-in required),0,,0,,,,,,,
https://hscurriculum.uncommonschools.org/collection/107-enzymes-experimental-design/,hscurriculum.uncommonschools.org,yes,,,11,gated resource (sign-in required),0,,0,,,,,,,
https://hscurriculum.uncommonschools.org/collection/109-enzyme-activity/,hscurriculum.uncommonschools.org,yes,,,10,gated resource (sign-in required),0,,0,,,,,,,
https://hscurriculum.uncommonschools.org/collection/111-toothpickase-lab-inhibitors/,hscurriculum.uncommonschools.org,yes,,,11,gated resource (sign-in required),0,,0,,,,,,,
https://hscurriculum.uncommonschools.org/collection/112-cell-organelle-structure-and-function/,hscurriculum.uncommonschools.org,yes,,,13,gated resource (sign-in required),0,,0,,,,,,,
https://hscurriculum.uncommonschools.org/collection/201-cell-membrane-and-structure/,hscurriculum.uncommonschools.org,yes,,,12,gated resource (sign-in required),0,,0,,,,,,,
https://hscurriculum.uncommonschools.org/collection/204-cell-transport/,hscurriculum.uncommonschools.org,yes,,,10,gated resource (sign-in required),0,,0,,,,,,,
https://hscurriculum.uncommonschools.org/collection/206-osmosis-lab-day-2/,hscurriculum.uncommonschools.org,yes,,,12,gated resource (sign-in required),0,,0,,,,,,,
https://hscurriculum.uncommonschools.org/collection/305-glycolysis-and-krebs-cycle/,hscurriculum.uncommonschools.org,yes,,,12,gated resource (sign-in required),0,,0,,,,,,,
https://hscurriculum.uncommonschools.org/collection/306-oxidative-phosphorylation/,hscurriculum.uncommonschools.org,yes,,,10,gated resource (sign-in required),0,,0,,,,,,,
https://hscurriculum.uncommonschools.org/collection/308-metabolic-rate-and-efficiency/,hscurriculum.uncommonschools.org,yes,,,12,gated resource (sign-in required),0,,0,,,,,,,
https://hscurriculum.uncommonschools.org/collection/310-fermentation-lab/,hscurriculum.uncommonschools.org,yes,,,10,gated resource (sign-in required),0,,0,,,,,,,
https://hscurriculum.uncommonschools.org/collection/311-endosymbiosis/,hscurriculum.uncommonschools.org,yes,,,9,gated resource (sign-in required),0,,0,,,,,,,
https://hscurriculum.uncommonschools.org/collection/312-algae-bead-lab-day-1/,hscurriculum.uncommonschools.org,yes,,,13,gated resource (sign-in required),0,,0,,,,,,,
https://hscurriculum.uncommonschools.org/collection/407-cell-cycle/,hscurriculum.uncommonschools.org,yes,,,10,gated resource (sign-in required),0,,0,,,,,,,
https://hscurriculum.uncommonschools.org/collection/408-chi-square/,hscurriculum.uncommonschools.org,yes,,,9,gated resource (sign-in required),0,,0,,,,,,,
https://hscurriculum.uncommonschools.org/collection/504-punnett-squares-day-2/,hscurriculum.uncommonschools.org,yes,,,12,gated resource (sign-in required),0,,0,,,,,,,
https://hscurriculum.uncommonschools.org/collection/601-dna-structure/,hscurriculum.uncommonschools.org,yes,,,10,gated resource (sign-in required),0,,0,,,,,,,
https://hscurriculum.uncommonschools.org/collection/610-gel-electrophoresis/,hscurriculum.uncommonschools.org,yes,,,10,gated resource (sign-in required),0,,0,,,,,,,
https://hscurriculum.uncommonschools.org/collection/613-bacterial-transformation-lab-execution/,hscurriculum.uncommonschools.org,yes,,,12,gated resource (sign-in required),0,,0,,,,,,,
https://hscurriculum.uncommonschools.org/collection/614-bacterial-transformation-lab-analysis/,hscurriculum.uncommonschools.org,yes,,,12,gated resource (sign-in required),0,,0,,,,,,,
https://hscurriculum.uncommonschools.org/collection/716-salivary-amylase-analysis/,hscurriculum.uncommonschools.org,yes,,,11,gated resource (sign-in required),0,,0,,,,,,,
https://hscurriculum.uncommonschools.org/collection/809-ecology-frq-practice/,hscurriculum.uncommonschools.org,yes,,,11,gated resource (sign-in required),0,,0,,,,,,,
https://hscurriculum.uncommonschools.org/collection/807-invasive-species/,hscurriculum.uncommonschools.org,yes,,,10,gated resource (sign-in required),0,,0,,,,,,,
https://hscurriculum.uncommonschools.org/collection/ap-chemistry-q1-interim-assessment/,hscurriculum.uncommonschools.org,yes,,,13,gated resource (sign-in required),0,,0,,,,,,,
https://hscurriculum.uncommonschools.org/collection/pre-ap-calculus-unit-7-plan/,hscurriculum.uncommonschools.org,yes,,,12,gated resource (sign-in required),0,,0,,,,,,,
https://hscurriculum.uncommonschools.org/collection/7-04-defiition-of-continuity/,hscurriculum.uncommonschools.org,yes,,,11,gated resource (sign-in required),0,,0,,,,,,,
https://hscurriculum.uncommonschools.org/collection/pre-ap-calculus-unit-10-assessments/,hscurriculum.uncommonschools.org,yes,,,12,gated resource (sign-in required),0,,0,,,,,,,
https://hscurriculum.uncommonschools.org/collection/458-the-acbs-of-classes/,hscurriculum.uncommonschools.org,yes,,,12,gated resource (sign-in required),0,,0,,,,,,,
https://hscurriculum.uncommonschools.org/collection/1163-review/,hscurriculum.uncommonschools.org,yes,,,9,gated resource (sign-in required),0,,0,,,,,,,
https://hscurriculum.uncommonschools.org/collection/1-01-ny-times/,hscurriculum.uncommonschools.org,yes,,,10,gated resource (sign-in required),0,,0,,,,,,,
https://hscurriculum.uncommonschools.org/collection/1-04-public-speaking/,hscurriculum.uncommonschools.org,yes,,,10,gated resource (sign-in required),0,,0,,,,,,,
https://hscurriculum.uncommonschools.org/collection/6-11-parametric-equations/,hscurriculum.uncommonschools.org,yes,,,10,gated resource (sign-in required),0,,0,,,,,,,
https://hscurriculum.uncommonschools.org/collection/1-03-greening/,hscurriculum.uncommonschools.org,yes,,,9,gated resource (sign-in required),0,,0,,,,,,,
https://hscurriculum.uncommonschools.org/collection/611-bacterial-transformation-lab-overview/,hscurriculum.uncommonschools.org,yes,,,12,gated resource (sign-in required),0,,0,,,,,,,
https://hscurriculum.uncommonschools.org/collection/2-31-execute-method/,hscurriculum.uncommonschools.org,yes,,,10,gated resource (sign-in required),0,,0,,,,,,,
https://hscurriculum.uncommonschools.org/collection/2-42-draft-results-section/,hscurriculum.uncommonschools.org,yes,,,11,gated resource (sign-in required),0,,0,,,,,,,
https://hscurriculum.uncommonschools.org/collection/1-20-plagiarism/,hscurriculum.uncommonschools.org,yes,,,9,gated resource (sign-in required),0,,0,,,,,,,
https://hscurriculum.uncommonschools.org/collection/ap-comp-sci-a-q1-interim-assessments/,hscurriculum.uncommonschools.org,yes,,,15,gated resource (sign-in required),0,,0,,,,,,,
https://hscurriculum.uncommonschools.org/collection/ap-comp-sci-a-quarter-2-interim-assessments/,hscurriculum.uncommonschools.org,yes,,,15,gated resource (sign-in required),0,,0,,,,,,,
https://hscurriculum.uncommonschools.org/collection/ap-comp-sci-a-q3-interim-assessments/,hscurriculum.uncommonschools.org,yes,,,15,gated resource (sign-in required),0,,0,,,,,,,
https://hscurriculum.uncommonschools.org/collection/107-mathematical-operators/,hscurriculum.uncommonschools.org,yes,,,10,gated resource (sign-in required),0,,0,,,,,,,
https://hscurriculum.uncommonschools.org/collection/108-mathematical-operators/,hscurriculum.uncommonschools.org,yes,,,10,gated resource (sign-in required),0,,0,,,,,,,
https://hscurriculum.uncommonschools.org/collection/109-mathematical-operators/,hscurriculum.uncommonschools.org,yes,,,10,gated resource (sign-in required),0,,0,,,,,,,
https://hscurriculum.uncommonschools.org/collection/110-mathematical-operators/,hscurriculum.uncommonschools.org,yes,,,10,gated resource (sign-in required),0,,0,,,,,,,
https://hscurriculum.uncommonschools.org/collection/113-iteration/,hscurriculum.uncommonschools.org,yes,,,9,gated resource (sign-in required),0,,0,,,,,,,
https://hscurriculum.uncommonschools.org/collection/1-16-evidence-types/,hscurriculum.uncommonschools.org,yes,,,10,gated resource (sign-in required),0,,0,,,,,,,
https://hscurriculum.uncommonschools.org/collection/2-10-graphs-of-polynomials/,hscurriculum.uncommonschools.org,yes,,,11,gated resource (sign-in required),0,,0,,,,,,,
https://hscurriculum.uncommonschools.org/collection/2-11-polynomial-identities/,hscurriculum.uncommonschools.org,yes,,,10,gated resource (sign-in required),0,,0,,,,,,,
https://hscurriculum.uncommonschools.org/collection/2-12-complex-systems-of-equations/,hscurriculum.uncommonschools.org,yes,,,12,gated resource (sign-in required),0,,0,,,,,,,
https://hscurriculum.uncommonschools.org/collection/2-13-polynomial-division/,hscurriculum.uncommonschools.org,yes,,,10,gated resource (sign-in required),0,,0,,,,,,,
https://hscurriculum.uncommonschools.org/collection/2-15-unit-2-test/,hscurriculum.uncommonschools.org,yes,,,11,gated resource (sign-in required),0,,0,,,,,,,
https://hscurriculum.uncommonschools.org/collection/4-05-reaction-mechanisms-day-1/,hscurriculum.uncommonschools.org,yes,,,12,gated resource (sign-in required),0,,0,,,,,,,
https://hscurriculum.uncommonschools.org/collection/5-05-le-chateliers-principle/,hscurriculum.uncommonschools.org,yes,,,11,gated resource (sign-in required),0,,0,,,,,,,
https://hscurriculum.uncommonschools.org/collection/5-09-ksp-practice/,hscurriculum.uncommonschools.org,yes,,,10,gated resource (sign-in required),0,,0,,,,,,,
https://hscurriculum.uncommonschools.org/collection/1-39-drafting-a-research-proposal/,hscurriculum.uncommonschools.org,yes,,,12,gated resource (sign-in required),0,,0,,,,,,,
https://hscurriculum.uncommonschools.org/,hscurriculum.uncommonschools.org,yes,,,261,ok,2,yes,0,,,,,45,2.6,
https://hscurriculum.uncommonschools.org/my-account/,hscurriculum.uncommonschools.org,yes,,,45,very thin,0,,0,,,,,,,Almost no content and nothing links to it: likely remove
https://hscurriculum.uncommonschools.org/registration/,hscurriculum.uncommonschools.org,yes,,,53,very thin,0,,0,,,,,,,Almost no content and nothing links to it: likely remove
https://hscurriculum.uncommonschools.org/login/,hscurriculum.uncommonschools.org,yes,,,54,very thin,1,yes,0,,,,,,,
https://hscurriculum.uncommonschools.org/sign-up/,hscurriculum.uncommonschools.org,yes,,,54,very thin,3,yes,0,,,,,,,
https://hscurriculum.uncommonschools.org/sample-page/,hscurriculum.uncommonschools.org,yes,,,7,very thin,0,,0,,,,,,,Almost no content and nothing links to it: likely remove
https://hscurriculum.uncommonschools.org/how-it-works/,hscurriculum.uncommonschools.org,yes,,,172,thin,0,yes,0,,,,,,,
https://hscurriculum.uncommonschools.org/resources/,hscurriculum.uncommonschools.org,yes,,,8,very thin,1,yes,0,,,,,,,
https://hscurriculum.uncommonschools.org/about/,hscurriculum.uncommonschools.org,yes,,,294,ok,1,yes,0,,,,,46,2.5,
https://hscurriculum.uncommonschools.org/contact-us/,hscurriculum.uncommonschools.org,yes,,,61,very thin,1,yes,0,,,,,,,
https://hscurriculum.uncommonschools.org/privacy-policy/,hscurriculum.uncommonschools.org,yes,,,811,ok,0,yes,0,,,yes,,,,
https://hscurriculum.uncommonschools.org/category/uncategorized/,hscurriculum.uncommonschools.org,yes,,,,,0,,0,,,,,,,
https://hscurriculum.uncommonschools.org/subject/course-resources/,hscurriculum.uncommonschools.org,yes,,,,gated resource (sign-in required),0,,0,,,,,,,
https://hscurriculum.uncommonschools.org/subject/unit-resources/,hscurriculum.uncommonschools.org,yes,,,,gated resource (sign-in required),0,,0,,,,,,,
https://hscurriculum.uncommonschools.org/subject/assessments/,hscurriculum.uncommonschools.org,yes,,,,gated resource (sign-in required),0,,0,,,,,,,
https://hscurriculum.uncommonschools.org/subject/lesson-materials/,hscurriculum.uncommonschools.org,yes,,,,gated resource (sign-in required),0,,0,,,,,,,
